cbsa_code,bls_msa_name,annual_rent,median_household_income,population,log_population,mean_occ_wage,median_occ_wage,std_occ_wage,mean_affordability_ratio,median_affordability_ratio,std_affordability_ratio,mean_loc_quotient,share_high_lq,mean_jobs_1000,emp_share_soc_35,emp_share_soc_41,emp_share_soc_29,emp_share_soc_25,emp_share_soc_11,emp_share_soc_43,emp_share_soc_53,emp_share_soc_13,metro_cluster
34740,"Muskegon-Norton Shores, MI",11724,60829,177428,12.086320171803145,60821.596638655465,51325.0,31709.405371295932,0.2289683699780654,0.22845536604117428,0.08340026739778496,1.8103781512605042,0.36134453781512604,3.6757605042016808,0.12479414455626715,0.11399817017383349,0.06020128087831656,0.04958828911253431,0.05434583714547118,0.09826166514181153,0.09204025617566332,0.036596523330283626,2
13020,"Bay City, MI",11712,64694,102651,11.539090164240836,59355.74585635359,51380.0,30010.263987167742,0.23756259341739705,0.22794861813935383,0.09250244389114434,1.3288333333333333,0.45,4.677894444444444,0.13038831492696829,0.10936943355895974,0.059850374064837904,0.034912718204488775,0.055575347345920914,0.12076950480940506,0.09868186676166726,0.03954399714998219,2
47300,"Visalia, CA",16608,69880,483546,13.088901728957033,69682.72471910113,57800.0,33739.05100884621,0.28102812130995497,0.28734059422726843,0.0995703760416491,1.5866005665722378,0.24362606232294617,2.70128328611898,0.08159743621348453,0.07685196598052509,0.04671514852705534,0.07981018119068162,0.043202267964994455,0.0921360778996672,0.11173425366695428,0.03420436336743498,4
23540,"Gainesville, FL",16524,61949,360881,12.79630354308265,62085.66197183099,53960.0,30423.06334655074,0.31221355484200064,0.3062268346923647,0.1107693634976559,1.2526478873239437,0.23380281690140844,2.553070422535211,0.1048951048951049,0.08784965034965035,0.11115967365967366,0.04742132867132867,0.06592365967365968,0.1502039627039627,0.06847319347319347,0.05842074592074592,4
30980,"Longview, TX",13092,65711,295490,12.596390274308126,59294.489795918365,48820.0,33220.97461900525,0.2718848956213962,0.2681687832855387,0.11041961855542987,1.4910355029585798,0.3224852071005917,2.7647100591715974,0.09271221908834501,0.09889909926303339,0.05768355927577109,0.06523519243017013,0.07242289145664635,0.12291875170594123,0.09780729687926486,0.03912291875170594,4
31540,"Madison, WI",17244,89714,707606,13.469642720598692,74661.59633027524,65250.0,39698.541171688914,0.2794289577609335,0.26427586206896553,0.11229344361927263,1.3309328358208956,0.3302238805970149,1.83267723880597,0.08241468498104111,0.08377068528237451,0.07086357130301585,0.06358134746252166,0.05978956884212641,0.11930291540064787,0.07154157145368255,0.08216357381412752,1
39460,"Punta Gorda, FL",22116,72868,212122,12.264916859831924,62440.04651162791,52970.0,34865.00085439933,0.4241248507220265,0.41751935057579764,0.15363019862115213,1.3870422535211266,0.4507042253521127,4.116408450704225,0.15068214212991243,0.1301160659743433,0.07758094074526573,0.016289961311341885,0.0570148645896966,0.13459580533496232,0.09000203624516392,0.04337202199144777,3
30300,"Lewiston, ID-WA",14052,77382,65370,11.087818716606776,61076.60130718954,53010.0,27438.923447392055,0.2672249460946144,0.2650820599886814,0.09276606640263636,1.3172549019607842,0.32679738562091504,5.200424836601307,0.10770617395223074,0.09598918431726003,0.06489409643983776,0.047769265434880574,0.05903560162235241,0.15457413249211358,0.09914375844975214,0.04100946372239748,2
34980,"Nashville-Davidson--Murfreesboro--Franklin, TN",19524,88800,2151715,14.581775756549293,68972.4071082391,58210.0,36945.01228677012,0.34031528364723757,0.3354062875794537,0.12962033857238392,1.0785,0.24666666666666667,1.642895,0.09584300953896542,0.08084527631542426,0.06619912474672243,0.04262464957486376,0.07819916175531767,0.1357752838096648,0.10985076283966952,0.06644893276463458,1
28420,"Kennewick-Richland, WA",16320,89573,319428,12.674287175291449,81240.888252149,72040.0,39115.22721486877,0.24145408550708364,0.22654081066074402,0.09667964652514106,1.5260171919770775,0.3151862464183381,2.6767249283667622,0.09006734006734007,0.08627946127946128,0.05260942760942761,0.06565656565656566,0.04158249158249158,0.10505050505050505,0.09915824915824915,0.05707070707070707,4
33700,"Modesto, CA",21036,78673,556972,13.230270248346057,75433.4236453202,64775.0,34882.005780374166,0.32831275694220685,0.32475678042534484,0.12055076546539989,1.3598275862068967,0.3374384236453202,2.369709359605911,0.10359012715033658,0.08852441500160274,0.06640666737899348,0.07351212736403462,0.05075328560743669,0.10487231541831392,0.10962709691206325,0.043327278555401215,3
21660,"Eugene-Springfield, OR",17640,73476,382396,12.854211999853629,72583.70454545454,60940.0,43280.63853644116,0.2942973270385199,0.289465242451755,0.10969817208897203,1.6837875288683604,0.3464203233256351,2.2103810623556583,0.10658182541260688,0.09160204149267581,0.061112215814940016,0.05746669317955856,0.06462517399085305,0.1228872539272221,0.08411214953271028,0.055875919665937565,4
19100,"Dallas-Fort Worth-Arlington, TX",20616,92733,8344032,15.937057110746474,74081.11267605633,59860.0,49922.00289683191,0.3538874948262876,0.3444052327823932,0.1479984178316491,0.9466761363636365,0.19602272727272727,1.4058238636363638,0.08911695606860857,0.08893526497879009,0.05331876439964974,0.053523166875695534,0.09027776025356,0.12859691579375032,0.10226684869422147,0.07169227585754409,1
47900,"Washington-Arlington-Alexandria, DC-VA-MD-WV",24444,126244,6437907,15.677714045256591,86640.7012622721,73210.0,49543.80912142655,0.3507483574418728,0.333888813003688,0.14755652788301823,1.2255523672883788,0.2611190817790531,1.4275724533715926,0.08028486723382315,0.0704111884506316,0.04918149007476154,0.06115944831142047,0.10145978344934262,0.09220804331013148,0.0552913121938644,0.1228538283062645,1
48140,"Wausau, WI",12276,78721,139091,11.842883674164804,65589.09433962264,56440.0,36097.71764078222,0.2264673980556091,0.2175053153791637,0.09047266672300545,1.3746969696969698,0.29545454545454547,3.4900454545454545,0.08095533498759305,0.09305210918114144,0.057692307692307696,0.038616625310173694,0.04838709677419355,0.12329404466501241,0.09879032258064516,0.057847394540942926,4
25860,"Hickory-Lenoir-Morganton, NC",11208,64059,373031,12.829416805092086,59801.63157894737,50175.0,33498.68071235236,0.22517616157827963,0.22337915462505237,0.08337702282416178,2.385361930294906,0.2707774798927614,2.5828230563002683,0.08755020080321285,0.08922356091030789,0.05943775100401606,0.05073627844712182,0.04571619812583668,0.10883534136546184,0.1178714859437751,0.03848728246318608,4
14020,"Bloomington, IN",13836,67243,162553,11.998759381421479,66058.73605947956,56340.0,38133.32416442777,0.2586794045540567,0.245580404685836,0.10649201513189525,1.504307116104869,0.27340823970037453,3.1961872659176027,0.13277742142398974,0.08835792174470815,0.06366260423348301,0.06270044900577293,0.04794740218088518,0.11642078255291853,0.06799230275817832,0.05436177036561898,4
19500,"Decatur, IL",10752,61411,100737,11.520268439225488,66291.6129032258,57070.0,35168.56771639013,0.19559915998582741,0.1884002334060847,0.07595523800740217,1.2366489361702129,0.26063829787234044,4.1880904255319145,0.10112359550561797,0.09550561797752809,0.04719101123595506,0.05702247191011236,0.05926966292134832,0.11376404494382023,0.1196629213483146,0.058146067415730335,4
38540,"Pocatello, ID",12912,69612,91010,11.418724669571402,61591.15606936416,51900.0,36453.03178835349,0.2583884315395674,0.24878612716763004,0.10427383709108605,1.2054335260115607,0.3468208092485549,4.339121387283237,0.12096488116353317,0.10819439517559418,0.0656261085491309,0.004966300106420717,0.06420716566158212,0.13479957431713374,0.08868393047179851,0.05143667967364313,2
14500,"Boulder, CO",23592,102697,330262,12.70764155783344,83277.1568627451,71135.0,43055.184927542294,0.3422471439783758,0.3316511007100922,0.13355607799563224,1.5774447174447175,0.4226044226044226,2.31472972972973,0.095623370981755,0.10957862728062555,0.05082536924413553,0.059024761077324066,0.06852736750651607,0.10045612510860122,0.03855343179843614,0.10431146828844483,1
22540,"Fond du Lac, WI",11412,74782,104269,11.554729377251412,65556.46766169154,56710.0,36394.59970875074,0.2140043548247037,0.2012343502027861,0.09063495199119864,1.3917326732673267,0.3613861386138614,4.115762376237623,0.10608508346795907,0.10554658050619278,0.04577275175013463,0.043887991383952614,0.048465266558966075,0.11039310716208939,0.10420032310177706,0.05358104469574582,2
39340,"Provo-Orem-Lehi, UT",19332,101014,760154,13.541276323314456,64447.52232142857,54490.0,36184.93212770681,0.3606089347034747,0.3547816615653223,0.13282922383048973,1.1973529411764707,0.3235294117647059,2.199952488687783,0.08387296775971342,0.08869523284651419,0.042918159272526867,0.06324056213833013,0.07987737668779278,0.13047671534858088,0.0637227886470102,0.06802838247451089,1
21340,"El Paso, TX",12972,59834,877840,13.68521962366468,59224.14376321353,49920.0,32706.380735931252,0.2721748036494285,0.25985576923076925,0.11545914487168435,1.1097033898305084,0.2627118644067797,2.0651864406779663,0.1115569823434992,0.09408568959130757,0.059791332263242375,0.07395974811705149,0.06290900111124831,0.13909124583281887,0.09791332263242375,0.049234473391776765,4
17820,"Colorado Springs, CO",21132,90760,777635,13.5640125414035,73932.49471458774,61570.0,40424.12786016218,0.3440622376107253,0.34321910021114177,0.12772671144628392,1.2127837259100642,0.34475374732334046,2.0822633832976445,0.10521562429442312,0.10002257846014902,0.05896203593200658,0.05702673934780505,0.04983388704318937,0.11308583040350934,0.07273489662290746,0.0883462890687998,1
13780,"Binghamton, NY",11772,65599,243971,12.40480464475281,70412.86567164179,58040.0,38284.42243712419,0.20408971967099548,0.20282563749138524,0.07938740086506417,1.277462686567164,0.33432835820895523,2.780973134328358,0.09590721534515445,0.0821902531504405,0.07226497156239545,0.08040593286494926,0.048734247797479646,0.13427010148321625,0.0932307349169176,0.04996096799375488,4
24300,"Grand Junction, CO",15108,75231,161260,11.990773248239012,63222.96428571428,56790.0,27281.409167482438,0.27354055660447435,0.2660392194704061,0.08979310352672627,1.4437455830388692,0.42402826855123676,3.1869434628975264,0.12023217247097844,0.1208955223880597,0.07877280265339967,0.051907131011608626,0.040132669983416254,0.1275290215588723,0.07545605306799337,0.05638474295190713,2
11640,"Arecibo, PR",6444,23466,180071,12.101106496544032,36892.903225806454,26940.0,20254.711043078973,0.21138592769007108,0.23919821826280624,0.07435892360347929,1.8935714285714287,0.45454545454545453,5.671922077922078,0.10809040288241074,0.16410088437602358,0.07009498853586636,0.09073042908614477,0.030461840812315753,0.16115296429741238,0.08254176220111366,0.028824107435309533,2
24140,"Goldsboro, NC",13044,59562,120338,11.698059729058373,58000.25906735751,47080.0,34678.60228877986,0.27675956268241764,0.2770603228547154,0.11042098627059717,1.205979381443299,0.27835051546391754,4.464257731958763,0.12020316027088036,0.12612866817155757,0.0626410835214447,0.06010158013544018,0.045146726862302484,0.11117381489841986,0.12133182844243792,0.04599322799097066,2
29700,"Laredo, TX",12672,60580,272823,12.516578512247923,55103.346613545815,46720.0,32442.819161647745,0.2844327968873897,0.27123287671232876,0.11549669458972955,1.2101600000000001,0.26,3.729784,0.10057616496512686,0.09147882341049227,0.040331547558880014,0.08217931871019914,0.06701708278580815,0.16132619023552006,0.14464773071868997,0.04326291317092894,2
13900,"Bismarck, ND",11220,86769,138774,11.840601989623554,70432.67605633802,61195.0,42112.24784139542,0.1914289995009592,0.1833487546394098,0.07219103927952787,1.4959027777777778,0.4201388888888889,3.1827812499999997,0.10252022401991288,0.08851897946484132,0.08478531425015556,0.04838207840696951,0.06565028002489111,0.12165525824517735,0.07529558182949596,0.058182949595519604,4
29200,"Lafayette-West Lafayette, IN",13512,67515,231353,12.351699961616534,64657.78145695364,53930.0,36021.32972828655,0.25319276887699715,0.25054921070012154,0.09967081160278232,1.5507843137254902,0.26143790849673204,2.949705882352941,0.10953104646113765,0.08043855840208423,0.057750759878419454,0.06241858445505862,0.04602692140686062,0.11050803300043421,0.09237950499348675,0.03864524533217542,4
26580,"Huntington-Ashland, WV-KY-OH",10968,61741,366760,12.812462962163837,58742.65957446808,52380.0,30825.32731550145,0.22449553828737645,0.20939382151302482,0.08820745790296176,1.2166404199475067,0.3569553805774278,2.490443569553806,0.09963904346518274,0.0894119416453602,0.10949014889457061,0.06970973078658445,0.05685065423371936,0.12588359151752143,0.07895924199127688,0.03790043615581291,4
41140,"St. Joseph, MO-KS",10584,66180,119186,11.688440577051205,61459.23423423423,53130.0,30634.902607679196,0.2046100531722862,0.19920959908074098,0.07601325158869467,1.2654260089686098,0.33183856502242154,3.875596412556054,0.09114359415305245,0.088134135855546,0.06233877901977644,0.040842648323301804,0.06534823731728288,0.12016337059329321,0.11564918314703354,0.04578675838349097,2
21420,"Enid, OK",11280,67004,62007,11.035002560879946,52001.39705882353,46780.0,22324.665222417745,0.25354825007570087,0.24116082214298876,0.09635704960212081,1.6392753623188405,0.4492753623188406,5.690572463768116,0.11710239651416122,0.11546840958605664,0.07407407407407407,0.06535947712418301,0.04302832244008715,0.12091503267973856,0.12200435729847495,0.04411764705882353,2
38300,"Pittsburgh, PA",12996,77214,2429917,14.703367658354788,69051.02603369066,59360.0,40205.73655794031,0.2287591021235809,0.21893530997304583,0.09063853951229218,1.051177394034537,0.24960753532182103,1.5505824175824177,0.09047010497489731,0.08241898676403468,0.0759926973984482,0.05915107256960292,0.07345504335919671,0.12173436786855317,0.0814148790506618,0.060073026015518026,4
34620,"Muncie, IN",11328,54232,112951,11.634709375331946,61741.11111111111,52020.0,38016.947641581384,0.2275606710485653,0.21776239907727796,0.09132576578965323,1.27,0.375609756097561,4.1147024390243905,0.13993083266826284,0.11465815376429901,0.0779462623038042,0.05613194998669859,0.05320563979781857,0.1263633945198191,0.08991753125831338,0.03990422984836393,2
39740,"Reading, PA",14340,78074,439117,12.992521171354925,66915.14705882352,57995.0,35127.24006484021,0.2570872985810574,0.24726269689780045,0.10181607871969424,1.1853694581280787,0.2684729064039409,2.3428078817733993,0.08558116723884257,0.08484551250613045,0.060017165277096614,0.0579941147621383,0.06338891613536048,0.1148234428641491,0.12444825895046592,0.04591711623344777,4
47380,"Waco, TX",14856,67792,305814,12.630732352985728,62446.58045977011,53140.0,34298.29466319436,0.29042492992999275,0.27956440739620125,0.11627130510009656,1.1814814814814814,0.2621082621082621,2.620866096866097,0.10597189695550352,0.08389093342254934,0.05729340916694547,0.060388089662094344,0.0744396119103379,0.13792238206758112,0.0898293743726999,0.059718969555035126,4
15380,"Buffalo-Cheektowaga, NY",13368,72300,1160172,13.964078827952838,75915.38994800694,64100.0,42753.826151416215,0.2139773713865125,0.2085491419656786,0.08284299966036558,1.1166262975778547,0.28027681660899656,1.6976314878892733,0.08902298850574712,0.08613026819923372,0.07406130268199233,0.07099616858237548,0.057777777777777775,0.1303831417624521,0.07572796934865901,0.064272030651341,4
30620,"Lima, OH",10668,67668,100866,11.521548182261114,61325.77272727273,55885.0,28447.282828302024,0.20618099824074368,0.19089410230031134,0.07995043812078008,1.319909090909091,0.34545454545454546,3.984236363636364,0.11016559337626496,0.09383624655013799,0.0890064397424103,0.050827966881324745,0.062557497700092,0.10533578656853726,0.10924563017479301,0.041168353265869366,2
34900,"Napa, CA",31704,122754,132727,11.796049666089518,81540.33582089552,69485.0,41990.70579658127,0.4681655810019441,0.45627115891855397,0.17881605489070582,2.1528731343283583,0.30970149253731344,3.4520485074626865,0.1403750689464975,0.10865968008825151,0.04164368450082736,0.03612796469939327,0.06839492553778267,0.09942084942084942,0.06867071152785438,0.04936569222283508,3
39300,"Providence-Warwick, RI-MA",16752,82870,1700901,14.34666866862605,77005.3244592346,64860.0,44080.089639233745,0.265438526180907,0.25827937095282144,0.10416455668987169,1.1412477718360072,0.30124777183600715,1.7369251336898395,0.10357251819674275,0.0900030509508797,0.0677746945417036,0.06924205663145966,0.059057692028301204,0.11244933242289085,0.07987679969781059,0.06348883497261408,1
30860,"Logan, UT-ID",15732,81144,160053,11.983260289364795,60841.9140625,53990.0,31295.564589709265,0.3096755426198077,0.29139213228493044,0.11916772382745694,1.2913333333333334,0.34901960784313724,3.457070588235294,0.08554421768707483,0.08673469387755102,0.03945578231292517,0.06054421768707483,0.06428571428571428,0.1391156462585034,0.08741496598639456,0.05510204081632653,4
17140,"Cincinnati, OH-KY-IN",14436,81489,2304804,14.650506198259453,71537.89308176101,60725.0,44904.92324825707,0.24608281497912926,0.23772747436532912,0.09341375266827312,1.0240829346092504,0.215311004784689,1.5804896331738436,0.09814392224614049,0.08372213342695331,0.07068616672363935,0.05373294283945713,0.07102800284555474,0.1205757628950748,0.10001940150962223,0.0657803564334482,4
36540,"Omaha, NE-IA",14760,84524,1001186,13.816695855221854,72507.79359430604,60100.0,50964.223949279665,0.2539536896829052,0.24559068899561987,0.0975616083351743,1.1452833638025595,0.28884826325411334,1.7957915904936015,0.09768935861568749,0.08962801782198736,0.07070769868407419,0.05236763029737851,0.07742202880530515,0.1178945187027251,0.0905191171899285,0.06397264532172832,4
37460,"Panama City-Panama City Beach, FL",18516,77625,226221,12.329267676551245,62348.82154882155,52050.0,33017.18740003854,0.3562744303561499,0.3557348703170029,0.13309646564702637,1.3064309764309765,0.3771043771043771,3.155326599326599,0.1319747695293547,0.11972343522561864,0.055312954876273655,0.05021834061135371,0.06344007763221737,0.11656962639495391,0.07290150412421155,0.05931586608442504,3
22520,"Florence-Muscle Shoals, AL",10524,66882,156287,11.959449339565953,54876.192660550456,46515.0,31440.78109481555,0.24075555838032633,0.22624972500097057,0.10410937288574788,1.399041095890411,0.4383561643835616,3.9965890410958904,0.11995884773662552,0.12510288065843622,0.07325102880658436,0.046296296296296294,0.044444444444444446,0.11275720164609053,0.10617283950617284,0.03559670781893004,2
22380,"Flagstaff, AZ",19644,75164,145161,11.885598750253402,65664.34959349594,57400.0,27521.146559374905,0.3424043229913214,0.34223080651383797,0.11440761388477624,1.6551405622489959,0.3493975903614458,3.5307710843373497,0.17188310565450457,0.09631679059311776,0.05360539512363825,0.07193498184333391,0.08300190212692374,0.11637558360712433,0.0584471727477088,0.04167387169289296,3
21060,"Elizabethtown, KY",12612,69080,127744,11.757783540231081,59896.0,54320.0,25664.611782451047,0.24800558240323506,0.232179675994109,0.09799619534342162,1.2750925925925927,0.3425925925925926,4.153814814814815,0.10770901194353963,0.09641693811074918,0.04495114006514658,0.060152008686210644,0.06210640608034745,0.14397394136807817,0.08490770901194354,0.07166123778501629,2
34580,"Mount Vernon-Anacortes, WA",19788,91204,132736,11.796117472149145,76050.31007751937,65575.0,35611.6858894368,0.30443588647813213,0.30176134372923147,0.10767402268012474,1.6124710424710424,0.4555984555984556,3.499930501930502,0.10243277848911651,0.09965855740503628,0.05953905249679898,0.06316688006828852,0.045454545454545456,0.11459667093469911,0.09240290226205719,0.04972257789159198,3
19430,"Dayton-Kettering-Beavercreek, OH",13428,72711,821740,13.61917932230122,69299.04471544715,59020.0,36364.5288734141,0.23384001562858492,0.2275201785066962,0.09248358369154547,1.1833677685950412,0.2871900826446281,2.016909090909091,0.09576220014272382,0.07885491573804689,0.08420705934017676,0.05884613273316133,0.06579019597079651,0.10767415051874622,0.09172750727342592,0.07114233957292639,4
26380,"Houma-Bayou Cane-Thibodaux, LA",11760,62338,199206,12.20209474416095,57499.29889298893,50000.0,33563.19789904311,0.2554653680886733,0.2352,0.11010905204326858,3.4455311355311355,0.4065934065934066,3.398029304029304,0.08916948711273107,0.09073158031762561,0.06248372819578235,0.039703202291070036,0.06092163499088779,0.12067170007810465,0.14514449362145274,0.03827128351991669,2
49700,"Yuba City, CA",17832,81094,186014,12.133577218679987,73642.11453744494,61020.0,43158.25688210622,0.2945055320962395,0.2922320550639135,0.11173631775840466,1.4256194690265487,0.3672566371681416,3.934504424778761,0.10506525105065251,0.09776598097765982,0.05706702057067021,0.0878124308781243,0.05662464056624641,0.11103738111037381,0.1041804910418049,0.039150630391506305,4
44940,"Sumter, SC",13320,56824,104776,11.559580017009239,57911.387283236996,48870.0,30738.403435095228,0.2864094667960008,0.27255985267034993,0.12379829007853489,1.2201724137931034,0.3563218390804598,4.723890804597701,0.10524499654934437,0.1069703243616287,0.056935817805383024,0.05624568668046929,0.046583850931677016,0.15424430641821946,0.08661145617667357,0.048654244306418216,2
27260,"Jacksonville, FL",19500,82053,1760548,14.3811356821871,66973.470790378,57470.0,34961.6523482634,0.3475674287198546,0.33930772159753986,0.13010665175563804,1.0364818024263431,0.21837088388214904,1.7142235701906412,0.09758184175700785,0.09790265877100349,0.06666310203317782,0.04375142028365571,0.06901576013581254,0.13819192877862288,0.10343675226242832,0.07627424507746394,1
33260,"Midland, TX",18696,89627,188071,12.144574830091127,72746.43598615917,58750.0,42130.86618522802,0.32383567435790683,0.31822978723404255,0.14153655396272943,3.6556643356643357,0.2867132867132867,3.2614930069930073,0.08409029588991816,0.0810324669484666,0.024552567676949365,0.03552477740804029,0.09200467667955751,0.09874988757981833,0.1199748178793057,0.044068711215037325,3
37340,"Palm Bay-Melbourne-Titusville, FL",20172,78196,658447,13.397639310973382,67236.95348837209,55745.0,37140.077973297746,0.36435002407600126,0.36186417268128057,0.1410757862633721,1.3504872389791183,0.31786542923433875,2.2524222737819026,0.11151262647734037,0.09046849757673667,0.06530056967944903,0.0400476149987246,0.0688291811920755,0.1210781396139784,0.057435592211546635,0.0703171499022192,3
12020,"Athens-Clarke County, GA",14856,64951,221801,12.309535862454515,63370.13422818792,53735.0,38512.66490689889,0.2924679979011597,0.27646787303676257,0.1219999574040901,1.268561872909699,0.3210702341137124,2.8948160535117053,0.12825797066311068,0.09431446235907383,0.08158564674506001,0.07697902776094072,0.05430961328645897,0.11952963995635835,0.08316159534489029,0.054673293732573645,4
25540,"Hartford-West Hartford-East Hartford, CT",17496,94419,1169048,13.971700300346908,79417.57417102967,69220.0,42420.28454799706,0.26630534013038387,0.2527593181161514,0.10501019685743117,1.1233333333333335,0.2864864864864865,1.7770234234234235,0.07619520208069538,0.07585298244413265,0.06770815509393929,0.07491187844358509,0.09378529140002054,0.11777488792306902,0.08079805619246433,0.06611683378392252,1
10740,"Albuquerque, NM",14640,76097,929919,13.742852764562102,71414.7250509165,59110.0,46966.183301976555,0.2583103317948423,0.2476738284554221,0.1046947727739102,1.1392515592515593,0.2910602910602911,1.9925176715176713,0.09820848175979614,0.0855716477287501,0.06638238123716166,0.05171741334928105,0.05579968277906342,0.1435814763774409,0.0692685717257339,0.06315816843911698,4
27740,"Johnson City, TN",11916,57462,215679,12.281546470196814,57864.49826989619,48520.0,33872.73181993606,0.25183500835652267,0.24558944765045343,0.09832597956952663,1.3920486111111112,0.3541666666666667,3.1320972222222223,0.1263699093492085,0.09430388310106887,0.09836287376539034,0.027330537139764577,0.06047896089838994,0.1762954945203626,0.07373833040184008,0.04491949668515762,2
42020,"San Luis Obispo-Paso Robles, CA",25320,100724,281843,12.549105457295681,78323.09973045823,66640.0,40118.50495501001,0.3888948895278323,0.3799519807923169,0.15043579239199498,1.4436021505376344,0.3521505376344086,2.522744623655914,0.13426659623173093,0.09711216763514703,0.04551857721429829,0.05141750308152844,0.06541644655749251,0.1109350237717908,0.05256207078711041,0.05053706638492692,3
20740,"Eau Claire, WI",13620,74869,176153,12.079108214563899,66459.41368078176,59030.0,37891.04440445437,0.2481716661303719,0.23073013721836355,0.09892340656621693,1.1863106796116505,0.31715210355987056,3.018226537216828,0.09701774254435636,0.104693595067321,0.072480181200453,0.04693595067321002,0.0464326160815402,0.12256197307159934,0.1049452623631559,0.054485969548257206,4
33100,"Miami-Fort Lauderdale-West Palm Beach, FL",24996,80625,6457988,15.68082837213821,71629.41520467836,59355.0,44769.6931543355,0.43084259550354925,0.42112735856286687,0.1693682104931448,0.9779268292682927,0.21951219512195122,1.4982271341463413,0.10007387144905064,0.11190427430443814,0.0641291945817852,0.04402665223369708,0.07078128199877125,0.13796773061057313,0.08558848483075393,0.0715821655305579,1
34060,"Morgantown, WV",11676,67242,142752,11.868864137927991,64731.65354330709,55665.0,36456.91794474254,0.22485551268444687,0.2097573571570896,0.09634347565892797,1.4293103448275863,0.3486590038314176,3.409551724137931,0.10478589420654912,0.08413098236775819,0.1455919395465995,0.060453400503778336,0.07388748950461797,0.12241813602015113,0.06414777497900924,0.055415617128463476,4
19660,"Deltona-Daytona Beach-Ormond Beach, FL",19368,73701,739516,13.513751197139635,62140.81885856079,51910.0,35027.46155887051,0.37204677713544987,0.37310730109805434,0.13484275012641983,1.1108396946564885,0.3053435114503817,2.4401730279898217,0.13792113323124042,0.11188744257274119,0.08039816232771822,0.04948315467075038,0.06546707503828483,0.12313361408882083,0.07546898928024502,0.04843032159264931,3
29940,"Lawrence, KS",13200,72449,121989,11.711686155715956,64792.93023255814,55680.0,35899.28018789693,0.25177252595801114,0.23706896551724138,0.10638921543806741,1.5631944444444443,0.3055555555555556,3.9698425925925926,0.1690975387420237,0.09571558796718323,0.045806745670009114,0.06494986326344576,0.05879671832269827,0.1276207839562443,0.06608933454876938,0.059708295350957154,2
45820,"Topeka, KS",11880,74389,232648,12.357281860631502,63588.52307692308,56250.0,31148.039496549914,0.22277299624426078,0.2112,0.08674043341162437,1.2800920245398772,0.3374233128834356,2.8572239263803683,0.08413622054755318,0.07555089192025184,0.07917580845177907,0.05704473910140227,0.05952494514928933,0.13087856529619385,0.08861966994181054,0.07898502337117237,4
42700,"Sebring, FL",14196,57580,109778,11.606215423683235,56819.65277777778,46650.0,34512.942001702206,0.30258279229700125,0.30430880752217515,0.10929771949322313,1.3201388888888888,0.4097222222222222,5.615590277777778,0.13401149933657674,0.13489606368863336,0.09332153914197258,0.06103494029190624,0.06368863334807608,0.14993365767359576,0.07209199469261389,0.03361344537815126,2
25420,"Harrisburg-Carlisle, PA",15048,80904,615361,13.329964366446234,68272.37603305785,60640.0,34683.40232186303,0.2630787344615532,0.24815320301105698,0.10339752079879207,1.0410212765957447,0.21914893617021278,2.0708531914893618,0.07730533900673976,0.07342298971953909,0.07339193092524149,0.045625368823182286,0.06960275802093363,0.1250427058421592,0.1383358698015343,0.07497592943441936,4
33860,"Montgomery, AL",13692,66706,386587,12.86511221870366,59548.085106382976,53135.0,29109.279611893588,0.27864696363537095,0.2576833166650586,0.11937208191979973,1.2187667560321715,0.3485254691689008,2.5640991957104555,0.09145129224652088,0.08991214006284871,0.061373693323927406,0.044699544667478996,0.05297248765471686,0.12601808503815815,0.10126338741743089,0.0591290963894055,4
22180,"Fayetteville, NC",16008,61379,393812,12.883628917043865,65238.294117647056,54330.0,41131.47727045691,0.3057883917398313,0.2946440028927951,0.12499704954496853,1.2358682634730538,0.3083832335329341,2.7993413173652697,0.11598291287176594,0.09929878294511163,0.08374304827919722,0.07689207705327637,0.05319577657773837,0.11848150237769002,0.09083581848956235,0.06504392681550737,4
41700,"San Antonio-New Braunfels, TX",17064,78112,2763006,14.831829775455857,67343.43698854337,56820.0,37187.87201345428,0.31220920082460746,0.3003167898627244,0.12914384477397112,0.9825287356321839,0.20689655172413793,1.6237290640394089,0.10415759291521487,0.08414997096399536,0.06275406504065041,0.06111171602787457,0.07612877468060394,0.13026277584204413,0.09179006968641115,0.0705030487804878,1
23460,"Gadsden, AL",10008,57959,103207,11.54449195918665,49960.454545454544,42965.0,29875.317447727582,0.25035455569815157,0.23293764774827805,0.10632353613845583,1.4709271523178808,0.5033112582781457,5.388562913907284,0.13224368499257058,0.12147102526002972,0.09695393759286776,0.044947994056463596,0.04420505200594354,0.10661218424962852,0.11069836552748885,0.02637444279346211,2
13740,"Billings, MT",14040,77770,192531,12.168012458705633,65268.976608187135,57975.0,31954.748647418357,0.25513485671938,0.24217400085139007,0.09771136063691647,1.5436950146627566,0.4252199413489736,2.7132785923753664,0.11555760581247837,0.10367892976588629,0.07150271018336986,0.0417483565909353,0.056394879483335256,0.12132395340791143,0.09422211970937608,0.05570291777188329,2
46300,"Twin Falls, ID",13452,76404,121319,11.706178719104518,59706.09756097561,51110.0,31275.058821753835,0.26717282869175607,0.2631970260223048,0.0990146109445939,1.7503940886699507,0.4236453201970443,4.281576354679803,0.1037122969837587,0.10348027842227378,0.053132250580046406,0.04593967517401392,0.05962877030162413,0.12807424593967517,0.11809744779582367,0.031322505800464036,2
48620,"Wichita, KS",12120,71810,661217,13.401837355427284,62445.84745762712,53840.0,31111.41689598923,0.2332071680415929,0.2251114490734009,0.09248926530753895,1.6504935622317596,0.27467811158798283,2.0984463519313303,0.08981836360606565,0.08568571904682552,0.06532244625895683,0.059023496083986,0.04919180136643893,0.1154140976503916,0.07948675220796533,0.060589901683052824,4
23580,"Gainesville, GA",18972,87038,221745,12.3092833520033,62847.37541528239,51900.0,34512.82663139305,0.3641565299399302,0.36554913294797686,0.13803807528960993,1.70781045751634,0.2875816993464052,2.9560555555555554,0.08196721311475409,0.08477135461604832,0.04367989646246764,0.04971958584987058,0.0520923209663503,0.11410698878343399,0.12100949094046592,0.05403364969801553,3
12060,"Atlanta-Sandy Springs-Roswell, GA",21240,92344,6409047,15.673221143896829,73292.33236151603,60440.0,44735.121871508534,0.36332545425377527,0.3514229372230969,0.15221071424252097,0.9748882265275708,0.20268256333830104,1.4607436661698956,0.09004035581322647,0.09679356012163583,0.05689601273197488,0.054274305851592916,0.07406854804331145,0.11934094978259016,0.10448816324210645,0.09412922386108506,1
20500,"Durham-Chapel Hill, NC",19176,83542,620522,13.338316338276277,73171.96078431372,60630.0,38800.61769179497,0.32189880633025875,0.31627906976744186,0.13428962857834462,1.3444618834080717,0.30269058295964124,2.0498385650224216,0.07724239231088546,0.07395344381645752,0.09288884631350385,0.055975987482836796,0.08682185394514162,0.11096209726346713,0.05824312673627742,0.08611936009196283,1
10420,"Akron, OH",12708,71364,702209,13.461986359495627,65698.33333333333,57925.0,33155.271743151614,0.23012343754620176,0.21938715325287528,0.08754207974365355,1.1032838983050848,0.2775423728813559,2.071383474576271,0.09397667359003035,0.08605208499760345,0.07144911327688129,0.05349097299888161,0.07173669915321937,0.11516216648026842,0.10474516695957821,0.06473877616232625,4
49740,"Yuma, AZ",13188,66844,220310,12.302790924406612,61112.333333333336,50625.0,30007.911111252142,0.252875554410198,0.26050462104843236,0.08777374284324435,1.4279411764705883,0.25630252100840334,3.672449579831933,0.09671532846715329,0.09223623092236231,0.05474452554744526,0.05557398805573988,0.0617120106171201,0.1300597213005972,0.08858659588586595,0.05009953550099536,4
43640,"Slidell-Mandeville-Covington, LA",15660,82337,277615,12.533990540737104,60619.65648854962,53230.0,34824.46698296804,0.3231799299129778,0.294197660886947,0.1422059438801792,1.574576923076923,0.4307692307692308,3.4785,0.13304768182816964,0.11162381894089211,0.0917380795429576,0.04900021973192705,0.06240386728191606,0.13403647549989015,0.08020215337288508,0.052406064601186554,3
27140,"Jackson, MS",13200,64835,605803,13.314310129692428,59526.5393258427,51210.0,33262.694551217144,0.27060076064072447,0.2577621558289397,0.11155471990367671,1.1899552572706935,0.29082774049217003,2.1823131991051454,0.08935179886307276,0.09179352180382282,0.08752050665751021,0.05749494487047423,0.053260081645110834,0.12437526229445653,0.0990805387051238,0.052649650909923316,4
19340,"Davenport-Moline-Rock Island, IA-IL",11652,71446,381415,12.851643300163772,66127.6456876457,57530.0,35208.89819303674,0.21019224797356145,0.20253780636189814,0.07926171617662114,1.2060092807424594,0.26218097447795824,2.2146682134570765,0.09609224855861627,0.08770601595713703,0.05567526643759828,0.0583542018519597,0.06877875487740959,0.11047696697920913,0.10011065168015841,0.0681381398870188,4
11020,"Altoona, PA",10740,66994,120269,11.69748617964467,60056.73640167364,50140.0,33962.991490515735,0.21842741044648703,0.21420023932987634,0.08679420785838933,1.27701244813278,0.35684647302904565,3.7489128630705397,0.10070570284188442,0.1079534617585352,0.08239557505245089,0.04291436200648484,0.06084302880030517,0.12397482357428953,0.10947930574098798,0.04176997901964524,2
22500,"Florence, SC",12276,56475,200474,12.208439841509652,59197.234042553195,49095.0,33932.40961404732,0.256202154182661,0.25004603958732396,0.10646911286004758,1.3370967741935484,0.35125448028673834,3.3167275985663083,0.09474570157508717,0.10376337621738607,0.09510640856077912,0.044366959240110616,0.048454971744619456,0.13177828543946135,0.1231213177828544,0.03558975592160635,2
28740,"Kingston, NY",19032,87847,182977,12.117115740864671,68305.61264822134,59820.0,30952.643964178103,0.3250289911280213,0.3181544633901705,0.11488391924398776,1.3507003891050584,0.3735408560311284,3.4771089494163423,0.12607779268059016,0.09733665453151945,0.05345851695727151,0.08181643993102126,0.053075301781950565,0.13795746311553939,0.07779268059015138,0.0367886568308105,3
14540,"Bowling Green, KY",12288,65869,197734,12.194677972116288,57976.92307692308,51150.0,27206.96265606154,0.25155844114245596,0.24023460410557185,0.09752987086903656,1.196776556776557,0.32967032967032966,3.292358974358974,0.10980337856549433,0.09429520908335641,0.06078648573802271,0.05649404597064525,0.06397119911381889,0.1261423428413182,0.11631127111603434,0.03780116311271116,2
46340,"Tyler, TX",15264,76087,249091,12.42557357052932,59353.04878048781,51375.0,30893.740345114795,0.31080380191557955,0.2971133417222471,0.12255091385640236,1.2156534954407294,0.3069908814589666,2.8266808510638297,0.10265216561724862,0.09587864911276474,0.09397061629460027,0.05991223049036443,0.07193283724480061,0.11257393627170387,0.09883609998091968,0.03987788589963747,4
13380,"Bellingham, WA",18828,86162,234954,12.367145029284954,74965.64564564565,66430.0,33404.72430633859,0.2932178905111604,0.28342616287821765,0.10627565166392783,1.3418018018018019,0.35135135135135137,2.793126126126126,0.10745070256228599,0.10284567245247372,0.04640453418349274,0.06399811075687803,0.048175699610343604,0.11914039437950172,0.07438894792773645,0.06671389774471602,4
27060,"Ithaca, NY",18180,71948,105602,11.56743258946889,73503.47457627118,66400.0,32377.308835825377,0.29270010402684365,0.27380511703864996,0.11373770425359678,2.1294915254237288,0.4279661016949153,3.579194915254237,0.09326424870466321,0.07229212928694793,0.05206020231926968,0.17123118677522822,0.05946212681963977,0.14754502837404393,0.05230693313594868,0.05600789538613373,4
20260,"Duluth, MN-WI",11916,69309,281815,12.549006106270687,68737.88918205805,62900.0,36860.76436403502,0.20621016128223268,0.18944356120826708,0.08042988594126672,1.2926385224274406,0.3562005277044855,2.5056490765171504,0.11027547743789082,0.08729085685313503,0.08255872908568532,0.06126415413216157,0.054503971607233394,0.11897921243873584,0.07393949636640189,0.04664525942200439,4
10540,"Albany, OR",16356,80422,132474,11.794141678738399,66376.66666666667,58305.0,31239.05218330123,0.286954136578666,0.2805265613398865,0.10017129802616877,2.19975,0.39166666666666666,3.6454666666666666,0.0915650659368002,0.08410052251803932,0.03508335406817616,0.06145807414779796,0.05324707638716099,0.12167205772580243,0.12316496640955461,0.03607862652401095,2
26820,"Idaho Falls, ID",15084,85767,171773,12.05392911669367,65891.90298507463,56685.0,36144.87331768643,0.2838805940424894,0.2661021620576941,0.12161883988912442,1.315910780669145,0.35315985130111527,3.34664312267658,0.09059758771929824,0.0903234649122807,0.053865131578947366,0.05139802631578947,0.07291666666666667,0.13788377192982457,0.09306469298245613,0.04797149122807018,4
25740,"Helena, MT",13188,94395,96327,11.475503932320596,65622.54385964913,59045.0,32227.474592502636,0.23745292728330122,0.22335591544821115,0.09174063069192408,1.942061403508772,0.4166666666666667,3.7498684210526316,0.09448608137044968,0.08538543897216275,0.05380085653104925,0.04362955032119915,0.06531049250535331,0.1316916488222698,0.06183083511777302,0.12018201284796574,4
48660,"Wichita Falls, TX",12780,66981,149869,11.917516858167325,58198.39506172839,48840.0,32150.934877997413,0.2695246462173931,0.2616707616707617,0.10845388358724453,1.3880246913580248,0.3374485596707819,3.6859670781893,0.11665024630541872,0.09201970443349754,0.07467980295566502,0.06975369458128079,0.06798029556650247,0.12886699507389163,0.08630541871921182,0.0374384236453202,2
20940,"El Centro, CA",12744,60749,181724,12.1102443315175,72932.06278026906,63720.0,34736.14718058113,0.20894991578243033,0.2,0.08014928454901689,1.5575113122171944,0.29411764705882354,4.0570452488687785,0.07618879264627895,0.10217429733074068,0.028813858935831712,0.07972423546049143,0.0493194272582641,0.0972246773908432,0.08767898179246951,0.04719816156973661,4
47580,"Warner Robins, GA",15348,78028,204110,12.226414343188088,64142.90697674418,56515.0,33733.276999421774,0.295120550992538,0.2715740906100021,0.12712525726339122,1.481828793774319,0.2529182879377432,3.4185758754863818,0.12565680828704398,0.09247860681579342,0.043386878847019965,0.06230295751388681,0.042335985587749585,0.09968473202221889,0.08647350247710554,0.12760846719711755,4
33140,"Michigan City-La Porte, IN",11988,66849,111348,11.62041571114118,60203.244680851065,51435.0,34082.90180278228,0.24093241708162652,0.23307853320099148,0.09307696932865529,1.454438502673797,0.34759358288770054,4.549679144385027,0.12104813443463401,0.11535175163771005,0.04386214753631444,0.05411563657077756,0.04955853033323839,0.10823127314155512,0.10880091142124751,0.03047564796354315,2
31080,"Los Angeles-Long Beach-Anaheim, CA",25368,96405,12927614,16.374876201623998,85894.68456375839,74130.0,48116.62219705781,0.3658980128157132,0.3422096317280453,0.1513766317687141,1.119733520336606,0.26788218793828894,1.3818569424964937,0.09666261231986668,0.08118788541531954,0.05057074616896968,0.055535820399530506,0.06960434922822807,0.11834327275822724,0.0824958624381412,0.06953559449110853,1
33220,"Midland, MI",12372,78046,84022,11.33883394829629,72216.64739884392,59690.0,47461.543064781035,0.2187225819422305,0.20727089964818227,0.09511643541106975,1.510340909090909,0.3693181818181818,4.522284090909091,0.09640957446808511,0.078125,0.03623670212765957,0.04055851063829787,0.09640957446808511,0.12234042553191489,0.05884308510638298,0.08244680851063829,4
12260,"Augusta-Richmond County, GA-SC",14916,72176,636658,13.363987898696607,66087.57437070938,55960.0,42661.134656240385,0.2879854437640682,0.26654753395282343,0.1263201749982373,1.219425287356322,0.271264367816092,2.194197701149425,0.10501095290251916,0.08990507484483388,0.08255750273822562,0.06571741511500548,0.056863818912011685,0.10930083972252647,0.07949981745162468,0.055312157721796276,4
16980,"Chicago-Naperville-Elgin, IL-IN",17628,90770,9406924,16.056956571831414,78494.6976090014,68870.0,45282.7603845242,0.2737801124694396,0.25596050529984027,0.10796883977478502,0.927149059334298,0.19247467438494936,1.4295499276411,0.08614209327006411,0.08544966181738364,0.06149741695913975,0.060406724278773805,0.08324791082569057,0.11409957888400868,0.10724088694585684,0.06680605809635659,1
41540,"Salisbury, MD",16656,70389,131570,11.787294308359884,66942.32365145229,56060.0,36041.51635606933,0.2998734410267375,0.29711023902961115,0.11293118942933644,1.4347302904564314,0.3983402489626556,3.685240663900415,0.09851184238105219,0.09662544539928736,0.08006707189268497,0.07000628798993921,0.07776147558163907,0.14273737162020542,0.08383986585621463,0.04715992454412073,4
12220,"Auburn-Opelika, AL",13332,68336,205355,12.232495467761279,59951.36546184739,51610.0,33044.79893777043,0.2773084879833227,0.25832203061422204,0.12236315645788179,1.343227091633466,0.3426294820717131,3.424745019920319,0.1378303875466191,0.10475109453543052,0.053997081238851954,0.061780444300308095,0.05691584238689801,0.11010215664018161,0.10199448678449813,0.04086265607264472,2
25260,"Hanford-Corcoran, CA",17052,73954,154913,11.950618947996421,69854.39153439153,58510.0,34334.332660310516,0.29054041641360184,0.29143736113484875,0.10686011486176095,1.9238219895287958,0.3036649214659686,4.277712041884817,0.10541310541310542,0.0764050764050764,0.04843304843304843,0.09013209013209013,0.04377104377104377,0.10437710437710437,0.09764309764309764,0.03392903392903393,4
47930,"Waterbury-Shelton, CT",16884,79889,462220,13.043796247197362,74264.00510204081,63875.0,39088.70415950798,0.2739555376697547,0.264331761899979,0.10578279791106625,1.2505128205128204,0.3435897435897436,2.4854717948717946,0.08254732322903792,0.07942496584921616,0.06726078189032719,0.06908215702855657,0.07909972028881805,0.12430885318415404,0.08196188122032134,0.042086775515514215,4
13460,"Bend, OR",22008,95979,264407,12.485244861647033,71528.57142857143,60845.0,36325.61456900405,0.3620057758425894,0.36171447696086495,0.12780750646477174,1.5210455764075068,0.3914209115281501,2.540034852546917,0.11684996072270228,0.09662215239591516,0.05587195600942655,0.055184603299293006,0.06716417910447761,0.1165553809897879,0.0767871170463472,0.05587195600942655,3
27780,"Johnstown, PA",8544,61786,130108,11.776120153770739,58646.035242290745,53040.0,31730.375583242294,0.17680339848908583,0.16108597285067874,0.07194053072140619,1.286322869955157,0.38565022421524664,3.9157578475336323,0.10160301744460161,0.09735973597359736,0.07873644507307874,0.06176331918906176,0.06317774634606317,0.13107024988213106,0.10584629891560585,0.04172560113154172,2
41740,"San Diego-Chula Vista-Carlsbad, CA",28032,109132,3298799,15.009069020800755,85037.89156626505,72820.0,47766.08978875789,0.40634692346417356,0.38494918978302667,0.16476514339695353,1.1314723926380368,0.2852760736196319,1.5041334355828222,0.10543186231479265,0.07969568802702631,0.05387971164844519,0.05617402175937009,0.07421594445774479,0.11049264490729657,0.06625568589897056,0.07278615699731333,1
24540,"Greeley, CO",18948,101563,369745,12.820568857831175,69717.42774566474,59565.0,30677.210887841182,0.31505320220603394,0.31810627270229574,0.10868503249886753,1.5662241887905606,0.3687315634218289,2.6763097345132745,0.0944603629417383,0.0994269340974212,0.030659025787965616,0.057211079274116526,0.048901623686723975,0.11203438395415473,0.10267430754536772,0.06571155682903534,3
29180,"Lafayette, LA",11616,60527,419704,12.947304979893374,58945.13513513513,51010.0,32113.687887811648,0.2430524042985746,0.22772005489119782,0.10313784430431193,1.6668,0.29846153846153844,2.827538461538462,0.10675097638088153,0.11102845452854752,0.08052817556258136,0.035893620978240656,0.06180645961192734,0.13210588308226395,0.08709937387638708,0.0393651974459116,2
22020,"Fargo, ND-MN",11964,76945,267793,12.497969572987948,69651.77057356609,59750.0,41825.70104740903,0.20716198943975994,0.20023430962343097,0.07830176260235777,1.2863703703703704,0.3530864197530864,2.377125925925926,0.08921906907964228,0.0863319484543342,0.08267023449052883,0.049926061544961625,0.06189704950355609,0.1182311104851771,0.09337370607703682,0.05943243433561017,4
36740,"Orlando-Kissimmee-Sanford, FL",22524,81044,2940513,14.894094613889209,66009.45901639345,55425.0,36395.34704561239,0.40763972658162534,0.40638875902066895,0.14836145693252847,1.0484166666666666,0.23,1.6477883333333334,0.11723069797064528,0.10578843759951365,0.05582172943867064,0.04381495527313783,0.06605535130127667,0.12798540948962164,0.08950438583794111,0.06562834727730654,3
22420,"Flint, MI",12696,63594,402279,12.904901156724563,65522.88343558282,56870.0,40090.69263517295,0.23636980733614016,0.22324602725901163,0.09134900687051388,1.138810975609756,0.32621951219512196,2.876469512195122,0.10847189231987332,0.09540775930324624,0.08400633412509897,0.06460807600950119,0.05740300870942201,0.11979414093428345,0.09034045922406968,0.04196357878068092,4
41180,"St. Louis, MO-IL",13848,81679,2809527,14.848526699739146,70351.82648401827,61130.0,40496.83624740476,0.23515264073966718,0.22653361688205464,0.0872856848742137,0.9744080996884736,0.19314641744548286,1.529177570093458,0.09218580107514618,0.08173848247755043,0.06519309290814115,0.056722705049537324,0.07694822722537771,0.12168008698495252,0.0856543260567075,0.06689629477558034,4
29100,"La Crosse-Onalaska, WI-MN",13044,75117,170763,12.04803190923479,68266.67763157895,58370.0,41119.867390422914,0.23327267150858225,0.22347119723662673,0.09225005409347085,1.2897385620915034,0.3104575163398693,2.9978496732026145,0.10578816117600735,0.09568184801155007,0.07310670691691823,0.06181913636960231,0.04738154613466334,0.12613203832523953,0.10513190707441922,0.05263157894736842,4
41620,"Salt Lake City-Murray, UT",19908,100548,1300762,14.078460804556853,72185.03236245955,61555.0,40190.887431044626,0.3349596132815373,0.32341856152278625,0.13126528014669836,1.1338666666666668,0.295,1.6286166666666666,0.0683601092759217,0.08054086568585679,0.053084037193914635,0.048660367427755084,0.08472643424647235,0.1488508483921903,0.08213238427028247,0.08387428256347276,1
11260,"Anchorage, AK",17892,102698,407213,12.917091669052658,77605.04739336493,70575.0,38277.117838177815,0.27604722720749725,0.2535194699735138,0.11023817087826307,1.8027511961722487,0.4449760765550239,2.2848827751196175,0.09482138575881084,0.07570127067849436,0.07426276672260848,0.042495804363462,0.08253416446895229,0.13473987053464398,0.09931671062095421,0.04848957084631983,1
43780,"South Bend-Mishawaka, IN-MI",13212,63894,325294,12.692484667778583,65017.788944723616,56495.0,34351.98930051132,0.2432758944899724,0.23386316403903798,0.09277917646054915,1.2304123711340205,0.3015463917525773,2.4420283505154643,0.10760054807769807,0.09720319174659467,0.06971870718142983,0.06077214475699202,0.0555331667606996,0.11517691625695171,0.09075521882808092,0.04578060772144757,4
33460,"Minneapolis-St. Paul-Bloomington, MN-WI",17328,97928,3757952,15.139384686122511,78992.44377811094,70700.0,41324.617747862736,0.26306665182535743,0.2450919377652051,0.10314919885104987,0.9840548780487804,0.19969512195121952,1.513810975609756,0.08299665844745525,0.08357009180146695,0.05890203151798235,0.057551856620809375,0.07235165018480193,0.11579704629692379,0.07427525843598659,0.08196447841023421,1
19460,"Decatur, AL",10788,69526,159651,11.980745461825158,60534.666666666664,51090.0,32441.080584836494,0.22198383940510658,0.2111586023507474,0.09781990474844728,1.7344444444444445,0.4156378600823045,3.7134650205761317,0.08680164979377578,0.09148856392950881,0.046681664791901015,0.03749531308586427,0.048181477315335584,0.10311211098612673,0.11529808773903262,0.04030746156730409,2
18140,"Columbus, OH",16308,82938,2225377,14.615436897431694,71355.82508250825,62750.0,39357.170086935876,0.2734080573962165,0.25988844621513946,0.1039340132586999,0.9551433389544688,0.178752107925801,1.6505430016863407,0.08691026522177135,0.08051745078286085,0.07081054108254169,0.06169677911366782,0.06928530405882519,0.11346068748646587,0.10919567284607345,0.07845555628783671,1
47460,"Walla Walla, WA",15732,72892,62068,11.035985837203375,68112.73885350318,58260.0,28714.116393702752,0.26689239146532956,0.27003089598352215,0.09297015617542873,1.416687898089172,0.3057324840764331,4.763019108280255,0.11648465938637545,0.10868434737389496,0.0686427457098284,0.05876235049401976,0.0327613104524181,0.11908476339053563,0.07852314092563703,0.0655226209048362,2
45780,"Toledo, OH",11388,66095,601396,13.307008898367124,65863.12633832976,58420.0,33926.388100096076,0.20581458853188583,0.19493324204039714,0.07790021002234178,1.176831896551724,0.2801724137931034,2.1040431034482756,0.09815972466109434,0.07761466601109784,0.0777551450446021,0.06472571468708295,0.06440963686169839,0.1027604130083585,0.1142445739973309,0.04456697337922315,4
28100,"Kankakee, IL",13116,76743,106410,11.575054836435777,63292.24043715847,57470.0,30544.570602719392,0.24363606605610771,0.22822342091526013,0.09002799818804584,1.2802717391304348,0.34782608695652173,4.657130434782609,0.11129431162407255,0.09700467161308052,0.1019510854630393,0.0681505908216543,0.06760098928276999,0.11486672162682056,0.10992030777686178,0.033800494641384994,2
14010,"Bloomington, IL",12408,81240,172069,12.055650838142009,68727.31884057971,61670.0,34803.01011098385,0.21802522366356925,0.20120019436345965,0.08781057940062814,1.2227777777777777,0.21428571428571427,3.1875714285714287,0.11778514222590444,0.08450704225352113,0.05468102734051367,0.05813311239988953,0.07304611985639327,0.12524164595415632,0.07207953603976802,0.12234189450428058,4
21780,"Evansville, IN",12084,67459,271793,12.512796026136483,62842.1978021978,55625.0,32711.513673885518,0.2295220120507647,0.2172404652355142,0.08801583048209376,1.1956473829201102,0.3278236914600551,2.600487603305785,0.09969361300966298,0.09607981773902113,0.08076046822216985,0.046586534684578525,0.04862911462015869,0.11744834629585985,0.10495718438211957,0.0452510016497761,4
15940,"Canton-Massillon, OH",11160,69597,400551,12.900596378207366,60966.86224489796,53735.0,30617.861888118532,0.2164707358795766,0.20768616971538167,0.08087823822190598,1.1992875318066158,0.3256997455470738,2.4528727735368956,0.10678818353236957,0.09453174104336895,0.07203016970458831,0.05461973601508485,0.06329352608422376,0.11238214959145192,0.10641106222501572,0.04349465744814582,4
26900,"Indianapolis-Carmel-Greenwood, IN",15276,80239,2173288,14.59175178612147,71835.47923322684,59715.0,45105.47136135452,0.2609055172148877,0.25581552536493424,0.10166169189139708,0.9972771474878445,0.23014586709886548,1.5989319286871961,0.08516262604789589,0.08880426644977031,0.07064227815108186,0.04532640743855887,0.05909809322229719,0.11781723401698815,0.1273095301914172,0.061334836819387575,4
11100,"Amarillo, TX",13164,69595,278330,12.536562739045266,60343.709198813056,51840.0,34015.10333588444,0.2663825074137026,0.2539351851851852,0.10645165450503727,1.119970238095238,0.2767857142857143,2.6997619047619046,0.11112111661413777,0.09455200360198109,0.07104907699234579,0.05565060783430887,0.07483115713642503,0.1329131022062134,0.09860423232778028,0.04484466456551103,4
23420,"Fresno, CA",18156,74983,1189557,13.989091526870878,73249.48960302457,63810.0,34913.78286064857,0.2949598783049848,0.2845322049835449,0.11193029973405087,1.2284971098265896,0.2350674373795761,1.869728323699422,0.0815861540146785,0.07161792091138132,0.0591740606857268,0.07061014349874027,0.050827034724504325,0.11311206046664476,0.09573885420089824,0.04679592507394019,4
30460,"Lexington-Fayette, KY",14940,71444,533366,13.186963146666196,67415.64835164836,58150.0,38491.855039338654,0.2700885689709013,0.2569217540842648,0.107871871547719,1.1103131991051454,0.2595078299776286,2.1229440715883667,0.0969399151217333,0.08044821681185317,0.08707467798376889,0.053756235574417395,0.06596679323952051,0.1321569503387685,0.08860099769190678,0.049214503759958304,4
16740,"Charlotte-Concord-Gastonia, NC-SC",19128,85938,2883370,14.8744703069221,72651.43950995406,58170.0,48833.359556693875,0.3307764060162818,0.3288292934502321,0.133368188030938,1.008356807511737,0.20500782472613457,1.551719874804382,0.08758509157922449,0.10288465154763247,0.054684267930347134,0.046500432509684456,0.06619278649065403,0.1123321674376622,0.10783406671932003,0.08299672797021325,1
43620,"Sioux Falls, SD-MN",13128,82509,308711,12.64016084315634,64001.497461928935,53425.0,37335.56001004072,0.24692564933621552,0.24572770939973304,0.08903519612997567,1.4679493670886077,0.4151898734177215,2.4196506329113925,0.09348984847577409,0.10007785829789782,0.10019764029466371,0.04204348086482602,0.03946816793435946,0.12409414864945799,0.09492723243696473,0.0680361741630233,4
42660,"Seattle-Tacoma-Bellevue, WA",24600,112388,4145494,15.237532519184812,89362.6895565093,79360.0,46127.181479751715,0.3301884394611785,0.30997983870967744,0.1264410519160595,1.1430678466076696,0.2728613569321534,1.4580604719764012,0.08077270563548579,0.08688809660277645,0.05150237523922399,0.04989945306352429,0.06041073666417323,0.10846440055567969,0.07412300727629521,0.09964832858933134,1
26980,"Iowa City, IA",13188,75225,182711,12.115660948544912,66980.26315789473,59025.0,33194.035915998,0.23525079397954887,0.22343175174048885,0.09333850830126382,1.3239735099337748,0.3543046357615894,2.967,0.11321894635089415,0.08131947800869986,0.10995650072498792,0.06198646689221846,0.06706138231029483,0.11684388593523441,0.08385693571773804,0.05679072015466409,4
44700,"Stockton-Lodi, CA",21456,93038,816108,13.612301978129542,74354.5,63645.0,35727.96624437221,0.34097246019155397,0.33713499554895054,0.1257942289296354,1.1730751708428246,0.2505694760820046,2.2019202733485193,0.0786090850003611,0.07467321441467466,0.05196071351195205,0.059326930020943164,0.051346862136202785,0.11446522712500903,0.20145157795912472,0.04058640860836282,1
24260,"Grand Island, NE",11400,68960,77278,11.255164588634324,60829.10052910053,54470.0,27745.139419737847,0.2194459189676415,0.20928951716541216,0.08066620314576514,1.342684210526316,0.3526315789473684,4.228331578947369,0.10877082678403018,0.10782772712983339,0.05972964476579692,0.056271612700408674,0.06633134234517447,0.11851618987739705,0.12103112228858849,0.04275385099025464,2
16540,"Chambersburg, PA",13404,74019,159285,11.978450329506055,64062.70386266094,54780.0,32536.849997254212,0.2519610379899733,0.24468784227820373,0.09932596369693071,1.2686752136752137,0.34615384615384615,3.926452991452991,0.0900375939849624,0.09172932330827067,0.04924812030075188,0.04661654135338346,0.05808270676691729,0.10845864661654135,0.18195488721804512,0.0443609022556391,2
16860,"Chattanooga, TN-GA",15180,75076,588763,13.285779004748395,63466.56455142232,53130.0,40366.50183516836,0.2930733537776893,0.2857142857142857,0.11349967428448365,1.2025550660792952,0.2907488986784141,2.1370440528634362,0.09937983309088125,0.08291861266365516,0.06898399816246842,0.03946864711737233,0.06442845111400353,0.13456090651558072,0.10512211928642523,0.05562361228083608,4
13980,"Blacksburg-Christiansburg-Radford, VA",13476,65518,183318,12.118977628679191,66729.04929577465,57170.0,36701.91053476856,0.24755125480056456,0.23571965664769626,0.10107468215547491,1.5454964539007092,0.35815602836879434,3.118312056737589,0.09605383909452432,0.08182930559804222,0.05368614255123891,0.08106454573263995,0.0475680636280208,0.10997246864484551,0.08152340165188131,0.048944631385744876,4
24780,"Greenville, NC",11832,57031,180783,12.105052695970768,64052.50871080139,53430.0,37051.13822858907,0.2302534025283024,0.2214486243683324,0.096712103890428,1.2771378091872791,0.33568904593639576,3.2266749116607776,0.11287501681689761,0.09632718956006996,0.12229247948338491,0.060137225884568817,0.05462128346562626,0.12592492936903,0.06915108300820665,0.05112336876093098,4
27860,"Jonesboro, AR",10440,55486,138152,11.836109807264506,56763.0,48200.0,29294.20807848553,0.21975108864713258,0.2165975476657681,0.08097365825899402,1.4001659751037345,0.3983402489626556,3.757713692946058,0.10413589364844904,0.09508862629246677,0.09896602658788774,0.052806499261447565,0.06757754800590841,0.12056868537666174,0.10468980797636632,0.03471196454948301,2
12540,"Bakersfield-Delano, CA",17748,71596,922529,13.734874090717073,75365.33898305085,65985.0,36631.93744056106,0.2798994973369127,0.26897022204903875,0.10576891072511022,1.3292207792207793,0.2683982683982684,2.0863160173160176,0.08359123545432037,0.07136667491953454,0.047722208467442434,0.0722951225550879,0.04697945035899975,0.0933399356276306,0.10565734092597177,0.04527729636048527,4
19820,"Detroit-Warren-Dearborn, MI",14976,76403,4400578,15.297246453897406,72493.64864864865,60610.0,43381.79350337653,0.25201265078737917,0.24708818142359398,0.09805394426136203,1.0256661562021439,0.16845329249617153,1.5177871362940276,0.08212958705292256,0.08191288629552698,0.06663284020697564,0.04317101918065972,0.06795418628865597,0.11521080755387128,0.08428073847389812,0.0686518570197832,4
12700,"Barnstable Town, MA",18924,87925,232570,12.356946533964301,76154.5744680851,68660.0,33236.02802254017,0.2904563311258343,0.2756189921351588,0.1080038660346486,1.2531785714285715,0.37142857142857144,3.303503571428571,0.14475815783383475,0.1094654015274242,0.059014117102522565,0.05762554964128674,0.07706549409858829,0.12207822263364962,0.0666512381393196,0.047211293682018055,3
16940,"Cheyenne, WY",14604,83258,101783,11.5305983750474,66437.93427230047,58830.0,34499.3946550037,0.2675575651008141,0.2482406935237124,0.11286282281918396,1.4705529953917051,0.46543778801843316,4.045658986175115,0.09770114942528736,0.09578544061302682,0.05771072796934866,0.05603448275862069,0.06441570881226054,0.11829501915708812,0.11590038314176246,0.07351532567049808,2
29820,"Las Vegas-Henderson-North Las Vegas, NV",20868,80028,2398871,14.690508767970876,68992.97619047618,61115.0,33640.75778193072,0.35948295142311326,0.341455295210006,0.1392050359054719,1.4018904593639576,0.2667844522968198,1.7453321554770318,0.14760384542338545,0.08601557342208314,0.05129642860372786,0.03675399962016044,0.07238656814954826,0.11841046186682101,0.10079314118274806,0.04451357926437738,3
12940,"Baton Rouge, LA",13656,69293,882652,13.690686290918674,64929.151138716355,56620.0,36782.04549579458,0.26130614433931626,0.24118685976686682,0.11552613861383064,1.6682278481012658,0.3291139240506329,2.026742616033755,0.08866346600588508,0.08569511124877394,0.065587734241908,0.04726137008930876,0.06894326570646843,0.11349439884363223,0.08445614578493625,0.0583862474833514,4
28020,"Kalamazoo-Portage, MI",12960,71069,264780,12.486654571491648,68707.85923753666,58690.0,38894.220859737114,0.2313642380459654,0.22082126426989265,0.09160230634699326,1.3069526627218935,0.3254437869822485,2.782301775147929,0.09458740017746228,0.08411712511091393,0.06983141082519964,0.0456078083407276,0.06725820763087843,0.11650399290150842,0.08819875776397515,0.054924578527063,4
41980,"San Juan-Bayamon-Caguas, PR",7440,30640,2036751,14.526866449151042,44893.1067961165,37110.0,23487.561433235525,0.2031337768822041,0.20048504446240906,0.08076951684057257,1.2948015873015875,0.31547619047619047,1.9398353174603176,0.08022600541348045,0.11174547767309086,0.05622032569628304,0.05608720732446863,0.04496442781286515,0.16694522918546348,0.0743540061234451,0.07482731588989631,2
18700,"Corvallis, OR",17880,79179,98899,11.501854406336227,71273.77272727272,63720.0,33331.4972440871,0.3005495637905127,0.2806046338249295,0.11982312847515933,1.9664,0.4444444444444444,3.581,0.12447866538338145,0.0766762913057427,0.06705165222970805,0.059031119666345847,0.0846968238691049,0.12159127366057106,0.05421880012832852,0.07763875521334616,3
39540,"Racine-Mount Pleasant, WI",14424,77830,198651,12.199304795209436,65946.08527131783,58750.0,33762.06419605727,0.2636909559516206,0.24551575431145378,0.10711160890654545,1.2886590038314176,0.31417624521072796,3.517915708812261,0.09004267425320057,0.10341394025604551,0.04679943100995733,0.041536273115220484,0.050497866287339974,0.1085348506401138,0.11934566145092461,0.04907539118065434,4
36260,"Ogden, UT",19692,98456,669210,13.413853191198937,65207.65217391304,56730.0,33322.21356566505,0.359153170338273,0.3471222413875553,0.1353511496036948,1.274922048997773,0.3028953229398664,2.1633875278396437,0.08329843529904443,0.0753416834811741,0.04541820535272395,0.06612860242890319,0.0584002741081966,0.12487151178284539,0.07880610652149084,0.08223245897894697,1
34820,"Myrtle Beach-Conway-North Myrtle Beach, SC",17196,68534,413391,12.932149155310672,58069.163987138265,47600.0,33499.242580875994,0.36259411472244046,0.36126050420168065,0.1438580382342598,1.0810289389067524,0.2861736334405145,2.994855305466238,0.1910538850848467,0.15071449836260792,0.06445370646025603,0.020541827924977673,0.045623697529026494,0.12496278654361417,0.07651086632926467,0.03304554927061625,3
17900,"Columbia, SC",15084,70788,871176,13.677599302012062,64861.28846153846,55660.0,35303.990272562485,0.28243879395629345,0.2710025939993506,0.11451635264024874,1.0697855750487328,0.23391812865497075,1.9066569200779728,0.08955540246939749,0.09506650415982194,0.07336654125377563,0.0557734089343437,0.05683323618250225,0.13952625722007314,0.08934343701976578,0.060966562450320595,4
28880,"Kiryas Joel-Poughkeepsie-Newburgh, NY",20256,95125,711730,13.475453904991351,76654.10022779043,66540.0,38628.22276663339,0.3177283542139094,0.3044183949504058,0.1236062087815617,1.1569931662870159,0.32801822323462415,2.179751708428246,0.08861711390801869,0.09249584421752553,0.06570094197736089,0.08849837726589092,0.050660967307844536,0.1280376790944352,0.10207393334916488,0.04405129422939919,1
37900,"Peoria, IL",12036,74352,365668,12.809481096890723,67907.32984293194,59160.0,35248.9613806684,0.211361604795858,0.20344829911393028,0.07921658819294906,1.1851724137931035,0.30238726790450926,2.5390159151193634,0.09081716488655754,0.08133729381280415,0.0815900903747709,0.05612083675662011,0.07887252733362826,0.10668014914997156,0.08588763192820578,0.05277128231056057,4
40660,"Rome, GA",13164,66459,101390,11.526729745946625,60189.701492537315,54090.0,34521.98644212769,0.2689706830989128,0.24337215751525235,0.11173103824296915,1.3644897959183673,0.3622448979591837,4.337030612244898,0.11648936170212766,0.0925531914893617,0.10398936170212766,0.05638297872340425,0.05053191489361702,0.11090425531914894,0.13856382978723406,0.043617021276595745,2
24660,"Greensboro-High Point, NC",14052,66072,800722,13.593269099641804,65064.69306930693,54710.0,36603.28105082067,0.2631617748748048,0.25684518369585085,0.10366695779843303,1.33602,0.278,1.9619980000000001,0.09151627113826914,0.09629103311070059,0.05351712377433565,0.054597129458576095,0.05635924399602103,0.11845957083984653,0.12059116100611056,0.05579081995168396,4
31900,"Mansfield, OH",10344,66312,124853,11.734892324253833,60372.82608695652,52850.0,34009.366450859336,0.20536083810128902,0.1957251199015976,0.07825493702343761,1.3731304347826088,0.39565217391304347,3.8279826086956525,0.11503811503811504,0.10164010164010163,0.06745206745206746,0.059136059136059134,0.062370062370062374,0.10787710787710787,0.10810810810810811,0.03511203511203511,2
47020,"Victoria, TX",13416,65829,98446,11.49726345348056,58583.541666666664,51450.0,30358.466029136485,0.27901740910712486,0.2607608643749082,0.11500188088978014,1.3937628865979381,0.4020618556701031,4.392190721649484,0.11274509803921569,0.11642156862745098,0.08547794117647059,0.06740196078431372,0.07383578431372549,0.13357843137254902,0.09313725490196079,0.035845588235294115,2
38060,"Phoenix-Mesa-Chandler, AZ",21828,90133,5186958,15.461657956134763,75867.0878274268,62410.0,48361.230304850134,0.3537361613416233,0.3497516423650056,0.13345161569167746,0.9748848684210527,0.23355263157894737,1.617891447368421,0.08971605821999523,0.09205006398993515,0.05976876857334982,0.044072796685538276,0.07632806229799788,0.13135940652046593,0.08720852042255049,0.07451465261057244,1
42220,"Santa Rosa-Petaluma, CA",26748,107274,485375,13.092677067033968,81702.71226415095,69890.0,40221.74207629795,0.3891678045046338,0.3827157039289917,0.14561982487654793,1.320683962264151,0.330188679245283,2.256320754716981,0.11240823817292006,0.09900081566068515,0.05077487765089723,0.05046900489396411,0.0733584828711256,0.10710644371941272,0.06530383360522023,0.054700244698205544,1
25060,"Gulfport-Biloxi, MS",13752,65256,426793,12.964054397150587,60478.74035989717,52170.0,35457.374666697746,0.2835110522590479,0.2635997699827487,0.12235882388209504,1.5703299492385787,0.383248730964467,2.4125659898477156,0.13976207881969827,0.09789326776101548,0.06971489333421944,0.051771117166212535,0.0468531933275736,0.10998870206685718,0.0763607363594072,0.04532464943178042,2
46140,"Tulsa, OK",13380,69658,1060423,13.874178443090113,63181.01727447217,53240.0,33296.58395393773,0.2562597743150693,0.25131480090157776,0.10250738555873963,1.1696267190569745,0.2770137524557957,1.9273909626719057,0.09715133664590687,0.09418351057850124,0.06160487442948041,0.045574116959327296,0.059896126087640805,0.1233221665130292,0.090069024439598,0.05665849765047103,4
33660,"Mobile, AL",13272,60379,412339,12.929601105538516,61270.18087855297,52440.0,34236.76072878916,0.2665693201091935,0.25308924485125855,0.11499473790472346,1.278005249343832,0.34908136482939633,2.4798162729658793,0.08987920135194342,0.10245978594229205,0.06690868122926708,0.039181323152031045,0.05608061588533517,0.1173561995368342,0.11522814045189961,0.04481442072979908,4
26140,"Homosassa Springs, FL",13308,59481,170174,12.044576721995082,59569.4375,48060.0,35206.73161845518,0.27478936297482115,0.2769038701622971,0.10533805039826401,1.4465625,0.48125,5.1997374999999995,0.15543328748280605,0.12826685006877578,0.09387895460797799,0.02235213204951857,0.05811554332874828,0.13720770288858322,0.08046767537826685,0.039202200825309494,2
29540,"Lancaster, PA",17388,85802,563293,13.241555198034778,63418.58744394619,55530.0,29211.137710038056,0.3197136777157827,0.31312804905258196,0.11648180769981899,1.1461573033707866,0.31685393258426964,2.169323595505618,0.09083381634511882,0.09480831332284508,0.059037840523308766,0.04587231928459055,0.0636747536639894,0.11550881841516933,0.11550881841516933,0.047445557671607186,4
43340,"Shreveport-Bossier City, LA",11880,57514,383269,12.856492371499993,58335.14619883041,52395.0,30984.01876129474,0.24991305047130602,0.22674590154260155,0.10791478380693453,1.5880289855072465,0.3884057971014493,2.7685884057971015,0.10087058977547948,0.10034692675263468,0.09242652353210709,0.05747201675721673,0.06342868364207632,0.13778883288603783,0.0856189042351247,0.03914381095764875,2
22900,"Fort Smith, AR-OK",10872,60327,232848,12.358141159153108,53929.08474576271,46440.0,24083.604526370003,0.2346067896606588,0.23410852713178296,0.0828629988896397,1.341114864864865,0.34797297297297297,3.1712702702702704,0.09205298013245033,0.0922737306843267,0.06258278145695365,0.046247240618101544,0.06445916114790287,0.11920529801324503,0.12273730684326711,0.04083885209713024,2
11200,"Amherst Town-Northampton, MA",17100,81732,165399,12.016116015604236,78277.00348432055,72010.0,33707.63483595748,0.2572224911990986,0.23746701846965698,0.10094100518156762,1.9075636363636366,0.4290909090909091,3.2359527272727275,0.10737718034885582,0.07713234117458793,0.05376860297647624,0.1113778204512722,0.08241318610977756,0.12449991998719795,0.04912786045767323,0.06273003680588894,4
20100,"Dover, DE",18480,81117,192690,12.168837958919948,64311.1328125,57470.0,31496.675975969818,0.3437192501250389,0.3215592300749246,0.13240743409595557,1.2605859375,0.36328125,3.34003125,0.11297214151427107,0.10921210049564177,0.05469150572551701,0.07776448470346949,0.04734233464365066,0.13826696291232268,0.10511023756622799,0.0664843616475816,3
24500,"Great Falls, MT",12696,62076,84523,11.344778965657577,60656.517412935325,54960.0,32160.759642939796,0.248100610144892,0.23100436681222708,0.09083010863716229,1.331930693069307,0.46534653465346537,4.236207920792079,0.12599427298759147,0.1056315622017181,0.06967865097041044,0.05440661788100541,0.04899777282850779,0.13076678332803054,0.08367801463569838,0.05663378937321031,2
31740,"Manhattan, KS",12840,70324,134892,11.812229737249798,61422.13114754098,54365.0,31147.25008780248,0.2533940320915324,0.23618224771075846,0.1034530208920493,1.3808641975308642,0.35802469135802467,3.5536213991769547,0.12163050624589086,0.09511286434363357,0.052816129739206664,0.0747315362699978,0.062458908612754764,0.12053473591935131,0.07516984440061363,0.07538899846592154,4
44100,"Springfield, IL",12564,80190,206371,12.23743079884198,68762.08201892744,61210.0,41153.52453590614,0.22092228862230254,0.20526057833687306,0.08464393857447568,1.1611356466876972,0.30914826498422715,2.909186119873817,0.0942281312651683,0.08409834335760262,0.10045373008335971,0.05698005698005698,0.07059195948084837,0.14192254932995674,0.06732088213569695,0.08842460694312546,4
40140,"Riverside-San Bernardino-Ontario, CA",24072,91013,4744214,15.372436328254432,78156.61676646706,66440.0,39690.44038306881,0.3720204791392764,0.36231238562087953,0.14436743810222055,0.9683738601823709,0.21124620060790272,1.5042644376899696,0.10097729575114713,0.08055539002443239,0.051975448423812645,0.06407842202490913,0.05112329420177582,0.10711518979798582,0.152708420237173,0.042726893510517845,1
39150,"Prescott Valley-Prescott, AZ",18504,74788,252013,12.437235952464569,63348.371212121216,53530.0,31439.681569393677,0.34077249198564363,0.3456762993967306,0.1149096095812317,1.3516216216216217,0.3861003861003861,3.5082046332046333,0.12364088226157191,0.11618515066790928,0.06508232370301335,0.04597701149425287,0.07579993786890339,0.1267474370922647,0.08294501397949673,0.04193849021435228,3
14580,"Bozeman, MT",23004,103918,126984,11.751816373252078,68466.22775800712,60320.0,34684.58201118758,0.39302586286214586,0.3813660477453581,0.13595064787616265,1.6203886925795052,0.4134275618374558,3.1244098939929326,0.1298434287521746,0.11070694290684802,0.04396647161157678,0.04032895777320892,0.0676893879487585,0.11671674837893405,0.06753123517317729,0.06104697137434762,3
28700,"Kingsport-Bristol, TN-VA",11004,62096,314259,12.657972765660526,61018.41954022989,51620.0,34990.56637917274,0.21967522369018824,0.21317550074673625,0.08447142399611825,1.1391666666666667,0.27586206896551724,2.6339683908045974,0.11153417533432393,0.09361069836552749,0.07095096582466567,0.052563150074294206,0.05637072808320951,0.13020059435364043,0.10215453194650817,0.05219167904903418,4
28450,"Kenosha, WI",15468,83529,168754,12.036197312157551,69450.75396825396,59785.0,38894.052114269536,0.2740467700117173,0.25873145053271146,0.11473909477096154,1.1235887096774193,0.29435483870967744,3.6811249999999998,0.09461856889414548,0.09861028976936724,0.05558840922531047,0.04878769958604376,0.04716144293317564,0.11679479597871083,0.19662921348314608,0.04686575990538143,4
34940,"Naples-Marco Island, FL",24384,95862,416233,12.93900047860194,70146.472303207,58400.0,38744.09071076967,0.42225246386560245,0.41753424657534244,0.16211799326763895,1.254356725146199,0.3157894736842105,2.7032017543859648,0.15693338389584124,0.11155353305523955,0.06035899380609278,0.0366578182277841,0.04430539754771837,0.12135001896094046,0.06731133864239666,0.04986727341676147,3
10180,"Abilene, TX",14076,63390,181969,12.111591621880857,58702.206896551725,52350.0,28669.92539408454,0.28770450366380174,0.26888967416149523,0.11453824494110243,1.332975778546713,0.3494809688581315,3.1767543252595156,0.1127731338905998,0.09840152515031529,0.07053820208241678,0.07053820208241678,0.07713741017744537,0.1470890159847485,0.07889719900278633,0.040328493914063644,2
24220,"Grand Forks, ND-MN",11496,69959,104184,11.55391384564754,67311.61157024793,58935.0,33162.0084376102,0.20227428467823846,0.1950625267178667,0.07714294824750477,1.2521399176954733,0.34156378600823045,3.6453004115226335,0.1114298323036187,0.09002647837599294,0.06862312444836717,0.07458075904677847,0.0617828773168579,0.11363636363636363,0.09510150044130626,0.04324801412180053,4
17660,"Coeur d'Alene, ID",18936,83061,188323,12.145913852698568,64319.87804878049,56640.0,33150.380408217905,0.3484443083899256,0.3343270778442621,0.12821635831261116,1.3165040650406505,0.4024390243902439,3.674378048780488,0.12287743130595863,0.10126582278481013,0.060666872491509725,0.033189255943192345,0.07502315529484409,0.140938561284347,0.07378820623649275,0.04260574251312133,3
27900,"Joplin, MO-KS",12012,62796,207131,12.241106722323783,59762.640845070426,52590.0,28192.713273005025,0.2355038876338095,0.22840897122057668,0.08428202412563233,1.2405985915492956,0.31690140845070425,3.297355633802817,0.09526153846153847,0.08873846153846154,0.06793846153846154,0.05858461538461539,0.06375384615384615,0.11236923076923076,0.1387076923076923,0.03581538461538462,2
27980,"Kahului-Wailuku, HI",23316,101168,163769,12.006212177300828,72008.82591093118,62870.0,31700.619775398187,0.3690261561396274,0.3708605058056307,0.11813969999421024,2.064457831325301,0.42570281124497994,3.728534136546185,0.1781807283081073,0.09590888655777012,0.04046156151655927,0.046605724561666416,0.0644387831560018,0.12857785104151057,0.08242169938558369,0.02727408961486588,3
48900,"Wilmington, NC",18936,78890,480522,13.082628291984312,64602.72511848341,53030.0,35511.26175008997,0.3572900300817853,0.35708091030278,0.14187605765488417,1.2113908872901678,0.33093525179856115,2.311441247002398,0.13916180960310853,0.11235081876214266,0.07377185678601166,0.05312239800166528,0.05317790729947266,0.11507077435470442,0.07671384956980294,0.05373300027754649,3
18020,"Columbus, IN",13080,80438,84741,11.347354824913376,65266.46153846154,56270.0,35524.67500656363,0.25026874092372275,0.2324506842011729,0.10944969375542635,2.081025641025641,0.2923076923076923,4.33354358974359,0.08469055374592833,0.0905072126570498,0.041879944160074456,0.02419730107026524,0.05165193113075849,0.10586319218241043,0.09027454630060493,0.04769660307119591,4
29740,"Las Cruces, NM",12372,61154,229366,12.343074259963958,63036.14232209738,54790.0,35375.84734905833,0.24078009182632928,0.22580762912940316,0.09749871257199275,1.2086037735849056,0.28679245283018867,3.424381132075472,0.1193502824858757,0.07923728813559322,0.054943502824858756,0.07387005649717514,0.04533898305084746,0.14067796610169492,0.0596045197740113,0.04293785310734463,4
16020,"Cape Girardeau, MO-IL",10680,65809,100842,11.521310214504622,60511.04761904762,51660.0,36449.134103400494,0.21425953415209734,0.20673642279674487,0.08055688363276363,1.213142857142857,0.32857142857142857,3.9727809523809525,0.11948676824378508,0.10879443998930767,0.10638866613205025,0.03421545041432772,0.07350975674953221,0.12884255546645282,0.0863405506549051,0.040096230954290296,2
11700,"Asheville, NC",16752,76275,422333,12.953549381368873,65079.67289719626,54130.0,35598.192286097255,0.30851913247341983,0.30947719511785576,0.11407988117343439,1.1810791366906475,0.3237410071942446,2.2953980815347723,0.12657311504621896,0.1004566210045662,0.07734714333444705,0.0503953669673683,0.05601960129190333,0.11482347700189331,0.08642387793740951,0.04839068938634592,3
38940,"Port St. Lucie, FL",20664,80659,556336,13.22912770725377,64441.260273972606,54820.0,33187.19803241171,0.38273020081808307,0.37694272163444,0.14152524782357134,1.2043922651933703,0.31767955801104975,2.6426740331491714,0.1192168599576007,0.10387828906347425,0.0850480109739369,0.04451926674148896,0.0640977678014715,0.12451677266492081,0.08984910836762688,0.043272228457413645,3
45060,"Syracuse, NY",13368,76313,655189,13.392679022613276,74805.19157088123,65230.0,41481.379649678645,0.21503873818366395,0.20493637896673308,0.08170737088660211,1.1716470588235293,0.30980392156862746,1.8974392156862745,0.08131106208635361,0.082711769443569,0.07406240151276394,0.07409741919669433,0.05305179115453304,0.1397555765661659,0.0910459782190006,0.05431242777602689,4
47260,"Virginia Beach-Chesapeake-Norfolk, VA-NC",18672,82402,1796689,14.40145608456653,70031.23938879457,60330.0,38564.29071951666,0.3233227218759797,0.3094977623073098,0.12797966779247028,1.3152787456445993,0.2770034843205575,1.7033588850174215,0.10116515377320147,0.09202005148353881,0.05996477442081019,0.06023574041457797,0.05156482861400894,0.10959219617937949,0.08103238043625526,0.07954206747053245,1
46660,"Valdosta, GA",13104,59180,153179,11.939362451174878,56825.97457627119,47855.0,31893.37030260248,0.28139734940760835,0.27382718928117145,0.11287832031323314,1.2749789029535865,0.35864978902953587,3.7943628691983124,0.13094262295081968,0.11209016393442622,0.06372950819672131,0.06434426229508197,0.05635245901639344,0.1223360655737705,0.11926229508196722,0.04795081967213115,2
40220,"Roanoke, VA",14256,72557,315456,12.66177449006505,63804.64646464647,55070.0,35136.233865547445,0.2693067240387827,0.2588705369543386,0.10167472776419888,1.1428535353535354,0.2727272727272727,2.3998813131313135,0.0849989625838578,0.09606473476727298,0.0871429559443945,0.05297738432810015,0.04917352514005118,0.11667473545888374,0.09274500311224843,0.06169167992253959,4
23060,"Fort Wayne, IN",12672,71251,462978,13.045434815740737,64503.76940133038,55370.0,39080.81463929778,0.23652162346778288,0.22886039371500813,0.08746273751227954,1.2105309734513274,0.3185840707964602,2.149546460176991,0.089939795027345,0.08617123948710878,0.07583069074865573,0.043706052667861574,0.04788823015763592,0.11140217840893424,0.10547359713222115,0.04706098625855968,4
21820,"Fairbanks-College, AK",17988,92121,94951,11.461116248043846,73433.49056603774,66945.0,33482.23725283133,0.28770169530275447,0.2686983664425666,0.11106979472093463,2.186132075471698,0.49528301886792453,3.9522830188679245,0.10487885828078328,0.08927978758712247,0.06007301692665118,0.032525721871888486,0.07500829737802854,0.143046797212081,0.0879522071025556,0.05277132426153336,3
27100,"Jackson, MI",11580,66155,160233,11.984384284912215,63785.92105263158,54980.0,31534.771669667385,0.21687522913754959,0.21062249031855956,0.08326754507938622,1.4851965065502184,0.34497816593886466,3.7753144104803495,0.0890580008227067,0.09584533113944879,0.059234882764294526,0.05121349238996298,0.06149732620320856,0.12134923899629782,0.07712875359934183,0.04936240230357877,2
10500,"Albany, GA",11700,56851,146051,11.891711154762662,60243.966244725736,52060.0,36670.198706651376,0.24418004130275497,0.2247406838263542,0.10399777385937577,1.2229237288135595,0.3601694915254237,3.7257076271186444,0.09695451040863531,0.1110254433307633,0.07440246723207401,0.05551272166538165,0.054548959136468775,0.13878180416345412,0.11121819583654588,0.06168080185042406,2
38900,"Portland-Vancouver-Hillsboro, OR-WA",21204,98994,2537070,14.74652042984445,82125.27326440177,71460.0,47586.6173270473,0.3118215175126387,0.29672544080604535,0.11795291100657936,1.2219069069069068,0.3063063063063063,1.4666066066066066,0.08776739321141777,0.0802010931911735,0.05665024630541872,0.053596733922666846,0.062158377758283284,0.11316553073756663,0.0879445306700857,0.0787924286389095,1
37100,"Oxnard-Thousand Oaks-Ventura, CA",27756,114238,835427,13.635698250369717,77679.97929606626,66660.0,39225.70669557407,0.4297395960151908,0.4163816381638164,0.1650273818647599,1.229648033126294,0.2981366459627329,2.011006211180124,0.10437158469945355,0.09164255866280939,0.0486660237865638,0.05438765670202507,0.06875602700096432,0.11125040180006429,0.07563484410157506,0.06499517839922854,1
40420,"Rockford, IL",12168,70111,337103,12.728143800618922,65498.63501483679,58510.0,33613.400874790495,0.220284871551011,0.2079644505212784,0.08151036686131238,1.1962611275964392,0.29080118694362017,2.8491097922848665,0.09498878085265519,0.08302169035153328,0.07367240089753178,0.05175766641735228,0.06551982049364248,0.10882572924457741,0.1219147344801795,0.03709798055347793,4
45940,"Trenton-Princeton, NJ",20928,104148,392138,12.879369097637097,81516.67415730337,74420.0,39528.72024299536,0.31160189911089187,0.28121472722386454,0.13098333956628824,1.377359813084112,0.3411214953271028,2.149135514018692,0.06325547577933291,0.07357084431518676,0.055166772698354995,0.05943833499954558,0.0990638916659093,0.1313278196855403,0.06661819503771699,0.11369626465509407,1
25940,"Hilton Head Island-Bluffton-Port Royal, SC",22836,88348,237393,12.377472274623571,63124.63503649635,52295.0,37391.301069284316,0.44570933111241945,0.4366765505068622,0.18185437055686865,1.242572463768116,0.322463768115942,3.4281195652173917,0.16602117221791893,0.12780790085205268,0.05357603924606248,0.042860831396849985,0.05719080815904983,0.12677510973405628,0.06403304931577589,0.04247353472760134,3
20020,"Dothan, AL",10764,60024,154766,11.949669577770859,55427.44769874477,43140.0,38217.83108977127,0.2502352788257754,0.24951321279554936,0.10762723773490354,1.454159663865546,0.4369747899159664,3.750273109243697,0.10554728220402085,0.12900223380491438,0.09903201787043932,0.03090096798212956,0.04300074460163812,0.10927029039463887,0.12658227848101267,0.03332092330603127,2
36980,"Owensboro, KY",10236,67068,112812,11.633477995366551,59377.1921182266,52130.0,34765.12272261315,0.21034014170968618,0.19635526568194897,0.08542499705457605,1.320742574257426,0.36633663366336633,4.3641980198019805,0.10879737950397754,0.09803462798315396,0.07697707065980346,0.05779129620963968,0.05615348619560131,0.12985493682732804,0.10458586803930744,0.033926064576509124,2
37140,"Paducah, KY-IL",9876,64271,99814,11.51106373302228,62122.32323232323,56325.0,34356.13950196889,0.1944100946640271,0.17533994658594626,0.08032397175559523,2.043737373737374,0.36363636363636365,4.382136363636364,0.11627906976744186,0.1069311445508436,0.08527131782945736,0.04833561331509348,0.06269949840401277,0.13087095303237575,0.12859097127222982,0.034427724578203374,2
12100,"Atlantic City-Hammonton, NJ",17604,80806,372989,12.829304207574474,73695.29411764706,63500.0,45069.074789852,0.29435203574478236,0.2772283464566929,0.1158191345115187,1.700527704485488,0.36675461741424803,2.5394511873350925,0.15980056092240574,0.09379869118105329,0.05920847616079775,0.0572140853848551,0.054160174509192895,0.12253038329697725,0.06357120598317233,0.034403240885010906,3
49660,"Youngstown-Warren, OH",10056,57812,426086,12.962396482811172,59547.17032967033,53055.0,30927.633474881033,0.19973683417608307,0.18953976518602939,0.0736572710208366,1.2112777777777777,0.3277777777777778,2.615908333333333,0.11506123800066204,0.0988414432307183,0.07706057596822244,0.058854683879510095,0.060642171466401856,0.10830850711684872,0.10956636875206885,0.039920556107249254,2
36220,"Odessa, TX",16044,78058,170022,12.043683119424125,63275.2479338843,53865.0,36143.19213773291,0.31119401271612407,0.2978568822957198,0.1254428472265059,2.645020746887967,0.31950207468879666,3.740804979253112,0.11583228158743514,0.10166877015846305,0.034357032674239237,0.03800308512130136,0.07544523909690086,0.10952180619828916,0.12158182583087926,0.03000981629504978,3
11500,"Anniston-Oxford, AL",10980,52719,116427,11.665019746144086,54949.179487179485,46870.0,29871.85905230563,0.24543133311199491,0.23426498826541498,0.10165761318187055,1.7791099476439791,0.42408376963350786,4.387607329842932,0.12324234904880066,0.12131237937689551,0.06975461814171492,0.02178108629721533,0.041080783016266886,0.11166253101736973,0.10669975186104218,0.04521643231320651,2
16220,"Casper, WY",11964,71381,80410,11.294893825542195,63667.76119402985,55600.0,33589.354094157374,0.22888312606815875,0.21517985611510793,0.09510472170876635,2.1037128712871285,0.4405940594059406,4.207955445544554,0.10986082321587208,0.10956470239857861,0.05863192182410423,0.03050044418122594,0.05715131773763696,0.1211134142730234,0.10156944033165531,0.04352976014213799,2
11540,"Appleton, WI",13968,82501,248992,12.425176046416656,66311.39130434782,57670.0,35170.45553081008,0.25124757744633536,0.24220565285243628,0.09659848438262215,1.3501440922190202,0.33429394812680113,2.748913544668588,0.08716256241008716,0.10095624947110096,0.047389354320047386,0.047897097402047895,0.04747397816704747,0.12160446813912161,0.09926377253109926,0.05762883980705763,4
13820,"Birmingham, AL",15144,74954,1192583,13.991632100999698,65853.14741035856,55285.0,39701.19322849943,0.28702155710810295,0.2739262908253497,0.1231214851573265,1.088835758835759,0.31392931392931395,1.9883326403326405,0.08680029875451664,0.10331254163386423,0.08821332687377621,0.04564080825208422,0.058943458689113624,0.11546458345949656,0.10042592704737681,0.059326994892912654,4
48540,"Wheeling, WV-OH",9300,55531,135136,11.81403695773367,61444.00763358779,52840.0,37093.95928824667,0.18840200037191154,0.17600305322382873,0.07757760061564554,2.8957414448669203,0.4068441064638783,3.4325057034220534,0.11542792792792793,0.10548048048048048,0.07845345345345345,0.04973723723723724,0.060810810810810814,0.12030780780780781,0.09102852852852852,0.0365990990990991,2
44140,"Springfield, MA",13896,71402,464151,13.047965209301681,75420.98984771574,66515.0,39197.75640467451,0.22104920992375424,0.20891534011234464,0.08456326663614444,1.156298200514139,0.29048843187660667,2.4526915167095114,0.08230018464785017,0.07596940121340016,0.07860722764442099,0.07633869691374308,0.06684252176206805,0.1087839620152994,0.07908203640200474,0.04911632814560802,4
14260,"Boise City, ID",19536,88695,844979,13.647067053959487,66350.54325955735,59550.0,32023.396611712647,0.3455077854059399,0.32806045340050377,0.12924560787518224,1.1424528301886794,0.2851153039832285,2.022054507337526,0.08598862782963201,0.08510352966419912,0.05855058470121231,0.04404033901941852,0.07233665915674284,0.13957729857311446,0.0896899474305332,0.05967707327539964,1
24580,"Green Bay, WI",12624,79876,334697,12.720980923908575,66293.01470588235,58530.0,35723.728712167205,0.22561885680992058,0.21568432114333755,0.0843416456145108,1.2840533980582525,0.3058252427184466,2.3264611650485434,0.08411614005123826,0.09210686836647554,0.0677076979382701,0.04727339270464804,0.04940832011711602,0.12114188117604001,0.10278150542881542,0.05776503598877638,4
17860,"Columbia, MO",13380,80142,217988,12.292195294384587,64811.38036809816,56925.0,33104.330680154664,0.24688344696497702,0.23505331080247838,0.09537452692782473,1.2688437499999998,0.309375,2.88568125,0.11264720942140297,0.0797747055811572,0.09759344598054276,0.07649769585253456,0.07762416794674859,0.1279057859703021,0.06728110599078341,0.06625704045058883,4
40900,"Sacramento-Roseville-Folsom, CA",22848,98775,2463127,14.71694223890773,84019.4171779141,73195.0,44099.809132902315,0.33005564134490023,0.3121524708875843,0.13212366264949632,1.1276780185758515,0.25232198142414863,1.5207229102167183,0.08750978482921894,0.07465108730931516,0.058785344712373754,0.06119098077400386,0.06481852721614449,0.11157569162036772,0.07404967829390763,0.08682246024018175,1
11180,"Ames, IA",11400,70873,129227,11.769325826825883,66011.45593869731,55790.0,32606.340195566445,0.20761360818838723,0.20433769492740633,0.08369907726295132,1.59816091954023,0.37547892720306514,3.332340996168582,0.11235955056179775,0.09070480081716037,0.056179775280898875,0.05801838610827375,0.06945863125638406,0.09867211440245148,0.07436159346271706,0.07129724208375894,4
31340,"Lynchburg, VA",12780,65735,267427,12.49660191087872,64615.83081570997,53840.0,35440.72672858274,0.2406755063243683,0.23736998514115898,0.09308931820056618,1.242909090909091,0.3181818181818182,2.811509090909091,0.1049889135254989,0.11031042128603104,0.06784922394678493,0.054767184035476715,0.049113082039911306,0.11008869179600887,0.08181818181818182,0.054767184035476715,4
25180,"Hagerstown-Martinsburg, MD-WV",13464,80901,312992,12.65393291009022,65830.47197640118,56960.0,33657.15750410111,0.24404987963113267,0.23637640449438202,0.0917319284553343,1.1610119047619047,0.2708333333333333,2.791931547619048,0.09517102615694165,0.09507042253521127,0.0687122736418511,0.0647887323943662,0.06529175050301811,0.12132796780684105,0.1369215291750503,0.049798792756539235,4
47220,"Vineland, NJ",14412,68067,155678,11.955545050471946,67893.79166666667,59085.0,32327.30783728556,0.2515566620169463,0.2439219163893875,0.09397851474959922,1.6956846473029046,0.42738589211618255,3.723643153526971,0.07449908925318761,0.07795992714025501,0.06429872495446266,0.07632058287795992,0.044444444444444446,0.11293260473588343,0.1588342440801457,0.030601092896174863,2
48060,"Watertown-Fort Drum, NY",14712,70624,113140,11.636381268897146,65553.17708333333,57920.0,30369.92589312357,0.26282718515989184,0.2540072284770051,0.09429061920649272,1.5386528497409326,0.44559585492227977,4.4703108808290155,0.11909711909711909,0.11078111078111078,0.06682506682506682,0.09563409563409564,0.04603504603504603,0.1277101277101277,0.08375408375408376,0.0498960498960499,2
12980,"Battle Creek, MI",11892,65024,133785,11.803989312768417,67024.74137931035,56735.0,37442.177665449606,0.21583337296445942,0.20960642956659178,0.08409775141953638,1.3643290043290044,0.36796536796536794,3.8535627705627706,0.09903685092127303,0.07788944723618091,0.06448911222780569,0.038525963149078725,0.0678391959798995,0.11306532663316583,0.06742043551088778,0.06176716917922948,4
42100,"Santa Cruz-Watsonville, CA",27516,107893,262406,12.47764820164431,82730.15290519877,70510.0,44317.01697468853,0.4059709858509493,0.3902425187916608,0.16248829133932902,1.2641744548286604,0.3302180685358255,2.8299657320872273,0.12324179504353651,0.09220808216119669,0.04967626702388926,0.058606831882116545,0.07144451886581826,0.12000446528242911,0.06809555704398303,0.05949988836793927,1
49620,"York-Hanover, PA",14436,81453,471240,13.063122797360055,66259.49874686716,56540.0,36878.14583803843,0.26479454389263046,0.2553236646621861,0.10493168675889479,1.1483165829145727,0.2964824120603015,2.426319095477387,0.08482824967460811,0.08431894063720219,0.06123026427480052,0.04770527983702111,0.06298455095919869,0.10786033614396469,0.15267953143568558,0.050251825024050706,4
45300,"Tampa-St. Petersburg-Clearwater, FL",21312,78275,3424560,15.046483554272566,69442.80620155038,57440.0,48207.21388474087,0.3800976619278122,0.3710306406685237,0.14426193905101675,1.0085055643879173,0.24006359300476948,1.5607631160572337,0.09865531025325931,0.09690382360834499,0.07231238611805585,0.041618995155161945,0.06731217424467138,0.1386640676864839,0.07936776982075512,0.08245405878780174,1
30700,"Lincoln, NE",13368,74935,351919,12.771156314463665,65417.523148148146,58840.0,32220.349590370373,0.24040045656159653,0.22719318015899734,0.08915066171905627,1.3249074074074074,0.40046296296296297,2.2184606481481484,0.09428736295441431,0.08390075014425852,0.06312752452394692,0.05683785343335257,0.07657241777264859,0.12192729371032891,0.08159261396422389,0.06462781304096941,4
33340,"Milwaukee-Waukesha, WI",14124,77919,1574452,14.269417833189983,72917.13087248322,62655.0,42223.67313205561,0.2365858548770135,0.22542570556341474,0.09423572580683708,1.0523076923076924,0.24273504273504273,1.6857675213675214,0.08306108306108306,0.08724383724383725,0.07149044649044649,0.05016830016830017,0.05446242946242946,0.1177977427977428,0.08844421344421344,0.07083457083457083,4
26420,"Houston-Pasadena-The Woodlands, TX",17628,81417,7796182,15.869144684642375,72489.24198250729,59760.0,43662.187546232504,0.30836646263967027,0.2949799527180512,0.1340875253486071,1.0995671641791045,0.21343283582089553,1.463902985074627,0.09539691662191403,0.0852027372910366,0.058822236249948964,0.061416318852322585,0.07795438057641395,0.11896977862362876,0.09648982309361623,0.06003762361934193,1
16580,"Champaign-Urbana, IL",13236,64980,243252,12.401853222008285,69489.75757575757,61880.0,33872.372105276576,0.22543905897613803,0.21389787242510663,0.08591127665909894,1.5001807228915662,0.34036144578313254,2.730716867469879,0.1080568720379147,0.07382833070036862,0.08446550816219063,0.0850974196945761,0.07593470247498683,0.11606108478146393,0.08583464981569247,0.047919957872564506,4
38660,"Ponce, PR",6192,23324,265039,12.487632263951266,38341.607142857145,29110.0,21313.703545852542,0.19726418771680554,0.21271043389600092,0.07227453658726289,1.6039366515837103,0.4117647058823529,4.097452488687783,0.09918501820704005,0.1387203051846714,0.07473556441824172,0.08635338997745795,0.03294607248135946,0.1532859372290619,0.07577596670712676,0.03849488468874632,2
28140,"Kansas City, MO-KS",15780,83785,2254288,14.628344738267874,69957.51196172248,60370.0,38797.334871880055,0.2697792992179827,0.26138810667550105,0.10031073083441398,0.9733011272141706,0.18357487922705315,1.5988711755233493,0.08967143501929756,0.08770944060130983,0.06812634138702874,0.05019205438316922,0.06892771938874202,0.11824470583900593,0.09464550537475935,0.07705203430266297,4
44220,"Springfield, OH",10956,64897,134985,11.812918940136159,60516.51960784314,54850.0,29501.602664065253,0.21427535186601812,0.19974768640519408,0.08101295931915486,1.2839613526570046,0.34782608695652173,4.288642512077295,0.10242972844211529,0.0843258694616484,0.06908051453072891,0.06812767984754645,0.05979037636969986,0.12148642210576464,0.1388756550738447,0.041686517389232965,2
41500,"Salinas, CA",24084,93290,436251,12.985973044759756,77906.18037135279,67350.0,38356.075897359166,0.3701648565300321,0.35759465478841873,0.14165398826942144,1.6246195652173914,0.25271739130434784,2.5877146739130437,0.1045180213209995,0.0728749506458345,0.04235997518190535,0.06086073664617294,0.047323594111342994,0.08855547408201252,0.0881042359975182,0.03688871340741159,1
16820,"Charlottesville, VA",18504,95796,226140,12.328909555489236,72150.19943019943,60630.0,39544.53752004694,0.31448723952870794,0.30519544779811975,0.1268596018574206,1.281542857142857,0.32285714285714284,2.50578,0.11157150075795856,0.08721576553815058,0.0786255684689237,0.06043456291056089,0.06720565942395149,0.10985346134411318,0.0517433046993431,0.08246589186457808,1
48680,"Wildwood-The Villages, FL",13860,78807,154693,11.949197786668618,66679.66666666667,52635.0,41630.09712312051,0.26106056484192425,0.263323285587591,0.10581485912330195,1.5248022598870055,0.4463276836158192,4.797220338983051,0.145352279455299,0.11900532859680284,0.0793368857312019,0.017169923031379514,0.06127886323268206,0.12551805802249852,0.08140911782119598,0.046773238602723505,2
41940,"San Jose-Sunnyvale-Santa Clara, CA",33924,164801,1995484,14.506397185398189,100347.9931972789,87720.0,54364.267435691356,0.4202919636201174,0.38673051118182006,0.179826544491108,1.1024957555178267,0.2597623089983022,1.66930220713073,0.07217640731444962,0.0670311939763356,0.0484671925421298,0.04497131588382933,0.10665112943707422,0.08636608103262818,0.0444693438508426,0.08744173538902833,1
31020,"Longview-Kelso, WA",14076,78460,113982,11.643795820173104,73749.07766990291,63565.0,34707.63684324703,0.2238374842359955,0.221442652046329,0.08048843900797885,1.976844660194175,0.4029126213592233,4.175126213592233,0.09906329832529094,0.0959409594095941,0.04598353675844451,0.06216292932160091,0.03888731195004258,0.11524269088844735,0.11013340902639795,0.04569968776610843,2
17300,"Clarksville, TN-KY",15120,72347,344003,12.74840565724774,60732.724252491695,52630.0,33065.82131477121,0.30113550701793973,0.28728861865855976,0.11954302667210466,1.223927392739274,0.33663366336633666,3.0448118811881186,0.12039523144667598,0.09633766512726882,0.05874771775319514,0.07099130061217915,0.05874771775319514,0.13059821716249598,0.09128987219417893,0.04478573729996778,4
40980,"Saginaw, MI",11664,61455,187714,12.142674806900207,65005.197132616486,55340.0,36491.94485690528,0.21815409841113528,0.210769786772678,0.08503149248140078,1.2208992805755396,0.3129496402877698,3.2732589928057556,0.09731219848380428,0.1093039283252929,0.0793935217091661,0.03997243280496209,0.05651274982770503,0.12915230875258443,0.07401791867677464,0.05444521019986216,4
33780,"Monroe, MI",12024,75766,156045,11.957899706173105,66951.59793814433,58580.0,34753.969050899424,0.21955997799104182,0.20525777313739885,0.0901408795686476,1.6512244897959183,0.34183673469387754,4.396010204081633,0.11405005688282138,0.10238907849829351,0.04607508532423208,0.06228668941979522,0.060580204778156996,0.10494880546075085,0.11916951080773606,0.040955631399317405,2
46540,"Utica-Rome, NY",10656,71584,287932,12.570479620128355,68081.18644067796,59550.0,32302.917316298383,0.18463999858539676,0.17894206549118388,0.06759558150765232,1.3028808864265928,0.33240997229916897,2.57416620498615,0.09139291613140026,0.08368507983116168,0.06478252890438613,0.07643604331069921,0.04808221692053588,0.1349788952101303,0.0772618829142962,0.05285373463020738,4
49180,"Winston-Salem, NC",13224,65903,705187,13.466218294849265,63940.720338983054,53470.0,34930.488017068754,0.25092192170407285,0.24731667597050194,0.09774506670556352,1.22,0.2692307692307692,2.064709401709402,0.09784254352763058,0.09436033308099924,0.09023467070401212,0.060787282361847085,0.05639666919000757,0.11529144587433762,0.09909159727479182,0.05711582134746404,4
40380,"Rochester, NY",14064,76453,1057218,13.871151487674025,72297.18637992832,62550.0,34604.69987803998,0.2294491843410784,0.22484417642155086,0.0846064378163928,1.1550970017636686,0.31393298059964725,1.720278659611993,0.08331940847188571,0.08131422842342718,0.07375302865736486,0.08129334113125575,0.05543487342300944,0.1235901077784276,0.07097501879856295,0.058129334113125576,4
37620,"Parkersburg-Vienna, WV",10548,54861,87120,11.375041757606843,57546.294117647056,48955.0,32794.6332531535,0.22912184449938516,0.21546345243176865,0.09755431354134544,1.5853571428571427,0.43452380952380953,5.031779761904762,0.12006369426751592,0.12006369426751592,0.06910828025477707,0.04203821656050955,0.055414012738853505,0.11942675159235669,0.08535031847133757,0.07101910828025478,2
28940,"Knoxville, TN",14628,74184,957376,13.771951487734134,65197.00729927007,55155.0,39060.86956827205,0.2751256956340121,0.26521657721331704,0.11003873018000826,1.1800555555555556,0.29259259259259257,1.8155944444444445,0.10166597555918726,0.08837231992584824,0.06529746078981388,0.04822304071029587,0.06746835134278117,0.1334731809644608,0.09225065248676732,0.05449179208234749,4
30340,"Lewiston-Auburn, ME",12912,68775,115272,11.65504983201277,66126.16666666667,54535.0,41354.98309859501,0.2320233981399398,0.2367653820214224,0.07676780921675766,1.7873617021276598,0.3872340425531915,3.7314000000000003,0.08742911153119093,0.09120982986767485,0.06474480151228733,0.06143667296786389,0.057892249527410206,0.1285444234404537,0.1167296786389414,0.038988657844990546,2
42540,"Scranton--Wilkes-Barre, PA",12864,68079,574009,13.260400354621291,63690.82774049217,55880.0,32556.305706292325,0.24138060575018058,0.23020758768790264,0.0940883207608426,1.033905191873589,0.2325056433408578,2.1773972911963884,0.08355773153814769,0.08053855569155446,0.06858425132598939,0.053039575683394534,0.056140350877192984,0.1211342309261526,0.1576907384740922,0.043451652386780906,4
27620,"Jefferson City, MO",10488,73164,152832,11.937094557872165,59533.46020761246,51730.0,29296.92345787354,0.20636280462852954,0.20274502223081384,0.07332400741750336,1.519201388888889,0.3402777777777778,3.119548611111111,0.07465029974307737,0.06979731658578361,0.04510419640308307,0.04695974878675421,0.08435626605766486,0.16043391378818156,0.07322295175563802,0.0879246360262632,4
21500,"Erie, PA",10656,63322,267750,12.497808988309995,61173.47953216374,54250.0,31507.241701650255,0.20849543557453773,0.19642396980777574,0.08054171452714529,1.2317441860465117,0.2936046511627907,2.7353604651162793,0.09978674249155856,0.08432557312955394,0.07410698418340146,0.05615781055624667,0.05695752621290208,0.11613648480540252,0.07686156033410343,0.0418517860316332,4
31180,"Lubbock, TX",14484,64469,367530,12.814560226956326,60190.9462915601,51150.0,32526.226315590404,0.2941342740313857,0.2831671554252199,0.12000346728661893,1.1217179487179487,0.2794871794871795,2.407420512820513,0.12428396730385531,0.09718735920705412,0.07260088820235566,0.07163545085923924,0.07240780073373237,0.14365707665572505,0.08785479822359529,0.038102593808328505,4
37860,"Pensacola-Ferry Pass-Brent, FL",17772,74248,538928,13.197337260263428,62705.65217391304,53560.0,32500.63982836441,0.33744417953443684,0.331814787154593,0.12474183078394627,1.104948717948718,0.3230769230769231,2.448297435897436,0.1247159248378693,0.10731112466049554,0.0788204644975334,0.04212626794523585,0.0647968516157641,0.1313120115292944,0.0708940746078377,0.06623801341389059,3
43580,"Sioux City, IA-NE-SD",12024,80163,145567,11.888391740704455,63883.60824742268,53100.0,38314.19815660936,0.22817466077044332,0.2264406779661017,0.08516096404127084,1.63625,0.2916666666666667,3.2054513888888887,0.0934350705441981,0.08911603800748633,0.05254822919665995,0.05513964871868701,0.051972358191765045,0.10063345810538439,0.13374604088684136,0.040598905845090696,4
39660,"Rapid City, SD",14016,78056,153470,11.941260387169141,61914.25742574257,52170.0,36603.3812721725,0.2725786245994238,0.26866014951121336,0.1002091907041234,1.5669594594594594,0.46283783783783783,3.091581081081081,0.12102782423597384,0.12300440930515433,0.08286452790025847,0.044397141553899955,0.036186711266534895,0.1268055344381937,0.07769499771932492,0.05686483199026912,2
49340,"Worcester, MA",18756,96602,881248,13.689094363602495,79043.98760330578,68790.0,42668.83927093189,0.2874574021320567,0.2726561916216095,0.1126396355886933,1.2299579831932774,0.35084033613445376,2.0473466386554624,0.07945069683363462,0.08096682022275352,0.07755554259723599,0.08394075456294828,0.07341535949618054,0.11210566213773397,0.0780803545396233,0.053385037028398155,1
47940,"Waterloo-Cedar Falls, IA",12564,72382,170081,12.044030073144567,63876.88679245283,55830.0,33000.6326685326,0.23449243821386626,0.2250408857186416,0.09027105836783127,1.3398417721518987,0.3227848101265823,2.938911392405063,0.09213681686229963,0.09036980941562539,0.06424334216837056,0.06664142370314274,0.06020446800454373,0.1080398838823678,0.11081660986999874,0.046194623248769405,4
25980,"Hinesville, GA",16056,66943,89657,11.403746557412857,57319.91452991453,54440.0,24230.285783097213,0.33062784593224004,0.2949301983835415,0.1353293600569806,1.641344537815126,0.4369747899159664,6.465109243697478,0.11976819059884096,0.10238248551191242,0.0437862202189311,0.09916291049581455,0.05859626529298133,0.128783000643915,0.15582743077913716,0.06567933032839665,2
14460,"Boston-Cambridge-Newton, MA-NH",25116,117825,5025517,15.430038892189195,85090.45845272206,71895.0,47301.777980076666,0.3615785722063011,0.34934280677781004,0.1449255380309202,1.1098482549317148,0.2928679817905918,1.4953232169954476,0.07922636156841288,0.07840940178307094,0.0700449327881938,0.0667283758614616,0.09692216022155349,0.10352529389940901,0.05901972320802869,0.08934841835836053,1
17410,"Cleveland, OH",13044,72532,2171877,14.59110232859818,68678.272,60130.0,37354.81920934802,0.22760399219139368,0.21692998503242975,0.08702768067618516,1.0657259380097879,0.25938009787928223,1.6060016313213703,0.08591247097551656,0.0822286884362539,0.0807786889261186,0.05227836071677003,0.07391078584095073,0.11917428406274187,0.08392362029607423,0.06858105791180476,4
40340,"Rochester, MN",16536,90584,230742,12.3490554822083,77865.9935897436,65295.0,49017.42779160722,0.26676441310980986,0.25326239509443405,0.11233403540885484,1.2934920634920635,0.27936507936507937,2.731968253968254,0.0956297217175098,0.078033852921488,0.14191450702878455,0.054413311657263076,0.05814287080424596,0.13435975901310127,0.06321124605527398,0.04456345032035957,4
39380,"Pueblo, CO",13536,62128,169866,12.042765169917498,64824.703557312256,56670.0,31976.3747673958,0.24377411953696704,0.23885653785071467,0.08321243102446507,1.312244094488189,0.39763779527559057,3.5233779527559053,0.11182336182336182,0.11004273504273504,0.08101851851851852,0.05733618233618234,0.03881766381766382,0.12001424501424501,0.0860042735042735,0.050035612535612534,2
48300,"Wenatchee-East Wenatchee, WA",16500,79977,127023,11.75212345140588,71778.44827586207,61555.0,33993.79885144188,0.27143070036034245,0.2680531747696961,0.09885747984470417,1.852844827586207,0.3706896551724138,3.8922499999999998,0.11869499892680833,0.10581669886241683,0.05988409529942048,0.05945481863060743,0.037990985189954925,0.11032410388495385,0.11332904056664521,0.042927666881305004,2
33540,"Missoula, MT",15984,75290,126608,11.748850977848974,63856.73139158576,54880.0,34737.30611834244,0.2982093841995709,0.29125364431486883,0.11146316679874646,1.7395081967213113,0.46885245901639344,2.975052459016393,0.12009925558312655,0.10140612076095946,0.06699751861042183,0.04201819685690653,0.06220016542597188,0.12489660876757651,0.0749379652605459,0.06385442514474772,3
15980,"Cape Coral-Fort Myers, FL",22452,83602,860959,13.665802163228426,65361.739130434784,55340.0,38175.076433845636,0.4129159907356096,0.4057101554029635,0.14956098777728657,1.2020512820512819,0.3006993006993007,2.241076923076923,0.11733951942386261,0.11654317568035455,0.07056298040301918,0.035177619278443324,0.06526556332663942,0.13156983588394155,0.07350598988989682,0.05131223599473721,3
49420,"Yakima, WA",13272,75399,258523,12.462739943827525,70482.30769230769,59430.0,35572.4148889631,0.2221032996029112,0.223321554770318,0.0785001298424008,1.7661694915254236,0.31864406779661014,3.163328813559322,0.08747687955608748,0.08845609835708845,0.04678489827004678,0.07703187901207703,0.03361984550103362,0.10608203677510608,0.1422043303231422,0.03895114786203895,4
35380,"New Orleans-Metairie, LA",15144,62373,966230,13.781157180092578,68927.45526838966,59090.0,39330.00825942883,0.2768759412632615,0.2562870198003046,0.12503064816026652,1.6134631147540983,0.3319672131147541,1.969485655737705,0.11571300533044011,0.09248077739516015,0.07663097315911128,0.0486815415821501,0.06429548563611491,0.12316618708429643,0.09457993301570829,0.05186565404028492,4
27500,"Janesville-Beloit, WI",13800,70556,165461,12.01649079648271,66178.54961832061,57585.0,34908.54986714617,0.2539976829763032,0.2396457428851264,0.10619620085683774,1.1830651340996168,0.32567049808429116,3.486896551724138,0.10352492854874563,0.09510955859002858,0.0528739282311845,0.06208320101619562,0.050492219752302316,0.11781517942203874,0.1365512861225786,0.0554144172753255,4
28660,"Killeen-Temple, TX",15396,68465,509487,13.141159616108407,60685.186170212764,52310.0,29780.336778349476,0.3064321234251265,0.29432248140715256,0.1244341093788188,1.144920634920635,0.30158730158730157,2.532320105820106,0.11189990862444647,0.08533070921487312,0.09643635341252547,0.08490897589091165,0.06635270963660646,0.12103746397694524,0.09383566458142968,0.04821817670626274,4
26300,"Hot Springs, AR",12300,60453,99902,11.511944984456267,52566.98324022346,44860.0,29474.64489983938,0.2812538172086057,0.2741863575568435,0.10188748833384666,1.2356424581005587,0.4245810055865922,4.809480446927375,0.1468424279583078,0.12783568362967504,0.08645003065603923,0.039852851011649294,0.06621704475781728,0.13120784794604537,0.0824647455548743,0.03341508277130595,2
41060,"St. Cloud, MN",12468,75688,205878,12.23503903932277,72350.94224924012,62030.0,47268.8127604258,0.21085903385785976,0.20099951636305013,0.0805664442395285,1.4015076923076923,0.3261538461538461,2.859003076923077,0.08388773388773389,0.09698544698544699,0.07453222453222454,0.05758835758835759,0.058731808731808735,0.12525987525987525,0.09563409563409564,0.051871101871101874,4
31700,"Manchester-Nashua, NH",20568,106013,430462,12.972614329499821,73668.3295711061,62080.0,41610.06057547572,0.3409728639553752,0.3313144329896907,0.13670444280473923,1.2195899772209566,0.3234624145785877,2.216635535307517,0.08311741096377585,0.09851140578163897,0.0700604582634761,0.057765584514555705,0.07996748463140782,0.13366864807194026,0.06797744246303918,0.06401463191586648,1
45500,"Texarkana, TX-AR",11268,58000,146210,11.892799223411483,57894.69298245614,49750.0,36037.01072780696,0.239525482647418,0.22649304797576103,0.09698802314821155,1.240472103004292,0.3648068669527897,3.809523605150215,0.11416241663397411,0.10533542565712044,0.07375441349548843,0.06571204393879954,0.06747744213417026,0.12397018438603374,0.10298156139662613,0.037857983522950174,2
13220,"Beckley, WV",11220,51327,110979,11.61709627320675,55569.40594059406,50140.0,31004.546972640488,0.2469876244461125,0.22377451141255544,0.10087598196562657,4.28105,0.44,4.4085849999999995,0.10934182590233546,0.10509554140127389,0.09209129511677282,0.0522823779193206,0.053874734607218686,0.11809978768577495,0.08359872611464968,0.03078556263269639,2
24020,"Glens Falls, NY",13680,71090,125127,11.737084500505762,67026.98795180723,58760.0,33139.5850934374,0.23957908638572387,0.23281143635125937,0.08403315655184211,1.5672373540856033,0.4357976653696498,3.5432451361867705,0.10220572177331295,0.10569993448351168,0.06442454684428915,0.07403363179733566,0.05437868530246779,0.12710198733347894,0.07294169032539856,0.038217951517798644,2
23900,"Gettysburg, PA",14052,86279,107914,11.589089892597757,60297.816091954024,50830.0,29965.862308191576,0.27914521243480284,0.2764513000093316,0.10690296603077909,1.5213142857142858,0.4228571428571429,4.8235085714285715,0.13126843657817108,0.09292035398230089,0.041666666666666664,0.06305309734513274,0.0637905604719764,0.11393805309734513,0.10988200589970501,0.03502949852507375,2
45220,"Tallahassee, FL",15960,65009,399098,12.8969622797489,61441.32978723404,54070.0,31072.64883184163,0.30634324562125126,0.29517293408375966,0.1110836939556424,1.3356914893617022,0.31117021276595747,2.447164893617021,0.10015344664778092,0.08929414542020775,0.06232294617563739,0.025495750708215296,0.08209395656279508,0.1419971671388102,0.05370632672332389,0.12163597733711048,4
10900,"Allentown-Bethlehem-Easton, PA-NJ",17496,83974,886418,13.69494390162818,69082.6953125,60045.0,35448.42868235324,0.3031620894617099,0.2913817083767982,0.11786438037188769,1.0899418604651163,0.25775193798449614,1.90359496124031,0.08218914233827697,0.08084087719780976,0.08235423602894643,0.06367113336818644,0.06364361775307487,0.11196103788900201,0.13727540379165176,0.041080813361582695,4
32580,"McAllen-Edinburg-Mission, TX",11652,56720,914820,13.726482603594008,56670.02469135803,46680.0,30990.617435907832,0.25274438562595025,0.24961439588688947,0.1032684058552331,0.9400731707317074,0.21951219512195122,2.374090243902439,0.09205967616488722,0.08972636640033939,0.06331754224704801,0.09534752174220462,0.05391359683235523,0.1274482075938627,0.07498409106978718,0.03347945980343633,4
38340,"Pittsfield, MA",13224,77682,128726,11.765441393382906,74268.07228915663,64610.0,38453.78125806536,0.215176312986343,0.20467419904039622,0.08346710616209917,1.3934262948207172,0.398406374501992,3.5562629482071713,0.10490330142605978,0.09337761281500292,0.06407501465129908,0.07931236569642508,0.07345184606368431,0.1250244188318031,0.055870287165462,0.052549326040242234,4
19780,"Des Moines-West Des Moines, IA",14136,85446,753913,13.533032255717393,71888.67850098619,59990.0,47080.89043654147,0.24390438293870606,0.23563927321220204,0.09778517378443523,1.1600596421471172,0.2922465208747515,1.9447176938369781,0.0819854147215423,0.09563703348557874,0.05329430467586868,0.0565494965807868,0.07310303060889753,0.12405056902773222,0.09086779883418708,0.09465290570037094,4
44060,"Spokane-Spokane Valley, WA",16860,84350,604962,13.312920925122997,74413.57438016529,66740.0,36082.933180487125,0.2640760734472881,0.25262213835881564,0.09217964248320697,1.1399586776859505,0.30165289256198347,2.0058037190082643,0.0903920619554695,0.093054211035818,0.06832849306227816,0.05901097128105841,0.043441432720232334,0.122297515327525,0.0903920619554695,0.06352855759922556,4
25220,"Hammond, LA",13008,56626,139823,11.848132615993713,55952.63440860215,48450.0,31958.207033658204,0.2881348668068035,0.26848710111893903,0.12218436993571032,1.6347849462365591,0.3870967741935484,4.586865591397849,0.13816114681166583,0.1208601087493821,0.083292140385566,0.06500247157686605,0.052150271873455264,0.1198714780029659,0.10949085516559565,0.03559070687098369,2
35840,"North Port-Bradenton-Sarasota, FL",23040,82106,934956,13.748254748339994,65223.822894168465,55280.0,34976.15119244775,0.4196787072525884,0.41678726483357453,0.15018078609745894,1.0832599118942732,0.2753303964757709,2.125160792951542,0.12671911782926526,0.11110766943377524,0.0744641308388056,0.03639573782678726,0.06083508858877462,0.12529426341221658,0.07734481476892578,0.05225498699045967,3
27340,"Jacksonville, NC",16668,73004,212954,12.268831458927002,56839.10313901345,48910.0,31300.241819045994,0.3555216358960143,0.3407892046616234,0.14164348217477174,1.3421076233183857,0.4260089686098655,4.025542600896861,0.16912074042911232,0.12368531762726126,0.054901135885570045,0.07677745056794279,0.04480437526293647,0.13104753891459822,0.08056373580143038,0.054690786705931846,3
45460,"Terre Haute, IN",10716,59209,166552,12.02306285195561,59906.836363636365,53220.0,27814.420388724935,0.21171725783099307,0.20135287485907555,0.08250753487035818,1.3962454873646208,0.3898916967509025,3.2933249097472923,0.125,0.09701492537313433,0.0676729986431479,0.064280868385346,0.0473202170963365,0.11024423337856173,0.09226594301221167,0.034430122116689284,2
19300,"Daphne-Fairhope-Foley, AL",17280,82501,261608,12.474602479137346,56839.36090225564,49730.0,27888.173566460588,0.3673659733157351,0.3474772716382677,0.14983202518718544,1.2729924242424242,0.4128787878787879,3.49632196969697,0.15887127947429455,0.14972297384357686,0.05682257441051411,0.048576214405360134,0.05141090065713181,0.1073315294420822,0.08748872567968045,0.03543357814714598,3
48260,"Weirton-Steubenville, WV-OH",9996,60159,112738,11.632821821545622,58787.740112994354,52290.0,31967.023908884054,0.206979657597858,0.19116465863453816,0.08441099626554678,1.5170391061452515,0.40782122905027934,4.62195530726257,0.11431378971503439,0.09826400262037341,0.09335080248935473,0.06223386832623649,0.0586308548968228,0.1172617097936456,0.11693416311824435,0.03570258761873567,2
18880,"Crestview-Fort Walton Beach-Destin, FL",21408,81933,310149,12.644808106149734,67214.2987804878,56710.0,36604.600412683525,0.385137621536648,0.3775068956047236,0.14890630630054244,1.256676923076923,0.3630769230769231,2.914446153846154,0.15835379795071555,0.11889237022609873,0.051655516978575663,0.04090100770598696,0.07121686849013464,0.11575916673723431,0.061563214497417224,0.07045473791176221,3
29420,"Lake Havasu City-Kingman, AZ",13440,60952,226479,12.330407504375115,61495.89519650655,51620.0,34473.82086717326,0.25866864249269444,0.26036419992251064,0.088542639587698,1.2904803493449781,0.3624454148471616,3.9483711790393015,0.12554890219560877,0.13592814371257486,0.06067864271457086,0.04311377245508982,0.06946107784431138,0.1379241516966068,0.09021956087824351,0.03612774451097804,2
46520,"Urban Honolulu, HI",24012,105205,998747,13.814256772303416,74639.09663865546,67120.0,34283.31485881342,0.3767208202840099,0.35774732617694593,0.14039298829753633,1.4257263157894737,0.40210526315789474,2.018071578947368,0.12926611118956832,0.07755495928070423,0.062185190415666336,0.06531563338511509,0.07456573930235842,0.1250529586216636,0.06639834298357106,0.058372169655886645,1
12620,"Bangor, ME",12180,66506,156840,11.962981456406268,68685.67741935483,56895.0,44894.29100758358,0.2148792087623569,0.2140799562560627,0.07540735706570127,1.3565573770491803,0.4,3.0188262295081967,0.10121212121212121,0.09848484848484848,0.08636363636363636,0.05848484848484849,0.062424242424242424,0.12863636363636363,0.0953030303030303,0.04045454545454545,4
43100,"Sheboygan, WI",11712,71992,118331,11.681241061285176,67509.49152542373,55340.0,38949.899021472535,0.21106361394244616,0.21163721434545277,0.08226867914949654,1.600590717299578,0.29535864978902954,3.8250759493670885,0.07853117614979095,0.07834939101981458,0.041810579894564624,0.044173786584257406,0.05071805126340665,0.10616251590619888,0.09761861479730959,0.04471914197418651,4
19140,"Dalton, GA",11676,66660,146386,11.894002247521358,62844.30434782609,53070.0,42053.15193825434,0.2364478505314081,0.22002200059084864,0.10214603639458879,6.023964757709251,0.2643171806167401,4.047920704845815,0.06369739643032586,0.08007204846897004,0.04732274439168168,0.045357786147044374,0.04601277222859014,0.11642377599476011,0.14376944489929588,0.05027018175863763,2
40060,"Richmond, VA",18552,83460,1368219,14.12902045207126,72033.49829351535,61465.0,37132.75901430605,0.3118805450922163,0.30183032790833964,0.12425857112285164,1.0734895833333333,0.2777777777777778,1.7054427083333334,0.0822678226158548,0.0913428553608183,0.06506892035177446,0.05878500592527911,0.059190419759246556,0.12017401609181064,0.0938221168839269,0.0929489178569201,1
21140,"Elkhart-Goshen, IN",12564,69872,207436,12.242578137342482,61732.12218649518,52940.0,31993.36119639645,0.2402117684502741,0.23732527389497543,0.08595889946345578,2.321474358974359,0.28846153846153844,3.081397435897436,0.059571023876972884,0.07405908539053015,0.03188992310805342,0.03067583974099555,0.04726831242411979,0.09947389720760826,0.09170376365843788,0.037717523269931205,4
11460,"Ann Arbor, MI",18648,90523,373875,12.83167679593225,76163.66071428571,65165.0,39681.724542058786,0.29953154665088105,0.28616602305837086,0.12339047311668115,1.5338926174496643,0.3243847874720358,2.1618232662192396,0.07647701886971814,0.0625029706735111,0.124245448928181,0.13322876562574268,0.06392889395883834,0.11402633205000237,0.04529682969722896,0.05656162365131422,1
35300,"New Haven, CT",19200,89645,576718,13.265108691185084,79070.33407572383,69900.0,40064.9974553038,0.29168275438899377,0.27467811158798283,0.11508975734390244,1.0755835240274598,0.28832951945080093,2.155096109839817,0.08178995023758746,0.07748718524338684,0.09133086392038015,0.06731021064840798,0.08650428405732032,0.1215250495753358,0.10712014068170764,0.0484154600217009,1
20580,"Eagle Pass, TX",12180,52647,58829,10.982390209583826,45637.7108433735,36400.0,21602.29286189266,0.3134557093526407,0.3346153846153846,0.11040279185518809,1.8637804878048778,0.45121951219512196,8.994390243902439,0.11950146627565983,0.13416422287390029,0.04252199413489736,0.028592375366568914,0.050586510263929615,0.13416422287390029,0.0747800586510264,0.04252199413489736,2
37980,"Philadelphia-Camden-Wilmington, PA-NJ-DE-MD",18804,90850,6330422,15.660877458564903,76343.78303198887,65780.0,43639.68898548108,0.3007896730097071,0.2858619641228337,0.12028160719766604,0.9741540577716644,0.20220082530949107,1.3726024759284732,0.08141378997156491,0.07736510797649739,0.07167459635443958,0.06787742868520887,0.0750386004625069,0.11930162855525979,0.08617160263531122,0.06976029287445942,1
19740,"Denver-Aurora-Centennial, CO",23316,108046,3050512,14.930820003347653,81367.47286821705,67540.0,48854.389530191256,0.3483806075951073,0.3452176488007107,0.12931943807672433,1.1079159935379643,0.2827140549273021,1.5848562197092084,0.09007488395820606,0.1045289364462555,0.05088834165727206,0.04799123309757588,0.057652460337954015,0.10666397949350985,0.08329816915335152,0.10905724308630234,1
38860,"Portland-South Portland, ME",19080,93062,571534,13.25607925301082,74087.96780684104,63430.0,45628.436553022,0.3086279056740244,0.3008040359451364,0.10928830737708975,1.2537316561844862,0.3081761006289308,2.0192620545073376,0.09768036529680366,0.09117808219178082,0.06535159817351598,0.05833789954337899,0.07810045662100457,0.11707762557077625,0.0674703196347032,0.05621917808219178,1
34100,"Morristown, TN",10512,62456,126932,11.751406788974387,56160.480769230766,48105.0,30517.565271592495,0.22574452027806668,0.2185219855226091,0.08641086582768218,1.8170388349514563,0.4077669902912621,4.168402912621359,0.10121359223300971,0.08616504854368932,0.04563106796116505,0.03616504854368932,0.04951456310679612,0.12087378640776698,0.14538834951456311,0.03470873786407767,2
39820,"Redding, CA",17040,71140,181121,12.106920595183126,73681.62711864407,62680.0,37032.65626439102,0.27728737200105313,0.27185705169112956,0.1057936546344146,1.4572789115646259,0.38095238095238093,3.1033469387755104,0.09450307134981886,0.09938573003622618,0.06237202709088045,0.05685934792880769,0.06237202709088045,0.11875885966293905,0.07954008505276422,0.04929910222082218,4
12580,"Baltimore-Columbia-Towson, MD",19596,98666,2859024,14.865990865812762,78631.96078431372,65640.0,45143.55715876965,0.3074257800588019,0.29853747714808043,0.12439964104920348,1.130447284345048,0.30670926517571884,1.5609249201277955,0.07743742796296438,0.0763230007098749,0.06910212275492524,0.06005694265279485,0.08687189429733835,0.12350296544512208,0.08420795517865184,0.08188750391194498,1
25500,"Harrisonburg, VA",15288,76570,138838,11.841063064801384,63248.604651162794,55545.0,31556.184573168128,0.2875801875513663,0.27523710002275353,0.1074701404474311,1.6696629213483147,0.36329588014981273,3.380172284644195,0.11882532676964862,0.09472076048209133,0.04617212697334918,0.07418095399762349,0.04328636903751485,0.1054150398913597,0.12391784077406214,0.049397385842811066,2
45900,"Traverse City, MI",15948,82805,156634,11.96166715263847,64418.489208633095,57040.0,32906.36717411017,0.2914222329299353,0.27959605218849737,0.1027377361478598,1.3262093862815885,0.3971119133574007,3.2835451263537907,0.12293337698477656,0.10721885742347356,0.07464396791618923,0.04174169258471108,0.0631854640694058,0.13308233753478474,0.07464396791618923,0.050744802750040924,3
30020,"Lawton, OK",12012,61848,126503,11.748021302283526,56262.34146341463,48890.0,34765.308299472046,0.2632726784526209,0.24569441603599917,0.10405996126160079,1.7937019230769229,0.4182692307692308,4.074576923076924,0.1303986710963455,0.10409745293466224,0.07364341085271318,0.06616832779623477,0.046234772978959025,0.14922480620155038,0.07724252491694353,0.05121816168327796,2
17780,"College Station-Bryan, TX",14340,61983,288771,12.573389265446368,64948.43406593407,54790.0,33937.75382971979,0.27374656360420857,0.26173081229970785,0.11689357253799677,1.965576923076923,0.28846153846153844,2.4452554945054943,0.1282877990836586,0.08034956728321738,0.05769557101646021,0.14916002036314271,0.08111318513490583,0.103767181401663,0.06753775666044459,0.044459528253860514,4
36500,"Olympia-Lacey-Tumwater, WA",21948,98264,302912,12.62119761326592,78350.0579710145,73770.0,33601.79168806023,0.32687983135366644,0.2975193167954453,0.1232433742155578,1.7076811594202899,0.336231884057971,2.750310144927536,0.08264325935740312,0.08032461079827757,0.045544882411394504,0.05539913878767804,0.06790327923153362,0.12711162636634646,0.07245776747267307,0.11303411725736999,1
13140,"Beaumont-Port Arthur, TX",13608,65775,398733,12.896047298943529,65006.378830083566,54870.0,35930.05230886171,0.26101416487909845,0.24800437397484965,0.11198281985801696,1.6124512534818942,0.3203342618384401,2.6415181058495825,0.0952791979284244,0.082929420357214,0.053316512847752476,0.05637075891375075,0.07814886129739061,0.11373746763163137,0.08631564969125556,0.04156430515901999,4
36100,"Ocala, FL",18276,64410,428905,12.968990728166096,59439.38511326861,50940.0,31145.286002942743,0.36382607001524414,0.35877502944640755,0.12883865027695407,1.1811935483870968,0.33225806451612905,2.998838709677419,0.10448706350642302,0.12131355165550932,0.074724081780351,0.040980640492129544,0.05934503347204632,0.12529401121765876,0.10937217296906097,0.042789940293106565,3
25620,"Hattiesburg, MS",13152,61871,156411,11.960242437100954,53522.30452674897,46620.0,30518.867914774317,0.30195442130315453,0.28211068211068213,0.12692839070386625,1.203155737704918,0.35655737704918034,3.6518032786885244,0.12585400934915497,0.1242358863718087,0.10122258180510607,0.05124056094929881,0.04692556634304207,0.14275440489032723,0.0875584322186264,0.03541891405969076,2
42200,"Santa Maria-Santa Barbara, CA",25296,95637,444500,13.004705333936096,82423.60544217686,70570.0,40672.90982972201,0.3738445622698459,0.35845260025506587,0.15373385336388018,1.4585972850678735,0.33710407239819007,2.1700701357466063,0.11875613409783563,0.08166744150007749,0.0422025931091482,0.07304096285965184,0.06766878454465623,0.10300118807789659,0.058422439175577254,0.054083372075003876,1
32780,"Medford, OR",16428,74653,221331,12.307414597566217,69031.95965417867,59020.0,39085.52326013555,0.28071982797204853,0.278346323280244,0.09806744656991707,1.6645058139534885,0.35174418604651164,2.719668604651163,0.10749185667752444,0.09385933164434793,0.06985161056822295,0.05368560743153577,0.06249245988659669,0.12896609965013875,0.09265291349981904,0.05030763662685487,4
29620,"Lansing-East Lansing, MI",13332,72010,479971,13.081480964392247,69764.31767337807,61830.0,34509.285699320586,0.2275820510749167,0.2156234837457545,0.08870275938409065,1.3550000000000002,0.3090909090909091,2.1458295454545455,0.0793493354493156,0.07443959531838922,0.05306486808172982,0.06938107518349534,0.051825034715334256,0.13980361039476294,0.08296964887919063,0.08887125570323348,4
22140,"Farmington, NM",11352,66426,120817,11.70203228305835,59856.65024630542,53120.0,26971.722166824886,0.22381653969902796,0.21370481927710844,0.08537690144894966,2.1858620689655175,0.39408866995073893,4.34679802955665,0.10927479033053775,0.09496793290577207,0.04958066107548101,0.06660088801184016,0.048593981253083375,0.13517513566847558,0.08534780463739516,0.030587074494326592,2
41780,"Sandusky, OH",11088,74627,113533,11.639848822543003,60252.02764976959,52880.0,28657.368607379714,0.21608152738969041,0.2096822995461422,0.07908442578454296,1.5011059907834101,0.41013824884792627,4.043101382488479,0.17218236519324231,0.10853968988660033,0.05276556352696135,0.03563989817171951,0.06410553112705392,0.10691969451515852,0.0722055079842629,0.03702846563295534,2
29460,"Lakeland-Winter Haven, FL",17808,66779,852878,13.656371791625828,62416.52777777778,52915.0,32690.557588286923,0.33804067741710886,0.3365398807712583,0.1222762640633997,1.0393055555555557,0.24768518518518517,2.24124537037037,0.08916795008490305,0.09584172491410971,0.06263080993563164,0.04952019902855112,0.05864234095486317,0.12301070173360186,0.16779212573549737,0.05611499427398017,4
31140,"Louisville/Jefferson County, KY-IN",13680,74305,1396762,14.149667258657319,65426.20141342756,56790.0,32102.866917243737,0.2456570176322575,0.24088748019017434,0.0894093537330074,1.0432682060390763,0.21847246891651864,1.7465914742451154,0.08806178109806712,0.08109510257322423,0.06938515356338196,0.04203723467330724,0.06235918415747658,0.1290466026325151,0.13003972489031188,0.049626467449306294,4
35660,"Niles, MI",10920,68984,152703,11.936250137379158,66224.71544715448,55140.0,41770.05066762357,0.20481865917363376,0.19804140791529798,0.08148477117514703,1.48276,0.372,3.575308,0.12755197602547294,0.0895298745083349,0.058063307735531,0.05038396703502528,0.0696759692826372,0.11593931447836674,0.07529499906349503,0.048510957108072676,4
44180,"Springfield, MO",12228,67219,500004,13.122371377372328,61980.57279236277,53380.0,31744.77796269474,0.23194897767836098,0.22907455976020982,0.08233010099652625,1.1331753554502368,0.28672985781990523,2.2961563981042654,0.09075286795782825,0.08903441549393896,0.08531884259904324,0.057870047838001024,0.06455807904881333,0.1272119269889926,0.11262830337652686,0.04890622822906507,4
14740,"Bremerton-Silverdale-Port Orchard, WA",22428,109052,281420,12.547603494342246,80784.96666666666,71540.0,36652.60201468708,0.3275110569259063,0.313503327455216,0.1253680849736636,1.707123745819398,0.3712374581939799,3.06343143812709,0.10593863026484658,0.08598763271496908,0.0429354801073387,0.05821957764554894,0.04188542760471357,0.103955197759888,0.06953681017384203,0.08377085520942713,1
22660,"Fort Collins-Loveland, CO",21012,93276,374574,12.833544659215463,74658.47775175644,65670.0,34656.164005063605,0.3315595139932871,0.31996345363179535,0.12236664279579436,1.5636320754716981,0.41745283018867924,2.236205188679245,0.1070420844089572,0.1035000300174101,0.06735906825959057,0.05361109443477217,0.0501891096836165,0.11208500930539712,0.06783934682115628,0.07630425646875187,3
42680,"Sebastian-Vero Beach-West Vero Corridor, FL",18108,79849,172139,12.056057568961542,61844.23728813559,52840.0,31084.84966973884,0.3491939736410702,0.3426957136152414,0.129287177315713,1.308691983122363,0.42616033755274263,3.800540084388186,0.13294460641399417,0.12866861030126336,0.08066083576287658,0.029931972789115645,0.06588921282798833,0.12536443148688048,0.06763848396501458,0.04800777453838678,3
17980,"Columbus, GA-AL",13716,60100,328206,12.701396739006672,59126.92537313433,50380.0,31701.000122738085,0.2859738394450167,0.2722508932115919,0.11861919491422808,1.1848973607038122,0.28152492668621704,2.7414046920821113,0.1134941089837997,0.09922680412371133,0.07354565537555229,0.057253313696612664,0.06111929307805596,0.12582842415316642,0.08551178203240059,0.06875920471281297,4
17420,"Cleveland, TN",12408,71568,132120,11.791465879504726,57146.05,49010.0,29235.426501268204,0.26578896516707096,0.25317409724026296,0.11053075242284874,1.2581773399014777,0.3251231527093596,4.287197044334976,0.12313624678663239,0.09537275064267352,0.04524421593830334,0.041902313624678666,0.05784061696658098,0.13367609254498714,0.15526992287917737,0.036760925449871466,2
31860,"Mankato, MN",12588,74426,105193,11.563552037147913,69372.60162601626,61250.0,37077.883177967626,0.21820513188485743,0.2055226623511479,0.08619556311518907,1.3641025641025641,0.32051282051282054,3.74291452991453,0.11257731958762887,0.09876288659793814,0.05835051546391753,0.047835051546391755,0.058969072164948455,0.11608247422680412,0.09092783505154639,0.0488659793814433,4
22220,"Fayetteville-Springdale-Rogers, AR",14664,81208,605547,13.313887460763032,63424.79518072289,51210.0,36535.46127165146,0.28306541876771013,0.2863503222026948,0.10706979205072097,1.0848655256723716,0.24449877750611246,2.297234718826406,0.10279516727142231,0.09127158180150724,0.054746999481638026,0.04752980581362893,0.07767454842697077,0.11998086048088041,0.10674269308983612,0.07799354041229714,4
30140,"Lebanon, PA",13908,72275,145319,11.886686604946199,62968.333333333336,53895.0,35118.87659113338,0.267031788773859,0.2580622401076246,0.10445739685152315,1.3410599078341015,0.35023041474654376,4.051331797235023,0.09267149552620367,0.0916063059224542,0.06582871751171708,0.05155517682147422,0.05730720068172135,0.11674478057094163,0.16063059224541967,0.04452492543672774,2
32420,"Mayaguez, PR",6228,21554,205687,12.234110874810666,35618.26530612245,27980.0,18088.590001917142,0.20768536307815108,0.2225880174555755,0.07039832316686784,1.9958974358974357,0.46153846153846156,4.646312820512821,0.10438280753758204,0.1344484437857294,0.08384501376243912,0.07304679229303408,0.029006987084480202,0.17150116451408004,0.07685792928223587,0.03472369256828287,2
26620,"Huntsville, AL",15396,87049,542297,13.20356910082049,67229.4801980198,57430.0,35964.96545150081,0.28669390766763997,0.2680897194547877,0.1284225054380931,1.406819338422392,0.272264631043257,2.425005089058524,0.08146146711295721,0.08178408678469169,0.06234625156268903,0.035205871678025566,0.061660684760253257,0.08259063596402791,0.08125982981812316,0.08388111465096584,4
16700,"Charleston-North Charleston, SC",20568,90307,869940,13.676179522735294,68127.8515625,58900.0,35201.8808382914,0.365384150535382,0.34920207761445143,0.14917045145691923,1.124271653543307,0.2874015748031496,1.9172224409448817,0.11334726152381457,0.1019226192050353,0.07050485282839235,0.047999365297648956,0.0586306296776241,0.12318514796498559,0.08420384523841007,0.0636553566233835,3
16300,"Cedar Rapids, IA",11196,75295,278677,12.537808684050946,65663.80102040817,57925.0,37256.07028369102,0.20410967680276845,0.19328546937588714,0.07904797668781131,1.1626666666666667,0.3076923076923077,2.4572897435897434,0.0847635464288391,0.08791126433335832,0.05103799745184741,0.06430338004946413,0.06767593494716331,0.1100951809937795,0.09825376601963576,0.06168028179569812,4
43300,"Sherman-Denison, TX",17784,72260,150532,11.921930965154381,58057.757847533634,48680.0,31145.6330343801,0.37384478502366814,0.3653245686113394,0.149116249135979,1.2057333333333333,0.3511111111111111,3.9320666666666666,0.117442366246194,0.09634623749456285,0.08003479773814702,0.07329273597216181,0.06937799043062201,0.12005219660722052,0.09221400608960417,0.028055676381035233,3
33740,"Monroe, LA",11136,56468,222072,12.310756932596975,56879.77777777778,49005.0,34011.62049322216,0.24361341175567663,0.22724316140178616,0.10318325651397882,1.370451127819549,0.40601503759398494,3.3920263157894737,0.09638860630722279,0.10160223804679552,0.0871057985757884,0.06002034587995931,0.054933875890132246,0.1396236012207528,0.09371820956256358,0.035096642929806715,2
43420,"Sierra Vista-Douglas, AZ",11520,60723,125773,11.74223397382184,65090.3664921466,52870.0,37725.87832149354,0.21595654241972864,0.21789294495933423,0.0821807630506817,1.5464062500000002,0.4114583333333333,4.451614583333334,0.09904043865661412,0.10143934201507881,0.04694996572995202,0.06339958875942427,0.07813570938999315,0.1281699794379712,0.07059629883481837,0.07299520219328307,2
39580,"Raleigh-Cary, NC",20088,102144,1562009,14.261483371208959,71682.09219858157,60345.0,41534.95970047498,0.34570567731913987,0.33288590832561904,0.14251807693384716,1.136531365313653,0.2859778597785978,1.8072859778597785,0.09114767051386968,0.10038942348392922,0.0554222987273189,0.05231819849310043,0.07067471851454694,0.11396280723537545,0.08062194881056522,0.08622343877867765,1
30500,"Lexington Park, MD",20796,122406,211382,12.261422202151655,79300.26923076923,69015.0,40162.775100685445,0.3264989344947111,0.30134528656501053,0.1448107931835248,1.8938076923076923,0.3769230769230769,3.5359923076923074,0.0870027330701488,0.07986638323716976,0.044336471302763435,0.06650470695414516,0.07212268448223505,0.09990889766170664,0.047828727604008504,0.14136046158518067,1
43900,"Spartanburg, SC",13668,68505,395934,12.88900280967952,63638.41954022989,53810.0,35540.49128177189,0.2627487338617555,0.25400486690505597,0.10633128164170073,1.2955459770114943,0.27011494252873564,2.7587097701149426,0.08298913388828874,0.09728664929783314,0.06881870750460697,0.048230285314863064,0.0485480078795196,0.10421300120734575,0.11793861600050835,0.03679227298722755,4
32820,"Memphis, TN-MS-AR",15960,68124,1337653,14.106427143733338,65683.7781629116,56290.0,38790.57231189087,0.2968792474465313,0.28353171078344286,0.11643162691853885,0.9745115452930728,0.1936056838365897,1.7301278863232683,0.0824516962201361,0.08327952449543867,0.06329574992963459,0.04779880461597046,0.06044802066259375,0.13308167353764136,0.17677444990811106,0.05273266113677379,4
44300,"State College, PA",14268,77110,159805,11.981709600936206,66590.75697211156,58480.0,35274.989947903596,0.2620748747308678,0.24398084815321477,0.1092257230689615,1.2939285714285713,0.3134920634920635,3.360313492063492,0.11467811158798283,0.08085836909871244,0.05819742489270386,0.0623175965665236,0.07330472103004292,0.1296137339055794,0.06609442060085836,0.061459227467811156,4
38240,"Pinehurst-Southern Pines, NC",16152,85002,108417,11.593740182259948,60171.9689119171,49300.0,36281.76816682904,0.3325930959102758,0.3276267748478702,0.1336272459477084,1.3858947368421053,0.4052631578947368,4.5432999999999995,0.15091066782307025,0.11043654235328129,0.11506215669268574,0.055507372072853424,0.05117085862966175,0.11274934952298352,0.06273489447817288,0.04278693263949118,3
39900,"Reno, NV",20160,89159,575266,13.262587821504725,68149.15520628684,59960.0,29604.806707533684,0.3451306741699093,0.3362241494329553,0.12923472904548647,1.3428542510121457,0.30364372469635625,1.9735910931174088,0.09552967693463561,0.0761457550713749,0.051126972201352365,0.036927122464312546,0.08031555221637866,0.11769346356123216,0.12419233658903081,0.05003756574004508,3
41420,"Salem, OR",18312,82732,443416,13.002263660312586,73817.09677419355,63880.0,39358.94580788966,0.2966720753901543,0.286663061192047,0.11190068578550898,1.5687906976744188,0.313953488372093,2.2459744186046513,0.08475047237968211,0.07274647104590419,0.05729687673669001,0.05807491386017562,0.05896409914415916,0.12409692119595421,0.08786262087362454,0.08124930532399689,1
15500,"Burlington, NC",14616,65966,183040,12.11745998717357,60808.71485943775,49290.0,34987.09702189041,0.2958229535745318,0.29653073645769934,0.11615694656112205,1.7560887096774194,0.2661290322580645,3.640064516129032,0.12054080469131781,0.11353640658087637,0.08063202475973286,0.03811695715914644,0.051148395504153774,0.11777162404300374,0.12102948362925559,0.038605636097084214,2
40580,"Rocky Mount, NC",12000,57802,147114,11.898963075412295,60792.98387096774,49665.0,35797.00590197869,0.24597889870268677,0.24161896626586032,0.10210128011373341,1.505650406504065,0.37398373983739835,3.675723577235772,0.09454250355041591,0.10651247717589775,0.05842970176506391,0.05315479813349564,0.053763440860215055,0.11259890444309191,0.11665652262122134,0.0505173463177115,2
24340,"Grand Rapids-Wyoming-Kentwood, MI",15468,81541,1178826,13.98002958593091,67523.99644760213,58030.0,38322.70427803183,0.27423230534591053,0.26655178356022746,0.10091954421853207,1.1736944937833036,0.2539964476021314,1.7590355239786857,0.08182390502743052,0.07615792787121144,0.06844140660131307,0.05018436909794046,0.0622897742602752,0.11182660311179063,0.09133914920406512,0.05633600143897832,4
32900,"Merced, CA",17544,64980,296774,12.600726185359997,70542.01492537314,57620.0,36595.87644399159,0.29640615873296133,0.304477648623641,0.10764014493516967,1.9224163568773234,0.3159851301115242,3.3964832713754647,0.09285218598195698,0.08341429562803608,0.036502428868841086,0.09770992366412214,0.04718945176960444,0.09882026370575989,0.1135322692574601,0.033310201249132546,4
41660,"San Angelo, TX",14388,69726,121408,11.706912053294687,57444.38053097345,50680.0,27052.315568441703,0.301120229608688,0.2838996813649913,0.12262181195451688,1.3987665198237884,0.3392070484581498,3.868801762114537,0.12522686025408347,0.10208711433756806,0.06374773139745916,0.06306715063520871,0.07554446460980037,0.14292196007259528,0.08461887477313974,0.0426497277676951,2
21300,"Elmira, NY",12348,66527,81115,11.3036231798445,65781.8947368421,55795.0,33428.18616457393,0.22408938571714793,0.22131093701364346,0.08213422256238448,1.465684210526316,0.4105263157894737,4.4950789473684205,0.11566516151441472,0.11114970475859673,0.06286905175408128,0.06842653699201111,0.04793331017714484,0.12955887460923932,0.09551927752691906,0.03681833970128517,2
29340,"Lake Charles, LA",11724,65144,243719,12.403771201284917,58429.37269372694,51110.0,31656.341099805762,0.2482437415490573,0.2293875953825083,0.10702064369079936,1.8242435424354244,0.33579335793357934,3.3660664206642066,0.10418716519077294,0.09948617032906965,0.06603257898764622,0.0521482453263365,0.04930578331693451,0.10440581611457309,0.08188477096315731,0.03257898764622281,2
25020,"Guayama, PR",5652,22092,64434,11.07339672308627,33885.692307692305,26620.0,16198.404046505517,0.19350630854092993,0.21232156273478586,0.0620236680887156,1.9128125,0.53125,10.241890625,0.15636822194199243,0.17780580075662042,0.05170239596469105,0.12484237074401008,0.01008827238335435,0.13745271122320302,0.09962168978562422,0.012610340479192938,2
15180,"Brownsville-Harlingen, TX",11592,53267,431874,12.975889158016585,55100.80745341615,45165.0,31157.797981354885,0.26152576278302997,0.25665982636148377,0.10772854328576457,1.0342586750788645,0.2302839116719243,3.0071766561514193,0.10805775500698649,0.08017832191097211,0.0550934859272074,0.07645219242797259,0.059152305542617606,0.13241067269944773,0.07305875307738373,0.033535165346995806,4
46220,"Tuscaloosa, AL",12504,62280,281081,12.546398163005797,61107.27848101266,53560.0,30740.60621824267,0.24971412039003882,0.23345846352598448,0.10616240303334493,1.5620322580645163,0.3193548387096774,2.9412806451612905,0.10509811855148696,0.09012745296378717,0.0665587699777463,0.052903095286263406,0.04612583451345337,0.09670240744487153,0.09063321869310136,0.03641513251062108,4
15260,"Brunswick-St. Simons, GA",12804,69871,116080,11.66203488755807,59519.11330049261,50390.0,30162.368531789667,0.2626790849405084,0.2540980353244691,0.10767084788261456,1.3909756097560975,0.34146341463414637,4.238068292682927,0.16117764471057885,0.11027944111776447,0.05114770459081836,0.05289421157684631,0.06661676646706587,0.11302395209580839,0.09056886227544911,0.06412175648702595,2
16180,"Carson City, NV",17940,62948,58148,10.970746763546215,65361.55688622755,57310.0,31191.2598967571,0.32979501945796597,0.31303437445471993,0.13231062908854757,1.9029761904761904,0.3392857142857143,4.7706607142857145,0.10205728116175877,0.08471157724889068,0.0609116579265833,0.006857603872529245,0.09640984267849939,0.15732150060508268,0.0891488503428802,0.0899556272690601,3
12420,"Austin-Round Rock-San Marcos, TX",21408,99897,2550637,14.751853689860374,73754.0197693575,61830.0,43080.26338575183,0.3599828209451623,0.34623968947113054,0.14844981205378355,1.0553098827470686,0.24790619765494137,1.646041876046901,0.09759505120005169,0.08920438026940596,0.04788093161482056,0.05377620570468715,0.10345802241819298,0.1259569725748619,0.06662467293342378,0.0796346545207869,1
36420,"Oklahoma City, OK",13944,72930,1497821,14.21952194326261,64636.717948717946,55700.0,35052.382764904396,0.264131086235071,0.2503411131059246,0.1092194164228134,1.173199300699301,0.2937062937062937,1.7199877622377622,0.10266494571406878,0.08962113734720219,0.06341204160655986,0.05307114114342115,0.06400425176524181,0.13323210082757572,0.0946625161339306,0.0681952775036064,4
42140,"Santa Fe, NM",19032,88719,157765,11.968861863046195,65965.07751937985,58175.0,31496.66485021189,0.3398748982306021,0.32715868990033653,0.12432150423693727,1.554396887159533,0.4396887159533074,3.539326848249027,0.14955277280858675,0.1,0.046511627906976744,0.04382826475849732,0.07495527728085867,0.15456171735241503,0.05205724508050089,0.07924865831842576,3
42340,"Savannah, GA",19068,80518,431589,12.975229025479697,65043.95348837209,56330.0,36683.53663751863,0.35871087922261685,0.338505236996272,0.14610793721860232,1.1982051282051283,0.26153846153846155,2.387297435897436,0.11885877946684292,0.10183961224939414,0.0655981493721084,0.04296100462656973,0.05816259087904825,0.11643533818021591,0.12541308658294778,0.06163251817580965,3
31420,"Macon-Bibb County, GA",13248,56638,236551,12.373919108486419,61646.55290102389,52340.0,36647.95759593609,0.26616940751119983,0.2531142529614062,0.10870082639620904,1.2293898305084747,0.3050847457627119,3.1418305084745763,0.10079455164585698,0.09568671963677639,0.0887627695800227,0.05766174801362089,0.05925085130533485,0.12656072644721908,0.09648127128263337,0.07298524404086265,4
41860,"San Francisco-Oakland-Fremont, CA",29220,135590,4648486,15.352052133149302,97287.7503628447,86260.0,48004.81211363609,0.36567176245230065,0.33874333410619056,0.1531005874300765,1.1043045387994144,0.30307467057101023,1.4495007320644218,0.0797552967258131,0.0742927202035555,0.04801692936859166,0.05405893368490885,0.09793169470033505,0.09794009220459679,0.0642157150894754,0.09043692214673799,1
20220,"Dubuque, IA",12564,80512,99242,11.505316590766713,63487.951807228914,54060.0,34042.53436792297,0.2374285634400951,0.23240843507214207,0.09085606773200876,1.276,0.34,3.513308,0.0946676970633694,0.09447449768160741,0.05757341576506955,0.04578825347758887,0.06839258114374035,0.13156877897990726,0.10645285935085008,0.07244976816074189,4
27180,"Jackson, TN",13224,62566,183680,12.120950392113338,58329.479166666664,50670.0,30576.666425445128,0.27083120132028327,0.26098292156257885,0.10245463222327619,1.4038831615120275,0.3711340206185567,3.1652680412371135,0.09280473677435963,0.08392328485004505,0.07890333376238898,0.04826876045823143,0.05418972840777449,0.1338653623374952,0.1097953404556571,0.03758527481014288,2
24860,"Greenville-Anderson-Greer, SC",14832,75881,996680,13.812185034535696,64659.064885496184,54990.0,34385.15621540113,0.2778757131868435,0.26972533550741984,0.11128290996516739,1.1475387596899225,0.2655038759689923,1.891329457364341,0.09805236806171094,0.10131039934839374,0.06511271350885178,0.052080588362120595,0.05663224971851568,0.12435617947919411,0.0867211268955274,0.05263157894736842,4
46700,"Vallejo, CA",26676,94930,455101,13.02827465132159,82901.44385026737,71790.0,40138.55634110817,0.3838343096141598,0.371602539922042,0.1484049270829405,1.178787061994609,0.2884097035040431,2.5113288409703505,0.10244085617724372,0.0917761922643635,0.07577919639504319,0.053323319564401055,0.062110401802478406,0.10401802478407811,0.09034923019151334,0.05129553135561397,1
15540,"Burlington-South Burlington, VT",19572,89615,229550,12.343876149677367,75069.38461538461,64390.0,43345.60702019728,0.3133987652892727,0.3039604255558083,0.11455230953423047,1.3887071240105542,0.39050131926121373,2.4104274406332453,0.08955493364629412,0.09704793716710301,0.06680509163130811,0.07393698654870452,0.08765911347837863,0.10508260359303061,0.0681592488941049,0.0728536607384671,1
30780,"Little Rock-North Little Rock-Conway, AR",13116,68344,770959,13.555390473440173,58700.241448692155,51500.0,27240.881330591925,0.2608216589730122,0.2546796116504854,0.09373847740722174,1.137171717171717,0.29292929292929293,1.9724727272727274,0.08548546224827346,0.09143404329406303,0.0882421217572979,0.0530439324473333,0.07451685914920782,0.12669026754105972,0.09834020080088213,0.059282688178283326,4
36780,"Oshkosh-Neenah, WI",12348,71146,173307,12.062819867271097,68477.94019933554,59860.0,36979.318135183064,0.21736842048314867,0.20628132308720348,0.08811393237778813,1.389403973509934,0.32450331125827814,3.076092715231788,0.0817754329624957,0.08544557862140154,0.05126734717284092,0.041633214818213096,0.056887257713040484,0.12512902855832092,0.0911801812134419,0.06537446954926024,4
10580,"Albany-Schenectady-Troy, NY",16092,86637,913485,13.725022234304134,76503.71929824562,66980.0,37098.04851629261,0.25034524205697983,0.24025090682365238,0.09613627744886533,1.300104347826087,0.35304347826086957,1.7137373913043479,0.07410462638344675,0.07909992896588071,0.0642056781466969,0.07463165372012558,0.06649710134964827,0.13707293600054996,0.07204234550079054,0.07914575742993973,4
14860,"Bridgeport-Stamford-Danbury, CT",22740,116402,972679,13.78780939923412,83815.95141700405,72080.0,48524.21906541497,0.33405045809688044,0.31549066666091796,0.13547950697190997,1.053014553014553,0.2785862785862786,2.0346652806652807,0.08658558261178681,0.09884975750958536,0.06441865779651118,0.07421984104816799,0.11126628240611432,0.1237335906355534,0.05901023284158139,0.06782114110149048,1
16620,"Charleston, WV",10212,61625,200122,12.2066824595558,61833.67164179104,53820.0,35907.32749198147,0.2033174486434663,0.18974358974358974,0.08317632168218199,1.5505074626865671,0.3880597014925373,2.7588805970149255,0.07939566010951125,0.0799026566619347,0.09805313323869398,0.03944433177854391,0.06814033664571081,0.13993104846887042,0.07290610423849118,0.06408436422632326,4
24420,"Grants Pass, OR",14988,59711,88276,11.38822354896805,65193.25301204819,53390.0,37374.38301453839,0.27360384230658646,0.28075135091155945,0.09449569140643412,1.581011904761905,0.31547619047619047,4.9894702380952385,0.1147036181678214,0.09045419553502694,0.0434949961508853,0.04849884526558892,0.05234795996920708,0.1147036181678214,0.0731331793687452,0.03579676674364896,2
18580,"Corpus Christi, TX",15516,68650,448853,13.014450718909853,62597.70573566085,54010.0,34010.513407227336,0.30498852444354957,0.28728013330864655,0.12644300908090156,1.3294974874371859,0.3065326633165829,2.390178391959799,0.12037399921616931,0.08543754549017413,0.06746542746766698,0.050445103857566766,0.07300823022227199,0.1267566205699569,0.08241419853311685,0.044622361569900904,4
10780,"Alexandria, LA",10788,55909,148008,11.905021605339439,56945.45045045045,49650.0,29329.483575572056,0.23030323722174606,0.2172809667673716,0.09730811289470953,1.4032432432432431,0.4099099099099099,3.867036036036036,0.09628610729023383,0.10787974061701709,0.10748673609746512,0.02063273727647868,0.049125564943996856,0.1342110434269994,0.093928080172922,0.0406759677736294,2
33500,"Minot, ND",13092,70782,75815,11.23605144123504,63980.65359477124,59840.0,25368.046874002375,0.23439282639798853,0.21878342245989305,0.08452221789817022,1.3648366013071895,0.42483660130718953,5.263477124183007,0.12541620421753608,0.12023677395486497,0.05068442471328154,0.07214206437291898,0.0680725120236774,0.11394746577876434,0.10358860525342212,0.040695523492415835,2
44420,"Staunton-Stuarts Draft, VA",14424,73653,128481,11.763536312462877,62110.967741935485,53590.0,31131.34685376639,0.27657661435999675,0.2691546930397462,0.10217362333163393,1.2070370370370371,0.3611111111111111,3.8916296296296298,0.09108025417745352,0.09908213697340551,0.06495646034361026,0.06636855730760179,0.047775947281713346,0.10826076723935044,0.13532595904918804,0.04424570487173453,2
10380,"Aguadilla, PR",6864,24351,250969,12.433084704510334,39394.166666666664,28770.0,22784.478259633244,0.21817812837492837,0.23858600686119402,0.0844636002408093,1.6715425531914894,0.43617021276595747,4.741574468085107,0.10842814023682378,0.14488042721151614,0.0462038541908521,0.07220803343394475,0.036220106802879036,0.1516136521941026,0.07429765498026468,0.048990016252612026,2
17020,"Chico, CA",17352,65221,208334,12.246897840045309,71521.57190635451,59260.0,35727.75109809641,0.2896396467609819,0.29281133985825175,0.10718331887595688,1.3093666666666666,0.37666666666666665,3.0209266666666665,0.11001410437235543,0.09196050775740479,0.07559943582510578,0.06741889985895627,0.06220028208744711,0.11734837799717912,0.06826516220028209,0.048095909732016925,4
49020,"Winchester, VA-WV",16308,81443,148005,11.905001335959376,67149.79508196721,53480.0,39309.80668489639,0.2993944244834389,0.30494308854058005,0.11723205790989585,1.1578775510204082,0.2653061224489796,3.551040816326531,0.09305064782096584,0.10466094565034495,0.06511862695608278,0.020191822311963654,0.0508160861517752,0.12569409389197375,0.15917886589264682,0.07689718997139491,4
35620,"New York-Newark-Jersey City, NY-NJ",22212,99852,19940274,16.80825206362723,90514.46920052424,76600.0,52187.78599349584,0.306004201050635,0.2899738903394256,0.1284704396589656,1.0310242587601077,0.27088948787061995,1.336710242587601,0.07204297833208062,0.08112817044884317,0.0621113999401284,0.07095645956405723,0.07250278359862769,0.12088571200899366,0.0746941271991506,0.07619845496815822,1
29020,"Kokomo, IN",10524,65267,84082,11.339547792137578,60522.25165562914,55560.0,27561.40013792685,0.2092529209451572,0.18941684665226782,0.0861151048988582,1.1099337748344371,0.26490066225165565,4.78494701986755,0.16439423451499804,0.12582781456953643,0.05921308920919361,0.04752629528632645,0.04518893650175302,0.11141410206466693,0.09816906895208415,0.03934553954031944,2
35980,"Norwich-New London-Willimantic, CT",17280,89431,282602,12.551794826348356,77107.20461095101,67800.0,41133.920772483776,0.27087172463943315,0.25486725663716814,0.10771683338611333,1.1828034682080926,0.3179190751445087,2.5186965317919077,0.11988950276243093,0.08922651933701657,0.06519337016574586,0.07394106813996316,0.0712707182320442,0.11464088397790055,0.0712707182320442,0.050460405156537755,4
48700,"Williamsport, PA",11208,60403,113236,11.637229415394609,61352.606837606836,53315.0,33684.57964782653,0.21974447459182914,0.21022670327197596,0.08534540346391814,1.2766239316239316,0.358974358974359,3.7831923076923073,0.09751693002257336,0.08939051918735892,0.07900677200902935,0.04695259593679458,0.062302483069977425,0.12415349887133183,0.09571106094808127,0.040857787810383746,2
46060,"Tucson, AZ",15600,72067,1080149,13.89260955254735,66429.89604989605,56050.0,34513.354320429455,0.2785656619886544,0.2783229259589652,0.09918658148574427,1.1255323590814197,0.25260960334029225,1.997473903966597,0.09757946607461959,0.08804895218497862,0.06674067255103698,0.04930416418476201,0.07640656305842855,0.12944712189310661,0.0758379812638761,0.056533275572643094,4
41100,"St. George, UT",19836,86983,207943,12.245019282666517,61364.7311827957,52120.0,31962.009820723033,0.38633440166485,0.3805832693783576,0.1437246956765671,1.3979136690647482,0.3381294964028777,3.3319712230215828,0.11166438441429105,0.09187103199302876,0.05489854350802938,0.0484252458608241,0.06311465206025146,0.13432092617950953,0.09099962654052035,0.04195194821361882,3
