cbsa_code,bls_msa_name,prim_state,annual_rent,median_gross_rent,median_household_income,real_median_household_income,population,rpp_all_items,rpp_goods,rpp_services_housing,rpp_services_other,mean_occ_wage,median_occ_wage,std_occ_wage,mean_real_occ_wage,median_real_occ_wage,mean_rent_burden,median_rent_burden,mean_cost_adjusted_rent_burden,median_cost_adjusted_rent_burden,mean_wage_to_rent,mean_real_income_after_rent,median_real_income_after_rent,mean_loc_quotient,median_loc_quotient,share_high_lq,mean_jobs_1000,occupation_rows,metro_occ_emp_sum,emp_share_soc_11,emp_share_soc_13,emp_share_soc_15,emp_share_soc_17,emp_share_soc_19,emp_share_soc_21,emp_share_soc_23,emp_share_soc_25,emp_share_soc_27,emp_share_soc_29,emp_share_soc_31,emp_share_soc_33,emp_share_soc_35,emp_share_soc_37,emp_share_soc_39,emp_share_soc_41,emp_share_soc_43,emp_share_soc_45,emp_share_soc_47,emp_share_soc_49,emp_share_soc_51,emp_share_soc_53,log_population,log_metro_occ_emp_sum,metro_cluster,pca_1,pca_2
10180,"Abilene, TX",TX,13692.0,1141.0,67328.0,74507.54725333097,180408.0,90.364,93.757,73.791,96.24,55135.68965517241,48405.0,25675.380012690897,61015.10519141739,53566.68584834668,0.29480265501265174,0.28286443010881185,0.2663954711756326,0.2556076136235268,4.0268543423292735,45863.05348941217,38414.63414634146,1.332975778546713,1.07,0.3494809688581315,3.1767543252595156,291,68190.0,0.07713741017744537,0.040328493914063644,0.013785012465170846,0.006892506232585423,0.002786332306789852,0.021410764041648336,0.004252822994573985,0.07053820208241678,0.007479102507699076,0.07053820208241678,0.05191377034755829,0.024637043554773426,0.1127731338905998,0.02830327027423376,0.0143716087402845,0.09840152515031529,0.1470890159847485,0.0,0.04355477342718874,0.05220706848511512,0.03270274233758615,0.07889719900278633,12.102981774501494,11.130067870314047,2,-2.2440084498049186,-1.7441396989472326
10380,"Aguadilla, PR",PR,6336.0,528.0,22398.0,,251769.0,,,,,36581.40625,26420.0,22247.06050590659,,,0.21996112001289034,0.23981917838598915,,,5.773580531881312,,,1.6715425531914894,1.125,0.43617021276595747,4.741574468085107,193,43070.0,0.036220106802879036,0.048990016252612026,0.011144648247039703,0.01462735082423961,0.003482702577199907,0.009519387044346413,0.0013930810308799629,0.07220803343394475,0.003482702577199907,0.0462038541908521,0.01950313443231948,0.022521476665892732,0.10842814023682378,0.04759693522173206,0.005107963779893197,0.14488042721151614,0.1516136521941026,0.0,0.043417692129092175,0.03598792663106571,0.09937311353610402,0.07429765498026468,12.436271251318061,10.670605195795803,2,-6.7538840395337845,-1.712722455539687
10420,"Akron, OH",OH,12396.0,1033.0,72371.0,77509.9068223198,699820.0,93.37,93.628,76.785,98.939,61104.77378435518,54900.0,27319.724709230224,65443.69046198477,58798.329227803355,0.23829894393732945,0.22579234972677595,0.2224997239542845,0.21082231693989073,4.929394464694674,52167.47754563048,45522.11631144907,1.1032838983050848,0.99,0.2775423728813559,2.071383474576271,478,312950.0,0.07173669915321937,0.06473877616232625,0.024732385365074293,0.019715609522287906,0.006678383128295255,0.016775842786387603,0.006071257389359323,0.05349097299888161,0.010480907493209778,0.07144911327688129,0.04150822815146189,0.021185492890238057,0.09397667359003035,0.029461575331522608,0.017095382648985462,0.08605208499760345,0.11516216648026842,0.000351493848857645,0.031187090589551048,0.038760185333120305,0.07464451190285988,0.10474516695957821,13.458579867039354,12.653801907746368,4,0.07223791701870091,2.827298114805859
10500,"Albany, GA",GA,11400.0,950.0,56906.0,64910.05942807606,146018.0,87.669,96.269,54.626,98.667,55591.73728813559,47605.0,29142.549267695347,63410.94034166649,54300.83609941941,0.2527808062075669,0.23947123822891087,0.22161040499411183,0.20994203984290388,4.876468183169789,50407.48415989186,41297.37991764478,1.2229237288135595,0.99,0.3601694915254237,3.7257076271186444,239,51880.0,0.054548959136468775,0.06168080185042406,0.017347725520431765,0.005782575173477255,0.0015420200462606013,0.01561295296838859,0.00520431765612953,0.05551272166538165,0.004047802621434078,0.07440246723207401,0.04818812644564379,0.03681572860447186,0.09695451040863531,0.025057825751734774,0.017154973014649192,0.1110254433307633,0.13878180416345412,0.0007710100231303007,0.034117193523515804,0.055319969159599074,0.028912875867386275,0.11121819583654588,11.891492029209692,10.856707913495192,2,-3.7178934038961917,-0.008233901452082474
10540,"Albany, OR",OR,15840.0,1320.0,76329.0,74759.05974534771,130706.0,102.1,105.261,101.059,100.298,62273.13807531381,56270.0,26208.37784989511,60992.29977993517,55112.63467189031,0.2931012230689965,0.28149991114270484,0.29925634875344537,0.2874114092767016,3.931384979502134,45478.0980169577,39598.43290891284,2.19975,1.05,0.39166666666666666,3.6454666666666666,241,40190.0,0.05324707638716099,0.03607862652401095,0.007464543418760886,0.008708633988554367,0.002488181139586962,0.025877083851704404,0.002488181139586962,0.06145807414779796,0.004727544165215228,0.03508335406817616,0.05498880318487186,0.014680268723563076,0.0915650659368002,0.02687235630753919,0.03732271709380443,0.08410052251803932,0.12167205772580243,0.012192087583976113,0.05399353072903707,0.0455337148544414,0.09629261010201542,0.12316496640955461,11.780713455944024,10.601398368945096,5,-0.4256727780259177,-1.78312838133896
10580,"Albany-Schenectady-Troy, NY",NY,15360.0,1280.0,88074.0,88457.90731775906,906052.0,99.566,99.693,102.582,97.754,70155.27087719298,62430.0,31427.023397829005,70461.07192936643,62702.12723218769,0.25776651404899287,0.24603571764317578,0.2566478073780203,0.24496792262860445,4.5674004477339185,55034.118953450954,47275.17425627222,1.300104347826087,1.02,0.35304347826086957,1.7137373913043479,581,436410.0,0.06649710134964827,0.07914575742993973,0.03411929149194565,0.02394537247084164,0.01746064480648931,0.024518228271579477,0.01239659952796682,0.07463165372012558,0.013221511881029307,0.0642056781466969,0.04553057904264338,0.02270800394124791,0.07410462638344675,0.03306523681858802,0.01952292568914553,0.07909992896588071,0.13707293600054996,0.0005728558007378383,0.03576911619807062,0.037258541279989,0.033111065282647054,0.07204234550079054,13.71685308221037,12.986339738856195,4,3.976669832802519,3.7177052896607456
10740,"Albuquerque, NM",NM,13872.0,1156.0,70783.0,74082.64082222174,921482.0,95.546,96.144,89.153,98.54,63294.51818181818,54295.0,31834.25069890647,66245.07376741902,56826.03144035333,0.26366986004580767,0.25549315883176726,0.2519260044793674,0.24411349353740036,4.5627536174897765,51726.412598976596,42307.37027191091,1.1392515592515593,0.95,0.2910602910602911,1.9925176715176713,499,384590.0,0.05579968277906342,0.06315816843911698,0.031904105670974285,0.023583556514729972,0.010296679580852336,0.01632907771912946,0.008580566317376947,0.05171741334928105,0.01055669674198497,0.06638238123716166,0.0637822096258353,0.030500013000858056,0.09820848175979614,0.029823968381913205,0.019293273356041498,0.0855716477287501,0.1435814763774409,0.0008840583478509582,0.05408356951558803,0.0377284900803453,0.028965911750175512,0.0692685717257339,13.733739607739533,12.859935710926973,4,1.540769230268747,1.468469297910107
10780,"Alexandria, LA",LA,11352.0,946.0,56353.0,65766.86973367877,149622.0,85.686,93.691,53.684,95.705,53004.47963800905,48810.0,23920.05486702796,61858.973038780015,56963.798053357605,0.2594567995595722,0.23257529194837123,0.22231815327061502,0.1992844646588814,4.669175443799246,48610.60107603231,43715.4260906099,1.4032432432432431,1.11,0.4099099099099099,3.867036036036036,223,50890.0,0.049125564943996856,0.0406759677736294,0.006484574572607585,0.0053055610139516604,0.0029475338966398115,0.021222244055806642,0.0068775790921595595,0.02063273727647868,0.005502063273727648,0.10748673609746512,0.093731577913146,0.033405384161917864,0.09628610729023383,0.0343878954607978,0.01847121241894282,0.10787974061701709,0.1342110434269994,0.0011790135586559245,0.0483395559048929,0.0483395559048929,0.02358027117311849,0.093928080172922,11.91587407602073,10.837441369615792,2,-4.75958272400389,-0.4807332386791692
10900,"Allentown-Bethlehem-Easton, PA-NJ",PA,16380.0,1365.0,84587.0,84614.07650448143,873603.0,99.968,100.569,105.52,97.752,64028.43137254902,57815.0,29266.02507790738,64048.92702919836,57833.50672215109,0.3001356390785087,0.2833180905573471,0.3000395956740036,0.2832274287683687,3.908939644233762,47663.683751349454,41448.263444302174,1.0899418604651163,0.95,0.25775193798449614,1.90359496124031,520,363430.0,0.06364361775307487,0.041080813361582695,0.016674462757614947,0.014885947775362519,0.006768841317447652,0.017197259444734887,0.00401727980629007,0.06367113336818644,0.008612387529923231,0.08235423602894643,0.05830558842142916,0.020113914646561926,0.08218914233827697,0.03164295737831219,0.0226453512368269,0.08084087719780976,0.11196103788900201,0.0007979528382356987,0.02724045896046006,0.03981509506645021,0.06826624109181961,0.13727540379165176,13.680382462716874,12.803344736754447,4,2.2747993437034926,0.5857605166478878
11020,"Altoona, PA",PA,10620.0,885.0,62382.0,69695.1076452121,121277.0,89.507,100.684,54.978,97.726,55655.294117647056,48485.0,27370.992077326984,62179.822938593694,54168.947680069716,0.22773399270949926,0.21903851364889143,0.20383786485449154,0.19605480241171325,5.240611498836823,50314.82913922604,42303.95388070207,1.27701244813278,1.05,0.35684647302904565,3.7489128630705397,243,52430.0,0.06084302880030517,0.04176997901964524,0.011062368872782759,0.009536524890329964,0.0024794964714857904,0.026511539195117298,0.002098035475872592,0.04291436200648484,0.005721914934197978,0.08239557505245089,0.06065229830249857,0.014876978828914743,0.10070570284188442,0.027274461186343697,0.02307839023459851,0.1079534617585352,0.12397482357428953,0.0,0.03547587259202747,0.04157924852183864,0.06961663169940874,0.10947930574098798,11.705840709975053,10.867253298434472,2,-3.8784235090214283,0.7578585523751268
11100,"Amarillo, TX",TX,13032.0,1086.0,69611.0,75812.45915922457,271917.0,91.82,93.757,78.38,96.24,56042.767857142855,48000.0,28374.40849937195,61035.46924106171,52276.19255064257,0.2803830781797324,0.27150301670018556,0.2574477423846303,0.24929406993411035,4.300396551346137,46842.48296356226,38083.20627314311,1.119970238095238,1.02,0.2767857142857143,2.6997619047619046,338,111050.0,0.07483115713642503,0.04484466456551103,0.014227825303917155,0.009725348941918056,0.0046825754164790635,0.012426834759117515,0.004592525889239082,0.05565060783430887,0.006393516434038721,0.07104907699234579,0.04034218820351193,0.022332282755515534,0.11112111661413777,0.03313822602431337,0.01494822152183701,0.09455200360198109,0.1329131022062134,0.000990544799639802,0.04592525889239082,0.05655110310670869,0.050157586672669965,0.09860423232778028,12.513255829238506,11.617744834234752,2,-1.715844229259085,-1.2368626212236398
11180,"Ames, IA",IA,12000.0,1000.0,73127.0,82322.41359900935,127134.0,88.83,93.73,69.163,92.927,62828.54406130268,56500.0,29671.56784939616,70728.97001159821,63604.63807272318,0.22942304532569632,0.21238938053097345,0.20379649116281603,0.18866548672566372,5.235712005108557,57220.02033243576,50095.68839356073,1.59816091954023,1.05,0.37547892720306514,3.332340996168582,263,48950.0,0.06945863125638406,0.07129724208375894,0.035137895812053115,0.01818181818181818,0.02247191011235955,0.017977528089887642,0.0024514811031664963,0.05801838610827375,0.011235955056179775,0.056179775280898875,0.04269662921348315,0.009601634320735445,0.11235955056179775,0.03779366700715015,0.023289070480081716,0.09070480081716037,0.09867211440245148,0.0,0.04269662921348315,0.04004085801838611,0.06537282941777324,0.07436159346271706,11.753004792990641,10.79857507675918,4,-0.8785780032736263,4.051737091361754
11200,"Amherst Town-Northampton, MA",MA,16656.0,1388.0,87001.0,86790.10005686183,162028.0,100.243,97.015,97.537,101.197,73687.34265734266,67905.0,30283.847769409535,73508.71647630524,67740.39085023393,0.26436482767175296,0.24528455593811752,0.26500723420299527,0.24588059740904714,4.424071965498478,56893.09244270688,51124.76681663557,1.9075636363636366,1.11,0.4290909090909091,3.2359527272727275,287,62490.0,0.08241318610977756,0.06273003680588894,0.021923507761241797,0.008481357017122739,0.00992158745399264,0.04640742518803009,0.007841254600736118,0.1113778204512722,0.014082253160505681,0.05376860297647624,0.058729396703472554,0.027204352696431428,0.10737718034885582,0.028804608737397985,0.022723635781725076,0.07713234117458793,0.12449991998719795,0.0008001280204832773,0.02928468554968795,0.03216514642342775,0.023203712594015043,0.04912786045767323,11.995530610539403,11.042777825355497,5,2.595179400062118,3.7865999285076346
11260,"Anchorage, AK",AK,17496.0,1458.0,100505.0,95337.69683172074,401964.0,105.42,107.34,109.905,103.342,71967.73269689738,64380.0,32007.178588727173,68267.62729737941,61070.00569151963,0.28942232701196097,0.27176141658900277,0.3051090171360093,0.2864908853681267,4.113382070010138,51671.15603955357,44473.53443369379,1.8027511961722487,1.145,0.4449760765550239,2.2848827751196175,431,166840.0,0.08253416446895229,0.04848957084631983,0.01672260848717334,0.026312634859745863,0.016542795492687605,0.02229681131623112,0.007672021098058019,0.042495804363462,0.00970990170222968,0.07426276672260848,0.05184608007672021,0.019359865739630784,0.09482138575881084,0.02888995444737473,0.02433469192040278,0.07570127067849436,0.13473987053464398,0.000419563653800048,0.05448333732917766,0.05178614241189163,0.017262047470630544,0.09931671062095421,12.904120299134192,12.024796542059402,5,3.840815590474336,0.7759734484417204
11460,"Ann Arbor, MI",MI,17556.0,1463.0,89180.0,88402.06185567011,369822.0,100.88,93.711,125.3,99.561,69871.3937219731,62000.0,32967.269479247974,69261.88909791148,61459.15939730374,0.3014723087635701,0.2831618869956516,0.30412526508068954,0.28565371160121333,3.9799153407366767,51859.034220829795,44056.30452022205,1.5338926174496643,0.9,0.3243847874720358,2.1618232662192396,452,210390.0,0.06392889395883834,0.05656162365131422,0.03517277437140549,0.028043157944769238,0.015685156138599745,0.02557155758353534,0.005133323827178098,0.13322876562574268,0.01335614810589857,0.124245448928181,0.04862398402965921,0.01288084034412282,0.07647701886971814,0.024858595940871715,0.03151290460573221,0.0625029706735111,0.11402633205000237,0.00042777698559817484,0.016920956319216692,0.027045011645040164,0.038499928703835735,0.04529682969722896,12.820779791782588,12.256722983265387,1,4.585879917224824,3.0325107105283786
11500,"Anniston-Oxford, AL",AL,9912.0,826.0,55029.0,64025.17772167215,116090.0,85.949,96.397,54.705,96.693,51330.820512820515,45060.0,25005.636464473195,59722.41737870192,52426.4389347171,0.23349610886231395,0.21997336884154461,0.2006875706060702,0.18906491078561918,5.178654208315225,48189.99698986668,40894.01854588186,1.7791099476439791,1.12,0.42408376963350786,4.387607329842932,195,36270.0,0.041080783016266886,0.04521643231320651,0.006065618968844775,0.010201268265784396,0.0016542597187758478,0.011028398125172319,0.0035842293906810036,0.02178108629721533,0.007168458781362007,0.06975461814171492,0.030328094844223878,0.02481389578163772,0.12324234904880066,0.028949545078577336,0.01240694789081886,0.12131237937689551,0.11166253101736973,0.0011028398125172319,0.030328094844223878,0.06672180865729253,0.12489660876757651,0.10669975186104218,11.662129645301356,10.498773802892188,2,-6.331951735688646,-0.9533638029737768
11540,"Appleton, WI",WI,12720.0,1060.0,85825.0,92865.10349603437,245768.0,92.419,93.787,70.785,99.411,61745.568513119535,56830.0,26482.201617817293,66810.4702638197,61491.684610307406,0.24012503997365162,0.22382544430758403,0.22192116069324908,0.20685723737462608,4.854211361094303,53047.066634695824,47728.280981183525,1.3501440922190202,1.04,0.33429394812680113,2.748913544668588,349,118170.0,0.04747397816704747,0.05762883980705763,0.018532622493018534,0.017263264788017263,0.002538715410002539,0.011508843192011509,0.003554201574003554,0.047897097402047895,0.007531522383007532,0.047389354320047386,0.04256579504104257,0.015401540154015401,0.08716256241008716,0.028856731827028855,0.016924769400016925,0.10095624947110096,0.12160446813912161,0.0011001100110011,0.055513243632055516,0.04451214352204451,0.12482017432512482,0.09926377253109926,12.412147349364659,11.679888006981955,4,-1.245621539236281,2.4586775916085117
11640,"Arecibo, PR",PR,6600.0,550.0,25084.0,,180767.0,,,,,34500.12903225807,25440.0,19428.401020593767,,,0.23296854931898064,0.25943396226415094,,,5.2272922776148585,,,1.8935714285714287,1.125,0.45454545454545453,5.671922077922078,156,30530.0,0.030461840812315753,0.028824107435309533,0.004258106780216181,0.008188666885031117,0.0026203734032099572,0.012446773665247298,0.0,0.09073042908614477,0.0016377333770062235,0.07009498853586636,0.022273173927284638,0.016377333770062234,0.10809040288241074,0.038978054372748115,0.006223386832623649,0.16410088437602358,0.16115296429741238,0.0,0.029806747461513267,0.031772027513920734,0.0894202423845398,0.08254176220111366,12.10496972012499,10.32649783986004,2,-7.830949136350537,-2.4674778542288123
11700,"Asheville, NC",NC,15552.0,1296.0,71838.0,74438.89499098502,414711.0,96.506,96.621,93.371,98.186,59702.635294117645,50760.0,27808.563889313224,61864.169371974436,52597.76594201397,0.3029191910352288,0.30638297872340425,0.2923351945004579,0.2956779574468085,3.8389040183974825,45749.10916846377,36482.705738503304,1.1810791366906475,1.04,0.3237410071942446,2.2953980815347723,432,179580.0,0.05601960129190333,0.04839068938634592,0.017373872368860673,0.013810001113709768,0.005512863347811561,0.01781935627575454,0.005846976277981958,0.0503953669673683,0.012751976834836842,0.07734714333444705,0.045996213386791406,0.019768348368415192,0.12657311504621896,0.03552734157478561,0.02489141329769462,0.1004566210045662,0.11482347700189331,0.0011693952555963916,0.03881278538812785,0.03881278538812785,0.061476779151353154,0.08642387793740951,12.935339582396479,12.098381638608132,3,0.5778566943588663,-2.0317044508784887
12020,"Athens-Clarke County, GA",GA,14412.0,1201.0,65608.0,70287.00598866545,220197.0,93.343,96.269,76.759,98.667,56890.745762711864,49140.0,28020.719085730154,60948.05798261451,52644.54752900592,0.3056447161735425,0.2932844932844933,0.2852979474178698,0.2737605445665446,3.947456686283088,45508.22853637858,37204.71808276999,1.268561872909699,0.96,0.3210702341137124,2.8948160535117053,303,82490.0,0.05430961328645897,0.054673293732573645,0.015759485998302826,0.00654624803006425,0.009698145229724816,0.013819856952357861,0.004727845799490847,0.07697902776094072,0.00642502121469269,0.08158564674506001,0.043762880349133226,0.022426960843738634,0.12825797066311068,0.026912353012486363,0.0255788580433992,0.09431446235907383,0.11952963995635835,0.000606134076857801,0.028609528427688203,0.05030912837919748,0.05200630379439932,0.08316159534489029,12.302282420577335,11.320444475462835,2,-0.9482916475607529,-1.8701314480354567
12060,"Atlanta-Sandy Springs-Roswell, GA",GA,20064.0,1672.0,89724.0,89671.99024565752,6256377.0,100.058,100.416,111.022,96.701,65437.837536656894,56210.0,32005.284817872325,65399.90559141387,56177.41709808311,0.3707652333637077,0.3569472076160389,0.37098027719905863,0.3571542369964562,3.2614552201284335,45347.53596579673,36125.047472465965,0.9748882265275708,0.88,0.20268256333830104,1.4607436661698956,698,2814960.0,0.07406854804331145,0.09412922386108506,0.04189757580924773,0.012621848978315855,0.006476113337312075,0.01163782078608577,0.011158240259186632,0.054274305851592916,0.0134708841333447,0.05689601273197488,0.030391195612015802,0.02192215875181175,0.09004035581322647,0.021652172677409272,0.020323556995481287,0.09679356012163583,0.11934094978259016,0.0007779861880808253,0.0310697132463694,0.03946770113962543,0.04710191263819024,0.10448816324210645,15.649111981376834,14.850458965108269,1,6.516523691944318,-0.8582968877332171
12100,"Atlantic City-Hammonton, NJ",NJ,16476.0,1373.0,82105.0,83054.31077212539,371211.0,98.857,99.79,98.673,97.925,65703.06493506493,59730.0,30166.832451635404,66462.73398450785,60420.60754423055,0.297879765946088,0.27584128578603717,0.2944750002213242,0.27268841988950276,3.9878043781903942,49796.23591153376,43754.10947125646,1.700527704485488,0.99,0.36675461741424803,2.5394511873350925,395,160450.0,0.054160174509192895,0.034403240885010906,0.014833281396073544,0.005235275786849486,0.0030539108756622003,0.018884387659707073,0.005983172327827984,0.0572140853848551,0.011467746961670302,0.05920847616079775,0.04774072919912745,0.03932689311311935,0.15980056092240574,0.05684013711436585,0.058647553755063885,0.09379869118105329,0.12253038329697725,0.001121844811467747,0.04125895917731381,0.034777189155500154,0.016142100342785914,0.06357120598317233,12.824528606957864,11.985743878989757,5,1.8822213277047637,-1.6614056075048664
12220,"Auburn-Opelika, AL",AL,12312.0,1026.0,63649.0,72383.51927035356,199825.0,87.933,96.397,62.078,96.693,55070.68548387097,48555.0,25695.856877360853,62628.00710071414,55218.177476032884,0.27210367255887064,0.25356825038212805,0.23926892239119174,0.22297016960851665,4.472927670879708,48626.437724029616,41216.60809934836,1.343227091633466,0.98,0.3426294820717131,3.424745019920319,254,61670.0,0.05691584238689801,0.04086265607264472,0.01378303875466191,0.012647964974866224,0.0037295281336143992,0.010702124209502189,0.00340522133938706,0.061780444300308095,0.01005351062104751,0.053997081238851954,0.03178206583427923,0.018647640668071997,0.1378303875466191,0.03502513377655262,0.02399870277282309,0.10475109453543052,0.11010215664018161,0.0012972271769093563,0.036646667747689314,0.04264634344089509,0.08740068104426787,0.10199448678449813,12.20520226686053,11.029569083193783,2,-2.738239022504953,-0.6508526189919369
12260,"Augusta-Richmond County, GA-SC",GA,13440.0,1120.0,69344.0,75453.46724263625,624181.0,91.903,96.293,70.603,98.54,59866.45161290323,50620.0,31384.123512167487,65140.91119212998,55079.8124109115,0.2768530164375221,0.26550779772036465,0.254436227696576,0.24400963133894676,4.454349078341014,50516.79663656596,40455.69785534748,1.219425287356322,0.96,0.271264367816092,2.194197701149425,440,219120.0,0.056863818912011685,0.055312157721796276,0.019989047097480832,0.022453450164293537,0.008990507484483387,0.011683096020445418,0.004700620664476086,0.06571741511500548,0.00789521723256663,0.08255750273822562,0.04568273092369478,0.030622489959839357,0.10501095290251916,0.03112449799196787,0.023548740416210297,0.08990507484483388,0.10930083972252647,0.0013691128148959474,0.03409090909090909,0.0477364001460387,0.0659456005841548,0.07949981745162468,13.344197271491778,12.297379367635928,4,0.12933281239015795,0.8015091449457172
12420,"Austin-Round Rock-San Marcos, TX",TX,20712.0,1726.0,100431.0,102411.64113964065,2426592.0,98.066,93.757,120.361,96.24,66050.96212624585,58925.0,31130.757697742698,67353.5803706135,60087.08420859421,0.37534564831619,0.3514977297960489,0.3680864634777549,0.34469976370179334,3.1890190288840214,46233.110482986805,38966.61432096751,1.0553098827470686,0.93,0.24790619765494137,1.646041876046901,615,1238280.0,0.10345802241819298,0.0796346545207869,0.06433924475885906,0.021166456698000453,0.008326065187195142,0.012097425461123494,0.010781083438317667,0.05377620570468715,0.014439383661207481,0.04788093161482056,0.027150563685111605,0.020035856187615077,0.09759505120005169,0.02735245663339471,0.019519010240010338,0.08920438026940596,0.1259569725748619,0.00048454307587944567,0.042970895112575506,0.03664760797234874,0.030558516652130375,0.06662467293342378,14.701998773901115,14.029234685469227,1,7.064198023124177,-0.32849743411634047
12540,"Bakersfield-Delano, CA",CA,15600.0,1300.0,70210.0,69593.40245425531,915075.0,100.886,105.168,90.291,100.267,69751.04406779661,61050.0,31750.454572980838,69138.47716015762,60513.847312808524,0.26548481745322783,0.25552869430976033,0.2678370129358634,0.2577926785413448,4.4712207735767056,53675.47932101245,45050.849473663344,1.3292207792207793,0.86,0.2683982683982684,2.0863160173160176,479,323120.0,0.04697945035899975,0.04527729636048527,0.015566972022777915,0.020363951473136917,0.009439217628125773,0.017269126021292398,0.0030329289428076256,0.0722951225550879,0.0063753404307997025,0.047722208467442434,0.06610547165139886,0.02850334241148799,0.08359123545432037,0.02392300074275811,0.01600024758603615,0.07136667491953454,0.0933399356276306,0.11429190393661798,0.040356523892052486,0.03983040356523892,0.032712305025996535,0.10565734092597177,13.726762400917648,12.685782145057958,5,2.4149313217920794,2.666324245836605
12580,"Baltimore-Columbia-Towson, MD",MD,19332.0,1611.0,99470.0,95198.4457396614,2849436.0,104.487,102.353,118.194,101.496,70328.93679389314,61050.0,32720.78863514798,67308.79132704846,58428.32122656407,0.32844073814588853,0.3166584766584767,0.3431778740664945,0.3308669425061425,3.637954520685554,48806.96813373255,39926.49803324816,1.130447284345048,0.995,0.30670926517571884,1.5609249201277955,672,1310090.0,0.08687189429733835,0.08188750391194498,0.04885160561488142,0.01899106168278515,0.013472356860979017,0.01977726721064965,0.010625224221236709,0.06005694265279485,0.011808349044722118,0.06910212275492524,0.04078345762504866,0.02885297956628934,0.07743742796296438,0.02931096336892885,0.020487142104740896,0.0763230007098749,0.12350296544512208,0.0009312337320336771,0.04103534871650039,0.033409918402552495,0.022273278935034998,0.08420795517865184,14.862631988870826,14.085607158413563,1,7.040281249582974,0.6756524006302385
12620,"Bangor, ME",ME,12492.0,1041.0,66356.0,68756.99423881958,154710.0,96.508,97.171,77.688,103.191,61075.98039215686,51750.0,27438.799438194284,63285.9248892909,53622.49761677788,0.23516302037792222,0.24139131336148106,0.2269511277063251,0.23296192869889812,4.88920752418803,50341.9202471887,40678.49297467568,1.3565573770491803,1.14,0.4,3.0188262295081967,313,66000.0,0.062424242424242424,0.04045454545454545,0.014393939393939395,0.00893939393939394,0.0034848484848484847,0.02621212121212121,0.0048484848484848485,0.05848484848484849,0.009696969696969697,0.08636363636363636,0.06787878787878789,0.019393939393939394,0.10121212121212121,0.038636363636363635,0.020757575757575756,0.09848484848484848,0.12863636363636363,0.0030303030303030303,0.042727272727272725,0.04181818181818182,0.026818181818181817,0.0953030303030303,11.949314139398513,11.097425172408931,2,-1.9632600150515382,-0.1617388250879251
12700,"Barnstable Town, MA",MA,20136.0,1678.0,95241.0,96837.85624955516,231668.0,98.351,97.015,90.012,101.197,71636.93950177936,64260.0,29253.699519888058,72838.03876094738,65337.4139561367,0.3265738602549639,0.3133520074696545,0.3211886572993595,0.3081848328664799,3.5576549216219386,52364.428934916126,44863.80413010544,1.2531785714285715,1.065,0.37142857142857144,3.303503571428571,285,86420.0,0.07706549409858829,0.047211293682018055,0.01284424901643138,0.010529969914371674,0.007405693126591067,0.018861374681786624,0.0055542698449433,0.05762554964128674,0.007752834991900023,0.059014117102522565,0.04940985882897477,0.021291367738949317,0.14475815783383475,0.05311270539227031,0.02649849571858366,0.1094654015274242,0.12207822263364962,0.0010414255959268687,0.053691275167785234,0.035177042351307565,0.012959962971534367,0.0666512381393196,12.353064907770543,11.366985980814487,5,2.7131721671024107,-0.9386627111203989
12940,"Baton Rouge, LA",LA,13620.0,1135.0,69599.0,76667.76823088786,875313.0,90.78,93.691,74.183,95.705,58747.13166666667,53765.0,27137.123694286314,64713.738341778655,59225.60035250055,0.2807868502063127,0.2533246557759239,0.25489830261729074,0.22996812251338375,4.31329894762604,49710.43364911507,44222.295659836964,1.6682278481012658,0.94,0.3291139240506329,2.026742616033755,490,387420.0,0.06894326570646843,0.0583862474833514,0.018971658665014712,0.0222755665685819,0.010247276857157607,0.015435444736977957,0.008311393319911207,0.04726137008930876,0.008750193588353725,0.065587734241908,0.04194414330700532,0.02772185225336844,0.08866346600588508,0.025037427081720097,0.015487068297971194,0.08569511124877394,0.11349439884363223,0.0005420473904289918,0.08843115998141551,0.04767435857725466,0.05668266997057457,0.08445614578493625,13.682337958108784,12.867267236023286,4,0.2851503112929211,1.4132888437216684
12980,"Battle Creek, MI",MI,11616.0,968.0,63177.0,69777.22799615645,133778.0,90.541,93.711,61.045,99.561,60675.28384279476,52120.0,27603.90036533981,67014.15253067094,57565.08101302173,0.22634321888355152,0.22287029930928626,0.2049334138093564,0.20178899769762085,5.223423195832883,54184.605695535465,44735.534177886264,1.3643290043290044,1.04,0.36796536796536794,3.8535627705627706,232,47760.0,0.0678391959798995,0.06176716917922948,0.016331658291457288,0.018425460636515914,0.002512562814070352,0.02219430485762144,0.0014656616415410384,0.038525963149078725,0.007537688442211055,0.06448911222780569,0.05820770519262981,0.0173785594639866,0.09903685092127303,0.0347571189279732,0.013609715242881073,0.07788944723618091,0.11306532663316583,0.0018844221105527637,0.02763819095477387,0.04522613065326633,0.14279731993299832,0.06742043551088778,11.803944463685573,10.773964685870737,4,-2.894665324587054,2.549605085560491
13020,"Bay City, MI",MI,10320.0,860.0,61763.0,67191.39260887065,103008.0,91.921,93.711,66.684,99.561,56082.044198895026,47220.0,28095.13164071576,61011.13368968465,51370.198322472555,0.22095670556041994,0.21855146124523506,0.20310561331819363,0.20089468869123253,5.43430660842006,49784.10178185074,40143.166414638654,1.3288333333333333,1.17,0.45,4.677894444444444,181,28070.0,0.055575347345920914,0.03954399714998219,0.008550053437833986,0.013537584609903812,0.0057000356252226575,0.031706448165301035,0.003562522265764161,0.034912718204488775,0.007125044531528322,0.059850374064837904,0.06341289633060207,0.013537584609903812,0.13038831492696829,0.04453152832205201,0.018525115781973637,0.10936943355895974,0.12076950480940506,0.0028500178126113287,0.037762736017100104,0.04275026718916993,0.057356608478802994,0.09868186676166726,11.54257164203526,10.242492293944023,2,-4.638372216732756,-0.6833497500494844
13140,"Beaumont-Port Arthur, TX",TX,13272.0,1106.0,64659.0,71806.63216578194,396827.0,90.046,93.757,70.939,96.24,60873.77094972067,51560.0,32229.78303233727,67602.97064802509,57259.6228594274,0.27114437322021245,0.25741875955862836,0.24415466230987248,0.2317952962321625,4.5866313253255475,52863.83731617248,42520.48952757479,1.6124512534818942,0.96,0.3203342618384401,2.6415181058495825,361,150610.0,0.07814886129739061,0.04156430515901999,0.012084190956775778,0.02443396852798619,0.009361928158820795,0.008963548237168847,0.00458136909899741,0.05637075891375075,0.0046477657526060685,0.053316512847752476,0.04209547838788925,0.03080804727441737,0.0952791979284244,0.023504415377464977,0.011752207688732488,0.082929420357214,0.11373746763163137,0.00019918996082597437,0.08286302370360533,0.05842905517561915,0.07861363787265122,0.08631564969125556,12.891258216419425,11.922455632849212,4,-1.011610556337906,1.4486310089814733
13220,"Beckley, WV",WV,10272.0,856.0,52620.0,59545.768312417254,112714.0,88.369,96.27,52.246,99.806,51316.069651741294,45800.0,24730.354970665605,58070.21653718079,51828.129774015775,0.24252540860334448,0.22427947598253276,0.21431727832868946,0.19819353013100435,4.995723291641481,46446.230750309835,40204.14398714482,4.28105,1.185,0.44,4.4085849999999995,202,37680.0,0.053874734607218686,0.03078556263269639,0.0050424628450106155,0.007165605095541401,0.003980891719745223,0.018577494692144373,0.0037154989384288748,0.0522823779193206,0.002653927813163482,0.09209129511677282,0.0798832271762208,0.03423566878980892,0.10934182590233546,0.03821656050955414,0.01751592356687898,0.10509554140127389,0.11809978768577495,0.0,0.06979830148619957,0.05334394904458599,0.020700636942675158,0.08359872611464968,11.632617787888233,10.53691126761627,2,-6.130281559331781,-2.0042439050125593
13380,"Bellingham, WA",WA,18660.0,1555.0,81784.0,79145.29583680104,230503.0,103.334,105.028,112.946,99.472,70701.38554216867,61850.0,30479.68636410044,68420.25426497441,59854.45255191901,0.3076581318562428,0.3016992014096084,0.31791545397232995,0.31175785278460477,3.788927413835406,50362.3062517358,41796.50453868039,1.3418018018018019,1.03,0.35135135135135137,2.793126126126126,338,84690.0,0.048175699610343604,0.06671389774471602,0.022080528988074152,0.011689691817215728,0.005077340890305821,0.020073208170976502,0.004132719329318692,0.06399811075687803,0.009800448695241468,0.04640453418349274,0.053134962805526036,0.022198606683197543,0.10745070256228599,0.0335340654150431,0.019600897390482937,0.10284567245247372,0.11914039437950172,0.0027157869878379976,0.06328964458613767,0.03896563939071909,0.06458849923249498,0.07438894792773645,12.348023494847444,11.346764617615445,5,2.455330683298756,-0.5509165105660998
13460,"Bend, OR",OR,20364.0,1697.0,89788.0,86662.09812078334,257814.0,103.607,105.261,109.958,100.298,66307.30610079576,58500.0,28713.360241720904,63998.86696921613,56463.36637485884,0.35544100910429943,0.3481025641025641,0.36826176630269153,0.36065862358974365,3.2561042084460694,44343.824356265264,36808.32376190798,1.5210455764075068,1.07,0.3914209115281501,2.540034852546917,380,101840.0,0.06716417910447761,0.05587195600942655,0.023959151610369208,0.009819324430479183,0.013452474469756481,0.027297721916732128,0.006087981146897094,0.055184603299293006,0.010506677140612725,0.05587195600942655,0.04035742340926944,0.014630793401413983,0.11684996072270228,0.03750981932443048,0.027690494893951294,0.09662215239591516,0.1165553809897879,0.0028476040848389632,0.05675569520816968,0.03819717203456402,0.04998036135113904,0.0767871170463472,12.45999755243382,11.531168052507509,3,3.7693243508125103,-3.0067487593979867
13740,"Billings, MT",MT,13404.0,1117.0,77194.0,82537.476209824,189255.0,93.526,96.006,77.364,98.715,61267.00879765396,54520.0,27804.23311766911,65507.996490445395,58293.95034535851,0.2575829546765246,0.2458547322083639,0.24090703419076634,0.22993809684519442,4.57080041761071,51176.152938919615,43962.10679383273,1.5436950146627566,1.11,0.4252199413489736,2.7132785923753664,350,86710.0,0.056394879483335256,0.05570291777188329,0.015453811555760581,0.01741436973820782,0.007265597970245646,0.024449313804636143,0.007957559681697613,0.0417483565909353,0.012224656902318071,0.07150271018336986,0.04128704878330066,0.0130319455656787,0.11555760581247837,0.03782724022604082,0.01891362011302041,0.10367892976588629,0.12132395340791143,0.0014992503748125937,0.05824011071387383,0.0500518971283589,0.03425210471687233,0.09422211970937608,12.150855874892244,11.370336028999896,4,-0.892440623662124,0.4384509633768619
13780,"Binghamton, NY",NY,11268.0,939.0,64590.0,69554.07428146839,245242.0,92.863,99.693,69.694,97.754,64836.247904191616,55400.0,32065.675584697197,69819.2476058189,59657.77543262656,0.20875934676794164,0.2033935084320631,0.19386019218911366,0.18887731373526678,5.754015610950623,57685.24375067746,47523.77157748511,1.277462686567164,1.06,0.33432835820895523,2.780973134328358,338,89670.0,0.048734247797479646,0.04996096799375488,0.029998884799821567,0.01639344262295082,0.0034571205531392884,0.025092004014720642,0.006802721088435374,0.08040593286494926,0.007694881231180997,0.07226497156239545,0.05107616817218691,0.020519683283149324,0.09590721534515445,0.035797925727668115,0.019627523140403703,0.0821902531504405,0.13427010148321625,0.0004460800713728114,0.03445968551354968,0.04048176647708264,0.05118768819003011,0.0932307349169176,12.4100048347165,11.403902695885694,4,-1.532999798556647,3.846188678708288
13820,"Birmingham, AL",AL,14064.0,1172.0,71498.0,78017.10968530399,1184613.0,91.644,96.397,71.851,96.693,60231.3776,51580.0,29815.05187810491,65723.20893893762,56283.00816201824,0.2824240211735994,0.2726638231872819,0.2588246699643334,0.2498800341217526,4.282663367463027,50376.868753000745,40936.66797608136,1.088835758835759,0.95,0.31392931392931395,1.9883326403326405,505,495390.0,0.058943458689113624,0.059326994892912654,0.026322695250206907,0.013726558872807283,0.0052282040412604215,0.011929994549748683,0.009568218978986253,0.04564080825208422,0.00962877732695452,0.08821332687377621,0.03807101475605079,0.02860372635701165,0.08680029875451664,0.024243525303296393,0.01867215729021579,0.10331254163386423,0.11546458345949656,0.0008276307555663215,0.044389269060740026,0.046690486283534186,0.06396980157047982,0.10042592704737681,13.98492754109047,13.113102628734705,4,0.5926000193787117,0.8781200066942868
13900,"Bismarck, ND",ND,12252.0,1021.0,85156.0,93553.3485674108,136216.0,91.024,95.701,84.013,91.158,64057.58007117438,59950.0,27105.412279419692,70374.38485583403,65861.75074705572,0.22044076465903792,0.20437030859049207,0.20065400162324268,0.18602602969140952,5.228336603915636,56914.198531348185,52401.56442256987,1.4959027777777778,1.1,0.4201388888888889,3.1827812499999997,290,64280.0,0.06565028002489111,0.058182949595519604,0.021779713752333542,0.012756689483509645,0.006533914125700062,0.01944617299315495,0.006689483509645302,0.04838207840696951,0.013534536403235844,0.08478531425015556,0.05616054760423149,0.023179838207840697,0.10252022401991288,0.03313627878033603,0.03391412570006223,0.08851897946484132,0.12165525824517735,0.001866832607342875,0.052582451773490975,0.04060360920970753,0.032825140012445554,0.07529558182949596,11.822004481355027,11.071019376668836,4,-0.8516906090465283,3.703944744903339
13980,"Blacksburg-Christiansburg-Radford, VA",VA,13248.0,1104.0,65839.0,71016.07162118434,181664.0,92.71,96.773,74.371,98.612,60703.475177304965,50795.0,27992.983080750197,65476.72869949841,54789.12738647395,0.260562510282103,0.26081327685039124,0.24156750328253765,0.2417999889679977,4.582085988625073,51187.00806526261,40499.40675223817,1.5454964539007092,0.99,0.35815602836879434,3.118312056737589,285,65380.0,0.0475680636280208,0.048944631385744876,0.027531355154481494,0.01728357295809116,0.011318446007953502,0.021566228204343837,0.0032119914346895075,0.08106454573263995,0.011318446007953502,0.05368614255123891,0.03548485775466503,0.022483940042826552,0.09605383909452432,0.039767513000917715,0.019271948608137045,0.08182930559804222,0.10997246864484551,0.0004588559192413582,0.04741511165494035,0.051085959008871216,0.09115937595594983,0.08152340165188131,12.10991961062326,11.08798697535854,4,-1.1351291444251161,0.7600029509061306
14010,"Bloomington, IL",IL,12108.0,1009.0,79905.0,85426.08807209981,171556.0,93.537,93.643,74.715,99.59,64305.96363636364,58580.0,29947.895702469184,68749.22612053373,62627.62329345606,0.22798431437897387,0.20669170365312392,0.2132496881406608,0.19333321884602253,5.311031023815959,55804.61596626323,49683.01313918556,1.2227777777777777,0.915,0.21428571428571427,3.1875714285714287,277,72420.0,0.07304611985639327,0.12234189450428058,0.06075669704501519,0.004694835680751174,0.0005523336095001381,0.015741507870753936,0.011460922397127865,0.05813311239988953,0.006766086716376692,0.05468102734051367,0.03700635183650925,0.01643192488262911,0.11778514222590444,0.040872687103010216,0.02388842861088097,0.08450704225352113,0.12524164595415632,0.0012427506213753107,0.02595967964650649,0.029826014913007456,0.016984258492129246,0.07207953603976802,12.052670851884313,11.190251591564536,4,0.8930594517509673,3.64586786865853
14020,"Bloomington, IN",IN,14112.0,1176.0,65543.0,68931.68146060326,162569.0,95.084,94.318,85.59,99.141,60448.7265917603,51400.0,28850.94034035479,63574.025694922704,54057.464978334945,0.27921642110851186,0.27455252918287937,0.26549014184681735,0.261055526848249,4.283498199529499,48732.41196390591,39215.85124731816,1.504307116104869,0.92,0.27340823970037453,3.1961872659176027,269,62360.0,0.04794740218088518,0.05436177036561898,0.028543938422065426,0.021648492623476588,0.006735086593970494,0.028223220012828735,0.005772931366260423,0.06270044900577293,0.005452212957023733,0.06366260423348301,0.045862732520846695,0.019403463758819756,0.13277742142398974,0.03495830660679923,0.018280949326491342,0.08835792174470815,0.11642078255291853,0.0,0.03415651058370751,0.03367543296985247,0.08306606799230276,0.06799230275817832,11.99886395722827,11.040695358963601,4,-0.5928176814368379,-0.19651052437349859
14260,"Boise City, ID",ID,17844.0,1487.0,85987.0,87393.15587807828,811115.0,98.391,96.179,105.58,98.974,61575.35353535353,56280.0,26274.496829241492,62582.30278719957,57200.35369088636,0.33615988563011345,0.31705756929637524,0.3307510730703249,0.3119561130063966,3.45075955701376,44446.497683074194,39064.54858676098,1.1424528301886794,0.98,0.2851153039832285,2.022054507337526,503,372840.0,0.07233665915674284,0.05967707327539964,0.028028108572041625,0.01880163072631692,0.010031112541572792,0.015851303508207275,0.008234095054178736,0.04404033901941852,0.011613560776740693,0.05855058470121231,0.04358437935843794,0.0170582555519794,0.08598862782963201,0.03269498980796052,0.025962879519364875,0.08510352966419912,0.13957729857311446,0.0038354253835425384,0.06450488145048815,0.04103636948825233,0.04379894861066409,0.0896899474305332,13.606166356161495,12.82890733428715,3,3.3516294674680926,-1.3782477119430707
14460,"Boston-Cambridge-Newton, MA-NH",MA,24276.0,2023.0,115863.0,107016.97670552156,4953354.0,108.266,99.651,148.424,103.603,77094.62583454282,66250.0,35418.74311972103,71208.52884058042,61191.87926034026,0.3742820096621183,0.36643018867924526,0.405220160580789,0.39671930807547173,3.1757548951451153,48785.97697757634,38769.32739733619,1.1098482549317148,0.94,0.2928679817905918,1.4953232169954476,704,2668430.0,0.09692216022155349,0.08934841835836053,0.049583462935134145,0.02452003612611161,0.023369546887120892,0.01990683660429541,0.009593656194841161,0.0667283758614616,0.014731508789812737,0.0700449327881938,0.045408723481597794,0.02229026056520126,0.07922636156841288,0.027724167394310512,0.022601304887143375,0.07840940178307094,0.10352529389940901,0.0005321481170575957,0.034027499316077243,0.02647249506263983,0.03601368595016545,0.05901972320802869,15.415575682735026,14.797001217198673,1,10.88540374933525,0.7221419969402885
14500,"Boulder, CO",CO,23592.0,1966.0,103994.0,98851.7328567898,328961.0,105.202,96.052,157.02,99.822,75801.58415841585,65455.0,34618.96172810296,72053.36795727823,62218.39888975495,0.36923796321919705,0.3604309333972683,0.38844572206585964,0.37918055055259414,3.2130206916927704,49627.93878292793,39792.96971540465,1.5774447174447175,1.08,0.4226044226044226,2.31472972972973,426,184160.0,0.06852736750651607,0.10431146828844483,0.08633796698523023,0.04485230234578627,0.023132059079061684,0.017104691572545613,0.009013900955690704,0.059024761077324066,0.014281059947871415,0.05082536924413553,0.02856211989574283,0.01216333622936577,0.095623370981755,0.022263249348392702,0.026009991311902694,0.10957862728062555,0.10045612510860122,0.001629018245004344,0.019928323197219808,0.024163770634231103,0.04365768896611642,0.03855343179843614,12.703697521556938,12.123565654001784,1,8.461204069989167,0.3663501866466259
14540,"Bowling Green, KY",KY,11700.0,975.0,63328.0,70224.77516938532,186959.0,90.179,96.246,63.395,96.892,54905.86080586081,48580.0,24427.664526129836,60885.41767580124,53870.63507024917,0.2515916322732563,0.24083985179086043,0.22688281806769986,0.21718696994648004,4.692808615885539,47911.2219096029,40896.43930405083,1.196776556776557,1.02,0.32967032967032966,3.292358974358974,274,72220.0,0.06397119911381889,0.03780116311271116,0.010108003323179175,0.011354195513708113,0.0029077817779008587,0.017031293270562173,0.006092495153697037,0.05649404597064525,0.009415674328440876,0.06078648573802271,0.0369703683190252,0.01758515646635281,0.10980337856549433,0.023400720022154528,0.014538908889504293,0.09429520908335641,0.1261423428413182,0.0,0.04070894489061202,0.04403212406535586,0.10024923843810579,0.11631127111603434,12.13864996921274,11.18748614131548,2,-3.1148470726209014,0.10404518268510649
14580,"Bozeman, MT",MT,20328.0,1694.0,93528.0,91237.9280070237,124074.0,102.51,96.006,139.188,98.715,63132.75,57525.0,27228.830334242542,61586.91834942931,56116.47644132279,0.36948574028016967,0.35337739338555263,0.378759832361202,0.3622471659595301,3.1057039551357732,41756.657887035406,36286.215978928885,1.6203886925795052,1.09,0.4134275618374558,3.1244098939929326,286,63230.0,0.0676893879487585,0.06104697137434762,0.024355527439506565,0.01644788866044599,0.01423374980230903,0.0151826664557963,0.006009805472086035,0.04032895777320892,0.018187569191839316,0.04396647161157678,0.0262533607464811,0.006958722125573304,0.1298434287521746,0.05535347145342401,0.022457694132532027,0.11070694290684802,0.11671674837893405,0.004586430491855132,0.07828562391269966,0.03890558279297802,0.03495176340344773,0.06753123517317729,11.728641500455641,11.054549966205157,3,3.3290562695755503,-4.719079076103761
14740,"Bremerton-Silverdale-Port Orchard, WA",WA,21864.0,1822.0,104158.0,98627.93186057742,277881.0,105.607,105.028,129.641,99.472,75719.8322147651,67245.0,31686.10574491839,71699.63375038122,63674.75640819264,0.33808389781191417,0.32514020830721035,0.35704026196222827,0.34337081978699563,3.4632195487909394,50996.46066526376,42971.583323075174,1.707123745819398,0.99,0.3712374581939799,3.06343143812709,301,85710.0,0.04188542760471357,0.08377085520942713,0.02905145257262863,0.0448022401120056,0.007817057519542644,0.01750087504375219,0.004433555011083888,0.05821957764554894,0.008517092521292732,0.0429354801073387,0.052502625131256565,0.02146774005366935,0.10593863026484658,0.02905145257262863,0.0168008400420021,0.08598763271496908,0.103955197759888,0.0007000350017500875,0.07362034768405087,0.06545327266363318,0.03605180259012951,0.06953681017384203,12.53495184213229,11.358736451074895,1,4.83724517363454,0.045565298884844604
14860,"Bridgeport-Stamford-Danbury, CT",CT,22500.0,1875.0,114565.0,107206.35574187752,956330.0,106.864,97.33,150.453,102.658,75841.60081632652,66090.0,35728.62159305955,70970.20588441995,61844.96182063183,0.3569503666401114,0.3404493374914617,0.38145143980628876,0.36381778001687565,3.370737814058957,49915.40726187166,40790.163198083545,1.053014553014553,0.94,0.2785862785862786,2.0346652806652807,503,393830.0,0.11126628240611432,0.06782114110149048,0.026889774775918543,0.016250666531244445,0.0045197166290023615,0.018510524845745627,0.008201508264987431,0.07421984104816799,0.015793616535053196,0.06441865779651118,0.048701216260823195,0.020922733158977223,0.08658558261178681,0.03445649137952924,0.03156184140365132,0.09884975750958536,0.1237335906355534,0.0003808749968260417,0.025137749790518752,0.02848944976258792,0.034278749714343755,0.05901023284158139,13.770859366417895,12.883677162251411,1,8.183493810379302,-0.009291848218062986
15180,"Brownsville-Harlingen, TX",TX,10944.0,912.0,52601.0,61181.73887758069,426120.0,85.975,93.757,57.72,96.24,51755.372670807454,42925.0,28527.55337518586,60198.16536296302,49927.30444896773,0.2626049659909691,0.25496396093048335,0.22577461951073566,0.21920526540998309,4.729109344920271,47468.88359500721,37198.02268101192,1.0342586750788645,0.82,0.2302839116719243,3.0071766561514193,324,150290.0,0.059152305542617606,0.033535165346995806,0.00878301949564176,0.005189966065606494,0.0021292168474283052,0.04205203273670903,0.004724199880231553,0.07645219242797259,0.003326901324106727,0.0550934859272074,0.1593585734247122,0.029476345731585602,0.10805775500698649,0.026748286645818086,0.016301816488122962,0.08017832191097211,0.13241067269944773,0.0,0.02288908110985428,0.031006720340674695,0.03007518796992481,0.07305875307738373,12.962478622479162,11.920328693708651,2,-2.777567840077871,0.3725531341120434
15260,"Brunswick-St. Simons, GA",GA,12960.0,1080.0,66623.0,75960.00364846992,115074.0,87.708,96.269,56.34,98.667,55672.3645320197,47650.0,27592.95024625315,63474.67110414068,54327.99744607106,0.2818152127862068,0.2719832109129066,0.24717448683052623,0.23855103462749214,4.295707139816336,48698.36791629008,39551.69425822046,1.3909756097560975,1.03,0.34146341463414637,4.238068292682927,207,40080.0,0.06661676646706587,0.06412175648702595,0.007734530938123752,0.004491017964071856,0.000998003992015968,0.01472055888223553,0.008483033932135729,0.05289421157684631,0.003493013972055888,0.05114770459081836,0.03617764471057884,0.03218562874251497,0.16117764471057885,0.054890219560878244,0.02370259481037924,0.11027944111776447,0.11302395209580839,0.0014970059880239522,0.027694610778443114,0.043912175648702596,0.030189620758483034,0.09056886227544911,11.653339368685442,10.598657685547298,2,-2.692928380890394,-2.36137071064484
15380,"Buffalo-Cheektowaga, NY",NY,12684.0,1057.0,72237.0,75369.35019406537,1161343.0,95.844,99.693,80.989,97.754,68812.05863874346,60390.0,32253.78273700292,71795.89607982081,63008.63903843746,0.2184560153424531,0.2100347739692002,0.20937698334482072,0.20130572876304023,5.425107114375863,58561.89082127568,49774.63377989233,1.1166262975778547,0.975,0.28027681660899656,1.6976314878892733,588,522000.0,0.057777777777777775,0.064272030651341,0.024980842911877396,0.01503831417624521,0.008620689655172414,0.020057471264367816,0.00954022988505747,0.07099616858237548,0.011245210727969348,0.07406130268199233,0.053275862068965514,0.024578544061302682,0.08902298850574712,0.030766283524904216,0.019712643678160918,0.08613026819923372,0.1303831417624521,0.00040229885057471265,0.03442528735632184,0.038544061302681995,0.060440613026819925,0.07572796934865901,13.965088513089245,13.165424782571753,4,1.471733690721206,4.946222545834465
15500,"Burlington, NC",NC,12768.0,1064.0,65651.0,70444.01047255247,176893.0,93.196,96.621,77.88,98.186,56843.93574297189,47620.0,29404.174334921154,60993.965130447534,51096.61358856603,0.271091232246963,0.2681226375472491,0.25264618480487966,0.24987957328853425,4.452062636510956,47293.8063253486,37396.4547834671,1.7560887096774194,0.985,0.2661290322580645,3.640064516129032,251,61390.0,0.051148395504153774,0.038605636097084214,0.017918227724385078,0.00602704023456589,0.0024433946896888744,0.00993647173806809,0.0024433946896888744,0.03811695715914644,0.006515719172503665,0.08063202475973286,0.04561003420752566,0.014823261117445839,0.12054080469131781,0.028669164359016126,0.015149047076071022,0.11353640658087637,0.11777162404300374,0.0,0.03192702394526796,0.043329532497149374,0.09382635608405278,0.12102948362925559,12.08330596210517,11.025018523586803,2,-2.7685494601458807,-1.4352158953629075
15540,"Burlington-South Burlington, VT",VT,18972.0,1581.0,93043.0,92168.32261835184,227846.0,100.949,97.274,103.842,101.586,67371.50753246753,60390.0,29818.161073849107,66738.16237156141,59822.28650110452,0.3245192313047483,0.3141579731743666,0.3275989188098304,0.31713933233979136,3.5511020204758346,47944.51409371814,41028.63822326125,1.3887071240105542,1.09,0.39050131926121373,2.4104274406332453,398,110770.0,0.08765911347837863,0.0728536607384671,0.03818723481086937,0.02338178207095784,0.011284643856639884,0.028708133971291867,0.008576329331046312,0.07393698654870452,0.018416538774036293,0.06680509163130811,0.03033312268664801,0.014444344136499051,0.08955493364629412,0.030603954139207367,0.016791550058680146,0.09704793716710301,0.10508260359303061,0.0009930486593843098,0.03845806626342873,0.03457614877674461,0.04414552676717523,0.0681592488941049,12.336429630048404,11.615220286185314,1,4.343232246076388,0.22401349174827787
15940,"Canton-Massillon, OH",OH,10896.0,908.0,67801.0,75834.95514842404,400372.0,89.406,93.628,58.143,98.939,56449.23273657289,49150.0,24259.97895499865,63138.081042181606,54973.93910923204,0.22437122305040677,0.22168870803662258,0.20060133568044666,0.1982030063072228,5.18072987670456,50950.979505372,42786.83757242243,1.1992875318066158,1.01,0.3256997455470738,2.4528727735368956,395,159100.0,0.06329352608422376,0.04349465744814582,0.012319296040226272,0.012947831552482716,0.003959773727215588,0.017976115650534256,0.0044626021370207415,0.05461973601508485,0.009365179132620994,0.07203016970458831,0.0529855436832181,0.017410433689503457,0.10678818353236957,0.0295411690760528,0.01772470144563168,0.09453174104336895,0.11238214959145192,0.00018856065367693276,0.03614079195474544,0.04286612193588938,0.08856065367693275,0.10641106222501572,12.900151891582093,11.977294499661248,4,-2.6117390839360564,1.5775844372437433
15980,"Cape Coral-Fort Myers, FL",FL,20544.0,1712.0,76107.0,74360.27709112938,817666.0,102.349,96.24,125.113,98.864,59175.86605504587,49590.0,27939.115724442072,57817.72763294792,48451.865675287496,0.4072654557829898,0.4142771393752447,0.41683212133933223,0.42400850937916923,2.880445193489382,37745.2305885215,28379.36863086107,1.2020512820512819,0.93,0.3006993006993007,2.241076923076923,442,288820.0,0.06526556332663942,0.05131223599473721,0.015823003947095078,0.007963437435080673,0.0030468804099439096,0.012464510767952358,0.008275050204279481,0.035177619278443324,0.011321930614223392,0.07056298040301918,0.03649331763728274,0.01751956235717748,0.11733951942386261,0.045841700713247,0.018350529741707637,0.11654317568035455,0.13156983588394155,0.0006232255383976179,0.0913371650162731,0.04684578630288761,0.022816979433557233,0.07350598988989682,13.614210442236518,12.573562398038664,3,3.087671446126054,-7.173743801234068
16020,"Cape Girardeau, MO-IL",MO,10368.0,864.0,66759.0,77556.40233276795,98169.0,86.078,94.222,56.422,93.088,54581.05263157895,48440.0,25744.1495004598,63408.829935150614,56274.54169474197,0.22389822940887097,0.21403798513625102,0.19272711791056799,0.18423961684558218,5.264376218323586,51363.940416342084,44229.65217593345,1.213142857142857,1.0950000000000002,0.32857142857142857,3.9727809523809525,213,37410.0,0.07350975674953221,0.040096230954290296,0.01309810211173483,0.004276931301790965,0.0,0.024057738572574178,0.004276931301790965,0.03421545041432772,0.006950013365410318,0.10638866613205025,0.07618283881315156,0.011226944667201283,0.11948676824378508,0.027532745255279337,0.01764234161988773,0.10879443998930767,0.12884255546645282,0.0,0.03475006682705159,0.04223469660518578,0.040096230954290296,0.0863405506549051,11.494455948686568,10.529720057805566,2,-4.575229214631329,1.0615161602150875
16180,"Carson City, NV",NV,14976.0,1248.0,72355.0,73733.82248038317,58384.0,98.13,96.271,101.176,98.744,60665.62874251497,51180.0,27327.124583569283,61821.69442832464,52155.304188321614,0.2956820296487232,0.2926143024618992,0.29015277569429204,0.28714241500586163,4.050856620093147,46560.306473570745,36893.91623356772,1.9029761904761904,1.02,0.3392857142857143,4.7706607142857145,170,24790.0,0.09640984267849939,0.0899556272690601,0.029043969342476807,0.01653892698668818,0.011698265429608713,0.010488100040338847,0.010488100040338847,0.006857603872529245,0.00645421540943929,0.0609116579265833,0.03791851553045583,0.021379588543767647,0.10205728116175877,0.03065752319483663,0.014521984671238403,0.08471157724889068,0.15732150060508268,0.0,0.03872529245663574,0.03630496167809601,0.048406615570794675,0.0891488503428802,10.974814286509815,10.118235963061956,3,-0.07461270373058106,-1.9754893078193752
16220,"Casper, WY",WY,12192.0,1016.0,72156.0,76901.59758709994,79977.0,93.829,95.368,74.189,100.428,59150.9,50060.0,26521.61203082436,63041.17064020719,53352.37506527833,0.24683207557369424,0.24354964756359176,0.23160006819004156,0.2285201988124425,4.851615813648293,50047.32012490808,40358.52454997922,2.1037128712871285,1.19,0.4405940594059406,4.207955445544554,202,33770.0,0.05715131773763696,0.04352976014213799,0.010956470239857862,0.010068107787977496,0.00829138288421676,0.01599052413384661,0.00621853716316257,0.03050044418122594,0.004441812259401836,0.05863192182410423,0.03790346461356233,0.012733195143618597,0.10986082321587208,0.03701510216168197,0.023097423748889546,0.10956470239857861,0.1211134142730234,0.0,0.07876813740005922,0.06662718389102754,0.055966834468463136,0.10156944033165531,11.289506875836585,10.427357725022913,2,-3.5165794457167014,-1.467487288597988
16300,"Cedar Rapids, IA",IA,11136.0,928.0,78080.0,87766.82441014805,276624.0,88.963,93.73,71.447,92.927,60485.80976863753,57310.0,25316.72722726619,67989.84945273602,64420.039791823576,0.21432513824084137,0.1943116384575118,0.19067007273319972,0.1728654629209562,5.431556193304377,55472.285971288664,51902.47631037623,1.1626666666666667,1.02,0.3076923076923077,2.4572897435897434,396,133430.0,0.06767593494716331,0.06168028179569812,0.03260136401109196,0.015963426515776064,0.004496739863598891,0.017837068125608934,0.005471033500711984,0.06430338004946413,0.01423967623472982,0.05103799745184741,0.039871093457243496,0.017986959454395563,0.0847635464288391,0.0267556021884134,0.018211796447575507,0.08791126433335832,0.1100951809937795,0.0008993479727197782,0.05448549801393989,0.042494191711009516,0.08296485048339954,0.09825376601963576,12.530418077353351,11.801339769274822,4,-1.0391380638835221,4.784085531424704
16540,"Chambersburg, PA",PA,13116.0,1093.0,77003.0,81362.39724435241,157379.0,94.642,100.684,71.914,97.726,60803.34763948498,51440.0,30677.588907194087,64245.62840967539,54352.19035945986,0.26030826489152853,0.25497667185069983,0.24636094805864042,0.24131502177293931,4.635814855099495,50387.087804024624,40493.64975380909,1.2686752136752137,1.02,0.34615384615384615,3.926452991452991,234,53200.0,0.05808270676691729,0.0443609022556391,0.012781954887218045,0.012781954887218045,0.0009398496240601503,0.012781954887218045,0.0035714285714285713,0.04661654135338346,0.004511278195488722,0.04924812030075188,0.04398496240601504,0.011842105263157895,0.0900375939849624,0.030263157894736843,0.016729323308270677,0.09172932330827067,0.10845864661654135,0.0,0.03609022556390978,0.05451127819548872,0.0887218045112782,0.18195488721804512,11.966418542088974,10.881832472145556,2,-2.0828517129148287,0.2883798929004894
16580,"Champaign-Urbana, IL",IL,12516.0,1043.0,65528.0,70685.19157749396,238842.0,92.704,93.643,71.604,99.59,64344.14634146341,60260.0,27860.68933601991,69408.1661432769,65002.588885053505,0.22760665799329224,0.20770033287608172,0.21100047622610166,0.19254651658944277,5.1409512896663,55907.130589255496,51501.553331032104,1.5001807228915662,1.01,0.34036144578313254,2.730716867469879,332,94950.0,0.07593470247498683,0.047919957872564506,0.026013691416535017,0.0114797261716693,0.011901000526592943,0.02085308056872038,0.003896787783043707,0.0850974196945761,0.010847814639283833,0.08446550816219063,0.03865192206424434,0.01664033701948394,0.1080568720379147,0.03959978936282254,0.021800947867298578,0.07382833070036862,0.11606108478146393,0.001158504476040021,0.03296471827277515,0.033491311216429696,0.05350184307530279,0.08583464981569247,12.383561711292142,11.461116248043846,4,-0.6244469111124513,4.04829731010698
16620,"Charleston, WV",WV,10752.0,896.0,60117.0,67762.66104579731,205398.0,88.717,96.27,51.394,99.806,57076.796407185626,49365.0,29413.587219677866,64335.805321624524,55643.22508651104,0.22830744129223363,0.2178063189430905,0.20254751269123092,0.1932312319767416,5.308481808704021,52216.36936233825,43523.78912722477,1.5505074626865671,1.05,0.3880597014925373,2.7588805970149255,341,98620.0,0.06814033664571081,0.06408436422632326,0.025248428310687486,0.016021091056580814,0.008517542080713852,0.024538633137294666,0.015311295883187994,0.03944433177854391,0.006388156560535388,0.09805313323869398,0.06225917663759886,0.04573108902859461,0.07939566010951125,0.028594605556682213,0.009734333806530115,0.0799026566619347,0.13993104846887042,0.0,0.04360170350841614,0.04684648144392618,0.025349827621172175,0.07290610423849118,12.232709707915571,11.499039499657757,4,-2.0408721262170397,2.0195935752983036
16700,"Charleston-North Charleston, SC",SC,19260.0,1605.0,85254.0,84441.67112378916,834267.0,100.962,96.339,119.77,98.284,63967.96477495108,55870.0,31570.04549126157,63358.45642415075,55337.6517897823,0.363787039055273,0.34472883479505995,0.3672866703709847,0.3480451261857884,3.3212858138603885,44281.97220236433,36261.16756799588,1.124271653543307,0.99,0.2874015748031496,1.9172224409448817,519,378130.0,0.0586306296776241,0.0636553566233835,0.028852511041176317,0.02237325787427604,0.007008171792769682,0.010684156242562082,0.009864332372464497,0.047999365297648956,0.00954698119694285,0.07050485282839235,0.03297807632295771,0.022584825324623806,0.11334726152381457,0.03422103509375082,0.02533520217914474,0.1019226192050353,0.12318514796498559,0.000370243038108587,0.03638960145981541,0.045751461137703966,0.050591066564409065,0.08420384523841007,13.634309972646964,12.842995975409947,3,3.919809493269767,-2.5994820409099417
16740,"Charlotte-Concord-Gastonia, NC-SC",NC,17676.0,1473.0,83304.0,85573.40674692855,2768407.0,97.348,96.58,97.635,98.2,63602.86283048211,54870.0,29900.75082413921,65335.56193294378,56364.794346057446,0.32930309038430056,0.32214324767632585,0.3205699724273089,0.3136000087479497,3.5982610788912712,47178.02402769663,38207.25644081029,1.008356807511737,0.9,0.20500782472613457,1.551719874804382,665,1329450.0,0.06619278649065403,0.08299672797021325,0.044364210763849714,0.01551017337996916,0.004543232163676709,0.011734175786979578,0.007115724547745308,0.046500432509684456,0.013614652675918612,0.054684267930347134,0.03338974764000151,0.023867012674414233,0.08758509157922449,0.025845274361578095,0.01994809883786528,0.10288465154763247,0.1123321674376622,0.0006694497724622964,0.040874045657978864,0.0411598781450976,0.056354131407725,0.10783406671932003,14.833782983701486,14.100276633025127,1,4.315593894576165,-0.07993509666619243
16820,"Charlottesville, VA",VA,19176.0,1598.0,93598.0,94404.21197022573,224335.0,99.146,96.773,107.041,98.612,66765.4857142857,58570.0,34026.23469850397,67340.57421810836,59074.49619752688,0.3484298226855864,0.3274031455690363,0.34545423199985154,0.32460712270587677,3.481721199117945,47999.40059537018,39733.32257478869,1.281542857142857,1.03,0.32285714285714284,2.50578,354,98950.0,0.06720565942395149,0.08246589186457808,0.03860535624052552,0.014451743304699343,0.023951490651844366,0.018494188984335524,0.007175341081354219,0.06043456291056089,0.01859525012632643,0.0786255684689237,0.050732693279434055,0.01930267812026276,0.11157150075795856,0.03890853966649823,0.026376958059626074,0.08721576553815058,0.10985346134411318,0.003031834259727135,0.04143506821627085,0.031733198585144014,0.018089944416371906,0.0517433046993431,12.320900206960912,11.502380057093845,1,5.00652761767886,-0.5214260662552685
16860,"Chattanooga, TN-GA",TN,13956.0,1163.0,72161.0,78895.52173532757,575812.0,91.464,95.994,76.55,95.311,57439.732158590305,49260.0,26756.424839380332,62800.371904345215,53857.255313566,0.286937745330927,0.28331304456228446,0.2624447393894791,0.2591294430784479,4.115773298838515,47541.90955850423,38598.79296772501,1.2025550660792952,0.98,0.2907488986784141,2.1370440528634362,462,261220.0,0.06442845111400353,0.05562361228083608,0.020136283592374245,0.0169971671388102,0.002564887834009647,0.014279151672919379,0.005053211852078707,0.03946864711737233,0.009379067452721844,0.06898399816246842,0.0339943342776204,0.018949544445295154,0.09937983309088125,0.02894112242554169,0.01657606615113697,0.08291861266365516,0.13456090651558072,0.0005742286195543985,0.03606155730801623,0.047125028711430976,0.09888216828726744,0.10512211928642523,13.263538234189129,12.473122071314982,4,-0.4118643768557929,-0.1520715467166391
16940,"Cheyenne, WY",WY,13920.0,1160.0,80173.0,83088.57820936668,101060.0,96.491,95.368,89.828,100.428,62239.24528301887,57560.0,28443.598558441397,64502.64302683034,59653.231907639056,0.2690342234314558,0.24183565845950572,0.259593812531246,0.23334964520416168,4.47121014964216,50076.42711031999,45227.015991128705,1.4705529953917051,1.22,0.46543778801843316,4.045658986175115,218,41760.0,0.06441570881226054,0.07351532567049808,0.024664750957854406,0.013409961685823755,0.007423371647509579,0.013170498084291188,0.014846743295019157,0.05603448275862069,0.004310344827586207,0.05771072796934866,0.039990421455938695,0.012691570881226053,0.09770114942528736,0.036159003831417624,0.0210727969348659,0.09578544061302682,0.11829501915708812,0.0,0.06154214559386973,0.05100574712643678,0.020354406130268198,0.11590038314176246,11.523479573908759,10.639718168629964,2,-0.7401074941755362,-0.03386128711318669
16980,"Chicago-Naperville-Elgin, IL-IN",IL,17160.0,1430.0,90887.0,87732.99869684831,9371595.0,103.595,107.258,112.01,100.492,69881.54723404255,62970.0,31027.816858025442,67456.4865428279,60784.786910565184,0.28962815200218683,0.2725107193901858,0.3000402840666654,0.28230747975226295,4.072351237415067,50891.98053385063,44220.28090158792,0.927149059334298,0.87,0.19247467438494936,1.4295499276411,723,4419210.0,0.08324791082569057,0.06680605809635659,0.029521113502187044,0.011984042396717966,0.006856429090267265,0.015692850079539102,0.009623892053104514,0.060406724278773805,0.011959151069987623,0.06149741695913975,0.04368880410752148,0.02573989468705945,0.08614209327006411,0.0289146702691205,0.02209444674500646,0.08544966181738364,0.11409957888400868,0.0004638838163382143,0.03073399996832013,0.033051156202126626,0.06478533493542964,0.10724088694585684,16.05319397055307,15.301471731332319,1,6.002023708089291,2.22528573896101
17020,"Chico, CA",CA,16968.0,1414.0,67928.0,67124.51950156625,207929.0,101.197,105.168,91.946,100.267,66236.67785234899,55930.0,32256.297816997438,65453.20301229185,55268.43681136792,0.3055986042244876,0.3033792337283509,0.30925661951705474,0.30701068315607927,3.9036231643298556,48685.907539105894,38501.14133818196,1.3093666666666666,1.025,0.37666666666666665,3.0209266666666665,302,70900.0,0.06220028208744711,0.048095909732016925,0.011847672778561354,0.005359661495063469,0.00691114245416079,0.031029619181946404,0.0031029619181946405,0.06741889985895627,0.005218617771509168,0.07559943582510578,0.1153737658674189,0.012552891396332862,0.11001410437235543,0.031170662905500704,0.025811001410437236,0.09196050775740479,0.11734837799717912,0.008321579689703809,0.04062059238363893,0.03272214386459803,0.029055007052186176,0.06826516220028209,12.24495676358014,11.16903981679311,5,1.049867472625021,-1.120490638670571
17140,"Cincinnati, OH-KY-IN",OH,13260.0,1105.0,81120.0,85058.19440075495,2270706.0,95.37,93.751,87.608,99.04,64042.67619047619,57600.0,30148.37821473539,67151.80475042066,60396.351053790495,0.24356120073391233,0.23020839578135738,0.23228431713993222,0.21954974705668054,4.829764418587948,53248.06143491264,46492.60773828247,1.0240829346092504,0.94,0.215311004784689,1.5804896331738436,643,1082390.0,0.07102800284555474,0.0657803564334482,0.028492502702353126,0.02045473443028853,0.008157872855440276,0.014939162409113166,0.005561766091704469,0.05373294283945713,0.012028935965779433,0.07068616672363935,0.035865076358798584,0.02100906327663781,0.09814392224614049,0.026958859560786776,0.01832980718594961,0.08372213342695331,0.1205757628950748,0.0003603137501270337,0.033851014883729526,0.03871986991749739,0.07158233169190403,0.10001940150962223,14.63560179471043,13.894683040948271,4,2.111507753341052,3.5591845842993277
17300,"Clarksville, TN-KY",TN,14484.0,1207.0,68967.0,75832.07802346422,334564.0,90.947,96.247,73.801,95.52,56452.86666666667,49010.0,26989.554100627975,62072.269197078145,53888.52848362233,0.3053920742170733,0.29553153648240205,0.27774492973820164,0.26877706648465016,3.897601951578754,46146.51023856385,37962.76952510803,1.223927392739274,0.99,0.33663366336633666,3.0448118811881186,304,93110.0,0.05874771775319514,0.04478573729996778,0.015358178498550102,0.013210181505745893,0.0037589947374073677,0.018687573837396627,0.0027923960906454733,0.07099130061217915,0.007625389324454946,0.05874771775319514,0.03597894962947052,0.017613575340994524,0.12039523144667598,0.02566856406401031,0.019868972183438943,0.09633766512726882,0.13059821716249598,0.0003221995489206315,0.03383095263666631,0.051551927827301045,0.0818386854258404,0.09128987219417893,12.720586459553177,11.441547608809866,2,-1.4068204746231088,-1.3916501588991042
17410,"Cleveland, OH",OH,12600.0,1050.0,70678.0,75251.00348157533,2171526.0,93.923,93.628,79.434,98.939,63167.93536,57090.0,30410.638859935272,67255.02311467905,60783.833565793255,0.23579692944191716,0.2207041513399895,0.22146755003973184,0.20729196006305833,5.013328203174603,53839.77871234947,47368.58916346369,1.0657259380097879,0.93,0.25938009787928223,1.6060016313213703,636,1020690.0,0.07391078584095073,0.06858105791180476,0.028343571505550166,0.01611654860927412,0.005398308987057775,0.01685134565832917,0.008915537528534618,0.05227836071677003,0.012618914655772076,0.0807786889261186,0.043166877308487395,0.025845261538762994,0.08591247097551656,0.028010463509978545,0.01769391294124563,0.0822286884362539,0.11917428406274187,0.00041148634747082856,0.030538165358727918,0.037719581851492615,0.08158206703308546,0.08392362029607423,14.590941164681235,13.835990406874515,4,1.5105726373449921,3.9983692105759916
17420,"Cleveland, TN",TN,12072.0,1006.0,66135.0,75085.14986376022,128963.0,88.08,96.247,60.327,95.142,54027.35,46865.0,26750.299871094285,61338.95322434151,53207.311534968205,0.27203319219128225,0.25759119023394617,0.23960683568208144,0.22688632035805978,4.475426607024519,47633.23115349682,39501.58946412352,1.2581773399014777,1.04,0.3251231527093596,4.287197044334976,203,38900.0,0.05784061696658098,0.036760925449871466,0.010539845758354757,0.008226221079691516,0.002827763496143959,0.011825192802056555,0.002570694087403599,0.041902313624678666,0.004370179948586119,0.04524421593830334,0.03650385604113111,0.013367609254498715,0.12313624678663239,0.02313624678663239,0.018766066838046273,0.09537275064267352,0.13367609254498714,0.0,0.03547557840616967,0.041902313624678666,0.1012853470437018,0.15526992287917737,11.767288574629154,10.568775236216993,2,-3.88669820266663,-0.8766542441746141
17660,"Coeur d'Alene, ID",ID,17904.0,1492.0,81861.0,83282.63457214653,181996.0,98.293,96.179,105.597,98.974,59712.0,51970.0,26031.175045746495,60748.985176970884,52872.53415807839,0.3479514361497808,0.3445064460265538,0.34201190513470403,0.3386257209928805,3.335120643431636,42534.056341753734,34657.605322861236,1.3165040650406505,1.085,0.4024390243902439,3.674378048780488,247,64780.0,0.07502315529484409,0.04260574251312133,0.012966965112689102,0.009725223834516827,0.0032417412781722754,0.014510651435628281,0.008490274776165483,0.033189255943192345,0.006637851188638469,0.060666872491509725,0.05418338993516517,0.015128125964803951,0.12287743130595863,0.03812905217659771,0.024235875270145108,0.10126582278481013,0.140938561284347,0.001080580426057425,0.07162704538437789,0.04167953071935783,0.04800864464340846,0.07378820623649275,12.111745482406594,11.078767629469402,3,0.5562943825824405,-4.719099016062037
17780,"College Station-Bryan, TX",TX,14136.0,1178.0,60087.0,66065.24392255172,278335.0,90.951,93.757,75.088,96.24,60129.03846153846,50365.0,31020.681555969462,66111.4649223631,55375.97167705688,0.2898410565760211,0.28067209955656813,0.2636133393664569,0.25527408126769424,4.253610530669104,50569.02998486929,39833.53673956306,1.965576923076923,0.935,0.28846153846153844,2.4452554945054943,366,117860.0,0.08111318513490583,0.044459528253860514,0.022229764126930257,0.010351264211776684,0.015357203461734262,0.015442049889699643,0.006193789241472934,0.14916002036314271,0.009333107076192093,0.05769557101646021,0.030459867639572372,0.016799592737145767,0.1282877990836586,0.027320549804853215,0.0318174104870185,0.08034956728321738,0.103767181401663,0.0008484642796538266,0.03487188189377227,0.03902935686407602,0.027575089088749363,0.06753775666044459,12.53658429595731,11.677261242998707,4,0.38539039557649496,0.6627433471280999
17820,"Colorado Springs, CO",CO,20388.0,1699.0,90144.0,89511.15612618787,767824.0,100.707,96.052,116.207,99.822,67435.3659574468,58655.0,31298.296051256504,66961.94500625262,58243.22043154895,0.3564059462598079,0.34759187338434894,0.35892573629986474,0.3500493479291763,3.3076008415463414,46717.076228511236,37998.351653807586,1.2127837259100642,1.04,0.34475374732334046,2.0822633832976445,483,310030.0,0.04983388704318937,0.0883462890687998,0.05534948230816373,0.024546011676289392,0.0057736348095345615,0.023965422701028933,0.006257458955584943,0.05702673934780505,0.013934135406251009,0.05896203593200658,0.050059671644679546,0.02135277231235687,0.10521562429442312,0.028674644389252654,0.024933070993129698,0.10002257846014902,0.11308583040350934,0.000870883462890688,0.03889946134245073,0.035577202206238105,0.024578266619359416,0.07273489662290746,13.551317121581397,12.644427571461662,1,5.041937612398919,-1.0607166472608935
17860,"Columbia, MO",MO,12840.0,1070.0,72340.0,80882.84621749145,215014.0,89.438,94.193,69.248,93.026,59528.276923076926,53670.0,26524.836860546977,66558.14857563554,60008.05026946041,0.25362735798030933,0.23923979877026272,0.22683923643042908,0.2139712912241476,4.6361586388689195,52201.83470457402,45651.73639839889,1.2688437499999998,0.97,0.309375,2.88568125,326,97650.0,0.07762416794674859,0.06625704045058883,0.025601638504864313,0.0060419866871479775,0.0044034818228366615,0.021505376344086023,0.006246799795186892,0.07649769585253456,0.010752688172043012,0.09759344598054276,0.05970302099334358,0.01566820276497696,0.11264720942140297,0.030721966205837174,0.018433179723502304,0.0797747055811572,0.1279057859703021,0.000819252432155658,0.029185867895545316,0.03635432667690732,0.0289810547875064,0.06728110599078341,12.278463072118026,11.489155176907792,4,-0.9080893254091886,2.2616859324550367
17900,"Columbia, SC",SC,14316.0,1193.0,68359.0,72984.77504217291,849181.0,93.662,96.339,79.455,98.284,59648.59073359073,51370.0,28173.69871299593,63684.94238174577,54846.14891845145,0.28677960507808814,0.27868415188891027,0.26860351370823893,0.2610211503421912,4.166568226710725,48400.195098963,39561.40163566868,1.0697855750487328,0.93,0.23391812865497075,1.9066569200779728,523,377420.0,0.05683323618250225,0.060966562450320595,0.03015208521011075,0.014095702400508716,0.006729903025806793,0.01701022733294473,0.011340151555296487,0.0557734089343437,0.008664087753696148,0.07336654125377563,0.04403582216098776,0.031927295850776326,0.08955540246939749,0.027608499814530233,0.020454665889460016,0.09506650415982194,0.13952625722007314,0.0009803402045466588,0.02816490911981347,0.04249907265115786,0.05590588734036352,0.08934343701976578,13.652028812166431,12.841116554247696,4,1.0071295787498133,0.2788176955799657
17980,"Columbus, GA-AL",GA,12828.0,1069.0,59336.0,66448.66511377889,325615.0,89.296,96.332,61.185,98.578,55442.86567164179,47310.0,28695.937654503006,62088.856915922086,52981.096577674245,0.2837119690139352,0.271147748890298,0.2533434398506836,0.24212409384908054,4.322019463021655,47723.15184514624,38615.3915068984,1.1848973607038122,0.99,0.28152492668621704,2.7414046920821113,341,108640.0,0.06111929307805596,0.06875920471281297,0.029086892488954345,0.007639911634756995,0.002853460972017673,0.016292341678939618,0.00506259204712813,0.057253313696612664,0.005430780559646539,0.07354565537555229,0.040776877761413845,0.03009941089837997,0.1134941089837997,0.028994845360824743,0.019698085419734904,0.09922680412371133,0.12582842415316642,0.0016568483063328424,0.03221649484536082,0.044182621502209134,0.05127025036818851,0.08551178203240059,12.693474051952329,11.595804147462973,2,-1.5715765832799995,-0.6981604428569661
18020,"Columbus, IN",IN,13524.0,1127.0,79901.0,85912.28239949248,83536.0,93.003,94.318,75.468,99.141,61187.886597938144,53555.0,30817.647409941033,65791.304149262,57584.16395170048,0.271672187492159,0.252529511084687,0.25266328453333264,0.2348600211940915,4.524392679528109,51249.83774495247,43042.69754739094,2.081025641025641,0.87,0.2923076923076923,4.33354358974359,197,42980.0,0.05165193113075849,0.04769660307119591,0.017682643089809214,0.08026989297347603,0.0025593299208934387,0.013959981386691484,0.0025593299208934387,0.02419730107026524,0.003489995346672871,0.041879944160074456,0.037691949744067005,0.012563983248022336,0.08469055374592833,0.017449976733364354,0.008143322475570033,0.0905072126570498,0.10586319218241043,0.0,0.03210795718939041,0.04141461144718474,0.19334574220567705,0.09027454630060493,11.333044926465487,10.668513436561481,4,-1.0558182846191684,2.5192847537671548
18140,"Columbus, OH",OH,15288.0,1274.0,81945.0,85834.14511516828,2175788.0,95.469,93.628,87.945,98.939,65489.34285714285,59990.0,29400.524799310388,68597.49537246945,62837.15132660864,0.27429271692332724,0.2548424737456243,0.26186451391953125,0.24329556126021004,4.283708978096733,52583.92028526837,46823.57623940756,0.9551433389544688,0.91,0.178752107925801,1.6505430016863407,612,1062130.0,0.06928530405882519,0.07845555628783671,0.03251955975257266,0.016937662997938106,0.00806869215632738,0.016994153258075753,0.007739165638857767,0.06169677911366782,0.01324696600227844,0.07081054108254169,0.04529577358703737,0.02446969768295783,0.08691026522177135,0.026202065660512367,0.017559055859452232,0.08051745078286085,0.11346068748646587,0.0006967132083643246,0.03247248453579129,0.036671593872689784,0.05079415890710177,0.10919567284607345,14.59290191534461,13.875787825342494,4,3.3459279856315494,3.536299285647622
18580,"Corpus Christi, TX",TX,15300.0,1275.0,67453.0,72787.60345739228,448012.0,92.671,93.757,84.905,96.24,58124.55,49270.0,29145.67184447229,62721.401517195234,53166.57854129124,0.3196434298238254,0.31053399805802706,0.29621676285203724,0.2877749613403543,3.798990196078431,46211.38220155172,36656.559225647725,1.3294974874371859,0.945,0.3065326633165829,2.390178391959799,403,178610.0,0.07300823022227199,0.044622361569900904,0.013045182240636022,0.016796371983651533,0.007558367392643189,0.01293320642741168,0.008006270645540563,0.050445103857566766,0.0045350204355859135,0.06746542746766698,0.06141873355355243,0.02373887240356083,0.12037399921616931,0.02972957841106321,0.013661049213369912,0.08543754549017413,0.1267566205699569,0.0007838306925704048,0.06293040703208107,0.05721964055763955,0.037119982083869886,0.08241419853311685,13.012577528833255,12.092965535673518,3,-0.10450982022002693,-1.8626704346879612
18700,"Corvallis, OR",OR,16920.0,1410.0,77702.0,74701.25075708778,96303.0,104.017,105.261,114.437,100.298,67473.9257918552,59350.0,31462.97027269756,64868.171348774915,57057.980906967125,0.3008900696056901,0.2850884582982308,0.3129768237017507,0.29654046166807074,3.9878206732774943,48601.59953839776,40791.40909658998,1.9664,1.12,0.4444444444444444,3.581,226,31170.0,0.0846968238691049,0.07763875521334616,0.0381777350016041,0.017645171639396856,0.029194738530638434,0.03946102021174206,0.004491498235482836,0.059031119666345847,0.009945460378569138,0.06705165222970805,0.059351940968880336,0.012191209496310555,0.12447866538338145,0.034327879371190244,0.023419955085017645,0.0766762913057427,0.12159127366057106,0.004170676932948348,0.025344882900224575,0.025024061597690085,0.011870388193776067,0.05421880012832852,11.475265133787552,10.347243454377015,5,2.9390056198423222,-0.21277901859630272
18880,"Crestview-Fort Walton Beach-Destin, FL",FL,19596.0,1633.0,81993.0,84501.86023023569,299547.0,97.031,96.24,94.934,98.864,61710.79754601227,52705.0,28854.93416772081,63599.05344272683,54317.69228390926,0.3781119806794754,0.3718058970712497,0.36688583597310176,0.36076697998720436,3.1491527631155476,43403.4458533997,34122.08469458214,1.256676923076923,1.0,0.3630769230769231,2.914446153846154,329,118090.0,0.07121686849013464,0.07045473791176221,0.038191210093996106,0.029807773731899398,0.004318739944110425,0.009653653992717419,0.005758319925480566,0.04090100770598696,0.007621305783724278,0.051655516978575663,0.023541366754170547,0.026335845541536118,0.15835379795071555,0.03734439834024896,0.021509018545177408,0.11889237022609873,0.11575916673723431,0.0,0.04208654416123296,0.046913371157591664,0.01812177153018884,0.061563214497417224,12.610029950808093,11.67921079267701,3,2.4314480515488945,-4.485836434446539
19100,"Dallas-Fort Worth-Arlington, TX",TX,19368.0,1614.0,90275.0,87569.11436608787,7985590.0,103.09,102.838,117.874,99.673,66306.95184135977,57285.0,34342.06861539028,64319.4799120766,55567.95033465903,0.35664425864692695,0.3380990019719214,0.36766456623911703,0.3485462611328538,3.4235311772697115,45532.012650460536,36780.48307304297,0.9466761363636365,0.875,0.19602272727272727,1.4058238636363638,721,3962770.0,0.09027776025356,0.07169227585754409,0.0478604612430194,0.01603171518912276,0.005579430549842661,0.0088751050401613,0.006823509817627568,0.053523166875695534,0.011423827272337279,0.05331876439964974,0.032245121468064006,0.02032669067344307,0.08911695606860857,0.02450558573926824,0.015610292800238217,0.08893526497879009,0.12859691579375032,0.00047189213605634443,0.04031523404083507,0.042707500056778466,0.04949568105138577,0.10226684869422147,15.893149350668196,15.192454085996296,1,6.588728608114495,-0.7427128645818337
19140,"Dalton, GA",GA,11256.0,938.0,67846.0,75515.33769645164,144160.0,89.844,96.269,63.342,98.667,56583.991228070176,48535.0,28473.504483435216,62980.267160934716,54021.41489693247,0.24195999814535882,0.23191718275046472,0.2173865407337162,0.2083636736703275,5.027007038741131,50451.88463121653,41493.032367214284,6.023964757709251,0.84,0.2643171806167401,4.047920704845815,230,61070.0,0.04601277222859014,0.05027018175863763,0.01571966595709841,0.016210905518257736,0.0034386769281152777,0.008842312100867857,0.003111183887342394,0.045357786147044374,0.004912395611593253,0.04732274439168168,0.020468315048305225,0.013918454232847552,0.06369739643032586,0.015392172916325528,0.0072048468970034385,0.08007204846897004,0.11642377599476011,0.0,0.013918454232847552,0.05714753561486818,0.22678893073522188,0.14376944489929588,11.878686009555064,11.019792400735156,2,-4.053441524469468,2.141439412728886
19300,"Daphne-Fairhope-Foley, AL",AL,15324.0,1277.0,78775.0,83192.52296969057,246989.0,94.69,96.397,89.15,96.693,53431.240601503756,47155.0,25560.55162916434,56427.54314236325,49799.345231809064,0.34405650080153694,0.3249782396871588,0.3257871006089753,0.30772189515977066,3.4867685070153853,40244.20804890037,33616.01013834619,1.2729924242424242,1.09,0.4128787878787879,3.49632196969697,268,77610.0,0.05141090065713181,0.03543357814714598,0.007215565004509728,0.009663703131039814,0.0015461925009663702,0.007988661254992913,0.005798221878623889,0.048576214405360134,0.006184770003865481,0.05682257441051411,0.03594897564746811,0.02525447751578405,0.15887127947429455,0.04239144440149465,0.02692951939183095,0.14972297384357686,0.1073315294420822,0.0,0.04664347377915217,0.05579177940986986,0.0329854400206159,0.08748872567968045,12.417103128960582,11.259464448702682,3,-1.7442247672654978,-6.290946632276907
19340,"Davenport-Moline-Rock Island, IA-IL",IA,11292.0,941.0,72738.0,81655.60906610986,381503.0,89.079,94.2,68.346,93.53,60914.624824355975,53660.0,27505.01390937262,68382.6994289967,60238.66455618047,0.21823192377203676,0.21043607901602684,0.1943988153768926,0.18745435482668654,5.394493873924546,55706.31105463237,47562.276181816145,1.2060092807424594,0.97,0.26218097447795824,2.2146682134570765,433,171710.0,0.06877875487740959,0.0681381398870188,0.02335332828606371,0.026672878690815912,0.003261312678353037,0.015491235222176927,0.004309591753537942,0.0583542018519597,0.009958651214256596,0.05567526643759828,0.035000873565895985,0.020092015607710675,0.09609224855861627,0.02876943684118572,0.01939316289092074,0.08770601595713703,0.11047696697920913,0.0009900413487857434,0.046298992487333296,0.04379477025216936,0.07728146293168715,0.10011065168015841,12.851876614579599,12.05356811006353,4,-1.0351700473054064,4.026346458363998
19430,"Dayton-Kettering-Beavercreek, OH",OH,12468.0,1039.0,71739.0,77393.3587934494,816080.0,92.694,93.628,72.712,98.939,64390.803265306124,57005.0,29891.054431521956,69465.98837606114,61498.04733855481,0.2309123392681901,0.2187181426375265,0.21404188376125616,0.20273859513642883,5.1644853437043725,56015.2795923211,48047.33855481476,1.1833677685950412,0.96,0.2871900826446281,2.016909090909091,495,364340.0,0.06579019597079651,0.07114233957292639,0.03428116594389856,0.0323049898446506,0.008535982873140472,0.017785584893231596,0.004309161771971236,0.05884613273316133,0.01084152165559642,0.08420705934017676,0.041115441620464405,0.019569632760608222,0.09576220014272382,0.027886040511610033,0.01397046714607235,0.07885491573804689,0.10767415051874622,0.00041170335400999067,0.02654114288851073,0.03485755063951254,0.073585112806719,0.09172750727342592,13.612268893725712,12.80584552127008,4,0.7243513421708636,4.692400206227448
19460,"Decatur, AL",AL,10164.0,847.0,68116.0,78103.93065174518,157747.0,87.212,96.397,58.067,96.693,56476.77824267782,47790.0,28087.625869261814,64758.03586969434,54797.50493051415,0.2212756985888278,0.21268047708725674,0.1929789622532885,0.18548289767733836,5.556550397744768,53103.67637788128,43143.145438701096,1.7344444444444445,1.06,0.4156378600823045,3.7134650205761317,244,53340.0,0.048181477315335584,0.04030746156730409,0.009373828271466067,0.031683539557555304,0.006561679790026247,0.010498687664041995,0.0022497187851518562,0.03749531308586427,0.003374578177727784,0.046681664791901015,0.03580802399700037,0.022122234720659918,0.08680164979377578,0.03280839895013123,0.011623547056617924,0.09148856392950881,0.10311211098612673,0.0,0.04611923509561305,0.06580427446569179,0.15260592425946756,0.11529808773903262,11.968754102034659,10.884460545216813,2,-4.449284495046761,1.8418944690488863
19500,"Decatur, IL",IL,10164.0,847.0,62666.0,70871.5025672344,101849.0,88.422,93.643,56.186,99.59,60858.43243243243,54270.0,28103.988638993596,68827.25162565021,61376.12811291307,0.19838139507214525,0.18728579325594252,0.1754127971506923,0.1656018441127695,5.987645851282215,57332.37478504493,49881.251272307796,1.2366489361702129,0.98,0.26063829787234044,4.1880904255319145,191,35600.0,0.05926966292134832,0.058146067415730335,0.009269662921348315,0.019101123595505618,0.0,0.021629213483146066,0.004213483146067416,0.05702247191011236,0.0053370786516853935,0.04719101123595506,0.04241573033707865,0.012640449438202247,0.10112359550561797,0.035674157303370785,0.014044943820224719,0.09550561797752809,0.11376404494382023,0.0011235955056179776,0.05926966292134832,0.048033707865168536,0.075561797752809,0.1196629213483146,11.531256421654952,10.480129006333248,4,-3.783378842417726,3.8320437032949624
19660,"Deltona-Daytona Beach-Ormond Beach, FL",FL,18000.0,1500.0,71277.0,71731.05759457365,706150.0,99.367,96.24,108.375,98.864,55924.064837905236,47780.0,25294.604112058878,56280.31925881352,48084.37408797689,0.37412577856248325,0.37672666387609877,0.3717575623841827,0.37434198409376307,3.1068924909947353,38165.65342407966,29969.708253243025,1.1108396946564885,0.95,0.3053435114503817,2.4401730279898217,407,208960.0,0.06546707503828483,0.04843032159264931,0.014691807044410414,0.008853369065849924,0.0028235068912710565,0.014261102603369066,0.007178407350689127,0.04948315467075038,0.00789624808575804,0.08039816232771822,0.04244831546707504,0.02483728943338438,0.13792113323124042,0.0394812404287902,0.01957312404287902,0.11188744257274119,0.12313361408882083,0.0004307044410413476,0.0452239663093415,0.042831163859111794,0.03727986217457887,0.07546898928024502,13.467584374625925,12.249902910663653,3,1.257826467772564,-6.148636430702694
19740,"Denver-Aurora-Centennial, CO",CO,22488.0,1874.0,105762.0,99981.09319165832,3002721.0,105.782,100.957,146.919,99.448,72688.50344827586,62800.0,32560.81932671857,68715.38016701883,59367.37819288726,0.36132324131584176,0.35808918105423093,0.3822149511287237,0.3787938975027866,3.23232405942173,47456.564867629524,38108.56289349795,1.1079159935379643,0.91,0.2827140549273021,1.5848562197092084,663,1587790.0,0.057652460337954015,0.10905724308630234,0.05270848160021162,0.027629598372580756,0.01097752221641401,0.01718741143350191,0.011815164473891384,0.04799123309757588,0.015348377304303466,0.05088834165727206,0.033442709678232006,0.020941056436934356,0.09007488395820606,0.028505029002575906,0.02546936307698121,0.1045289364462555,0.10666397949350985,0.001190333734309953,0.04436984739795565,0.0351998690003086,0.02505998904137197,0.08329816915335152,14.915029768587647,14.277854300036907,1,8.659012162427247,-0.4655422505294469
19780,"Des Moines-West Des Moines, IA",IA,13800.0,1150.0,85890.0,93663.10072954494,731120.0,91.701,93.73,84.741,92.927,63976.55310621243,58650.0,28979.55268872936,69766.47267337589,63957.863054928515,0.2534210687134835,0.23529411764705882,0.2323896542209515,0.2157670588235294,4.635982109145828,54717.563719275066,48908.954100827694,1.1600596421471172,0.97,0.2922465208747515,1.9447176938369781,518,396290.0,0.07310303060889753,0.09465290570037094,0.04443715460899846,0.012667490978828636,0.008428171288702718,0.013954427313331146,0.007519745640818592,0.0565494965807868,0.01435817204572409,0.05329430467586868,0.03674077064775796,0.015392767922481012,0.0819854147215423,0.029170556915390243,0.01943021524641046,0.09563703348557874,0.12405056902773222,0.0011607661056297156,0.04799515506321129,0.03739685583789649,0.0412071967498549,0.09086779883418708,13.502334251709673,12.889904068852518,4,2.0526022947958453,3.8857233469454684
19820,"Detroit-Warren-Dearborn, MI",MI,14484.0,1207.0,76664.0,76436.22006420865,4376828.0,100.298,98.817,94.69,102.591,65639.87212121212,58880.0,29769.58892655346,65444.846478705585,58705.05892440527,0.25953048925138034,0.24599196135469034,0.26030389010934946,0.24672501739952732,4.531888436979572,51003.8805571518,44264.0930028515,1.0256661562021439,0.86,0.16845329249617153,1.5177871362940276,678,1892010.0,0.06795418628865597,0.0686518570197832,0.032753526672692004,0.03861501789102595,0.006035908901115745,0.01572401837199592,0.00838790492650673,0.04317101918065972,0.011331863996490504,0.06663284020697564,0.043403576091035456,0.019048525113503627,0.08212958705292256,0.02695546006627872,0.017425912125200185,0.08191288629552698,0.11521080755387128,0.0005866776602660663,0.03424400505282742,0.039006136331203325,0.09653754472756486,0.08428073847389812,15.29183504755517,14.453150842530547,4,3.6832043491357767,3.062113116663998
20020,"Dothan, AL",AL,10920.0,910.0,57791.0,68935.86057996254,152674.0,83.833,96.397,46.872,96.693,50196.13445378151,40725.0,28138.90280052314,59876.342793150085,48578.72198298999,0.26989506182881967,0.2681404522314016,0.22626112718295444,0.2247901853191509,4.596715609320651,46850.446069902675,35552.82525974258,1.454159663865546,1.085,0.4369747899159664,3.750273109243697,243,53720.0,0.04300074460163812,0.03332092330603127,0.00800446760982874,0.006142963514519732,0.0013030528667163069,0.011355174981384959,0.0052122114668652275,0.03090096798212956,0.004653760238272524,0.09903201787043932,0.05249441548771407,0.027177959791511542,0.10554728220402085,0.027550260610573342,0.021593447505584513,0.12900223380491438,0.10927029039463887,0.005956813104988831,0.03704393149664929,0.04877140729709605,0.06608339538346984,0.12658227848101267,11.936066758091336,10.891559265504869,2,-5.1128087964715245,-2.3148894837629177
20100,"Dover, DE",DE,16248.0,1354.0,74477.0,76381.18288943358,187604.0,97.507,96.372,95.899,98.774,61545.5859375,54030.0,30743.386900058733,63119.146253602295,55411.40636056897,0.3177849740883776,0.30073109272973864,0.30986259468435434,0.2932338665879863,3.7878868745384047,46455.727217020314,38747.98732398699,1.2605859375,1.07,0.36328125,3.34003125,263,58510.0,0.04734233464365066,0.0664843616475816,0.022389335156383524,0.014527431208340455,0.008716458725004273,0.022902068022560246,0.008203725858827551,0.07776448470346949,0.006665527260297385,0.05469150572551701,0.030593061015211077,0.014356520252948214,0.11297214151427107,0.03811314305246966,0.020338403691676638,0.10921210049564177,0.13826696291232268,0.0,0.03469492394462485,0.0374294992309007,0.02922577337207315,0.10511023756622799,12.142093967651117,10.97697004973177,3,0.42047536388685536,-1.870189198469223
20220,"Dubuque, IA",IA,11508.0,959.0,77630.0,88894.74166361304,99030.0,87.328,93.73,64.046,92.927,59525.24193548387,51385.0,27541.630953317963,68162.83658790293,58841.37962623671,0.22657559632048996,0.22395844529578196,0.19786393675475747,0.1955784311079005,5.1725097267538995,54984.93259376588,45663.47563209967,1.276,1.0350000000000001,0.34,3.513308,252,51760.0,0.06839258114374035,0.07244976816074189,0.022990726429675427,0.012751159196290572,0.000579598145285935,0.010432766615146832,0.002704791344667697,0.04578825347758887,0.014876352395672334,0.05757341576506955,0.044435857805255025,0.00927357032457496,0.0946676970633694,0.025695517774343122,0.019319938176197836,0.09447449768160741,0.13156877897990726,0.0007727975270479134,0.038253477588871716,0.038060278207109735,0.08848531684698609,0.10645285935085008,11.50318821141448,10.854392248926331,4,-2.2661260219249746,2.8525882901239568
20260,"Duluth, MN-WI",MN,11880.0,990.0,71769.0,80850.08111031001,280870.0,88.768,95.3,71.147,92.187,63417.89333333333,60570.0,25441.73815214863,71442.29151646238,68234.04830569575,0.21684599659232784,0.1961367013372957,0.1924898542550776,0.17410662704309063,5.338206509539843,58059.090362893534,54850.84715212689,1.2926385224274406,1.03,0.3562005277044855,2.5056490765171504,381,118340.0,0.054503971607233394,0.04664525942200439,0.01639344262295082,0.015717424370458002,0.007858712185229001,0.030251816799053574,0.0038871049518336997,0.06126415413216157,0.007605205340544195,0.08255872908568532,0.07208044617204665,0.021041068108838937,0.11027547743789082,0.03042082136217678,0.024083150245056615,0.08729085685313503,0.11897921243873584,0.0003380091262464086,0.04740577995605881,0.04774378908230522,0.039716072333953016,0.07393949636640189,12.54565076817572,11.681325566423139,4,-1.7148003097538458,4.878745762350618
20500,"Durham-Chapel Hill, NC",NC,17592.0,1466.0,83500.0,85577.8297052433,601724.0,97.572,96.621,98.934,98.186,67944.49913043478,58965.0,33377.52640727473,69635.24282625629,60432.29615053499,0.3129417851272658,0.2983464960304826,0.3053435585843758,0.2911026431068625,3.8622384680783752,51605.480189434245,42402.533513712944,1.3444618834080717,0.915,0.30269058295964124,2.0498385650224216,469,313170.0,0.08682185394514162,0.08611936009196283,0.07781716000894083,0.021777309448542326,0.03011144107034518,0.01583804323530351,0.006993006993006993,0.055975987482836796,0.014337260912603378,0.09288884631350385,0.037296037296037296,0.018073250949963277,0.07724239231088546,0.02730146565763004,0.014943960149439602,0.07395344381645752,0.11096209726346713,0.0004470415429319539,0.025449436408340517,0.030079509531564325,0.03732796883481815,0.05824312673627742,13.307555809289967,12.654504646219234,1,5.4783425266262595,2.7178038140841747
20580,"Eagle Pass, TX",TX,10308.0,859.0,49568.0,59146.828948153445,58082.0,83.805,93.757,53.681,96.24,41988.19277108434,35390.0,20156.388937177624,50102.25257572261,42228.98395083825,0.2875766265217298,0.29126871997739473,0.2410035918565356,0.24409775077705567,4.073359795409812,37802.27047441601,29929.001849531647,1.8637804878048778,1.145,0.45121951219512196,8.994390243902439,83,13640.0,0.050586510263929615,0.04252199413489736,0.002932551319648094,0.0,0.0,0.007331378299120235,0.008797653958944282,0.028592375366568914,0.0,0.04252199413489736,0.17668621700879766,0.06304985337243402,0.11950146627565983,0.04325513196480939,0.012463343108504398,0.13416422287390029,0.13416422287390029,0.0,0.017595307917888565,0.0373900293255132,0.0036656891495601175,0.0747800586510264,10.969628301057275,9.52083524249312,2,-7.862290689181181,-7.12321837015323
20740,"Eau Claire, WI",WI,12396.0,1033.0,74595.0,80386.00801758695,173915.0,92.796,93.787,72.85,99.411,61069.40983606558,57700.0,27422.141930775793,65810.39035741365,62179.404284667435,0.23801879735332193,0.21483535528596187,0.22087192319198864,0.1993586162911612,4.9265416131062905,52452.05594644766,48821.069873701446,1.1863106796116505,1.05,0.31715210355987056,3.018226537216828,309,79470.0,0.0464326160815402,0.054485969548257206,0.02453756134390336,0.011954196552158047,0.0023908393104316093,0.019000880835535423,0.0033975084937712344,0.04693595067321002,0.008305020762551907,0.072480181200453,0.06631433245249779,0.015225871398011829,0.09701774254435636,0.030325909148106203,0.015603372341764187,0.104693595067321,0.12256197307159934,0.0,0.03523342141688687,0.038127595318988294,0.08003020007550019,0.1049452623631559,12.066327703010517,11.283147454219847,4,-1.8195953704101933,2.505178154575976
20940,"El Centro, CA",CA,12672.0,1056.0,57681.0,60605.83772879148,180202.0,95.174,105.168,66.274,100.267,68901.3004484305,58310.0,34611.7096080923,72395.08736464843,61266.732510979884,0.2238017947963618,0.2173212141999657,0.21300112017948936,0.20683329240267537,5.437286967205689,59080.52666529776,47952.171811629225,1.5575113122171944,0.83,0.29411764705882354,4.0570452488687785,223,56570.0,0.0493194272582641,0.04719816156973661,0.0056567085027399685,0.001944493547816864,0.0044193035177656,0.02563196040304048,0.00265158211065936,0.07972423546049143,0.001944493547816864,0.028813858935831712,0.14035707972423547,0.06876436273643274,0.07618879264627895,0.03040480820222733,0.008131518472688705,0.10217429733074068,0.0972246773908432,0.06611278062577337,0.022450061870249248,0.031111896765069823,0.022096517588828,0.08767898179246951,12.101839272186497,10.943251765395033,5,-1.2701380268509117,3.662956434868995
21060,"Elizabethtown, KY",KY,11568.0,964.0,67534.0,74563.88287771054,127049.0,90.572,96.246,66.669,96.892,57123.767441860466,50660.0,24374.094687081673,63070.00777487575,55933.40105109746,0.23883372018100513,0.22834583497828662,0.21631647704233997,0.20681738965653376,4.9380850139920875,50297.84860868752,43161.24188490924,1.2750925925925927,1.025,0.3425925925925926,4.153814814814815,217,46050.0,0.06210640608034745,0.07166123778501629,0.031487513572204126,0.009554831704668839,0.0015200868621064061,0.016720955483170468,0.004343105320304018,0.060152008686210644,0.004777415852334419,0.04495114006514658,0.035830618892508145,0.01498371335504886,0.10770901194353963,0.026710097719869708,0.008469055374592834,0.09641693811074918,0.14397394136807817,0.0,0.028447339847991315,0.04668838219326819,0.09858849077090119,0.08490770901194354,11.75233598874831,10.737504756974277,2,-3.245140915924138,0.9249381197406294
21140,"Elkhart-Goshen, IN",IN,12564.0,1047.0,68561.0,75904.78826460005,207132.0,90.325,94.318,64.327,99.141,57865.1935483871,49805.0,26084.28881104396,64063.31973250716,55139.77304179352,0.2516467820785831,0.25226495014970607,0.22729995591248017,0.227858316222722,4.605634634542112,50153.54945849664,41230.00276778301,2.321474358974359,0.76,0.28846153846153844,3.081397435897436,314,123550.0,0.04726831242411979,0.037717523269931205,0.011655200323755565,0.015540267098340752,0.0031566167543504654,0.008093889113719142,0.002347227842978551,0.03067583974099555,0.004694455685957102,0.03188992310805342,0.021367867260218536,0.010602994738972076,0.059571023876972884,0.01764467826790773,0.004775394577094294,0.07405908539053015,0.09947389720760826,0.0004856333468231485,0.04297855119384864,0.05010117361392149,0.3341966815054634,0.09170376365843788,12.241116378002287,11.724409305273115,4,-2.5876872030234623,2.412537654514935
21300,"Elmira, NY",NY,12708.0,1059.0,63716.0,67497.19273713426,82147.0,94.398,99.693,76.357,97.754,61917.63157894737,52485.0,32162.9960759741,65592.10108153496,55599.69490879044,0.2460515704401425,0.24212632400364298,0.2322677614640857,0.2285624073329589,4.8723348740122265,52129.951459720935,42137.54528697642,1.465684210526316,1.12,0.4105263157894737,4.4950789473684205,190,28790.0,0.04793331017714484,0.03681833970128517,0.012851684612712747,0.01076762764848906,0.0,0.02744008336227857,0.0045154567558179926,0.06842653699201111,0.004862799583188607,0.06286905175408128,0.03820771101076763,0.03438693990969086,0.11566516151441472,0.03334491142757902,0.010072941993747829,0.11114970475859673,0.12955887460923932,0.0,0.03924973949287947,0.04168113928447378,0.07467870788468219,0.09551927752691906,11.316277777459984,10.267818117285737,2,-3.258161771930292,0.07348487175254773
21340,"El Paso, TX",TX,12948.0,1079.0,59751.0,66454.97820090756,874182.0,89.912,93.757,71.248,96.24,54939.40552016985,46430.0,27667.621026442852,61103.52958467151,51639.38072782276,0.28833702992574883,0.27887141934094334,0.25924959034683925,0.250738870557829,4.243080438690906,46702.782187216224,37238.63333036747,1.1097033898305084,0.91,0.2627118644067797,2.0651864406779663,475,323960.0,0.06290900111124831,0.049234473391776765,0.019261637239165328,0.008889986418076305,0.004568465242622546,0.015557476231633534,0.00503148536856402,0.07395974811705149,0.006883565872329917,0.059791332263242375,0.06587232991727374,0.03302876898382516,0.1115569823434992,0.026731695271021115,0.014477095937770095,0.09408568959130757,0.13909124583281887,0.00027781207556488454,0.03216446474873441,0.04102358315841462,0.03768983825163601,0.09791332263242375,13.68104501487132,12.688378417159,4,-1.0789234247256339,-0.7366306998227651
21420,"Enid, OK",OK,11028.0,919.0,66182.0,78536.59115451708,62146.0,84.269,93.778,51.389,95.458,48792.94117647059,45240.0,21370.950207393318,57901.412353855616,53685.22232374894,0.26729098824487724,0.24376659015980934,0.2252434428840756,0.20541966786176974,4.424459664170348,44814.749405440416,40598.559375333745,1.6392753623188405,1.2149999999999999,0.4492753623188406,5.690572463768116,138,18360.0,0.04302832244008715,0.04411764705882353,0.008169934640522876,0.002178649237472767,0.0,0.017973856209150325,0.007080610021786492,0.06535947712418301,0.0027233115468409588,0.07407407407407407,0.04302832244008715,0.02178649237472767,0.11710239651416122,0.0392156862745098,0.011437908496732025,0.11546840958605664,0.12091503267973856,0.0,0.05119825708061002,0.06100217864923747,0.03213507625272331,0.12200435729847495,11.03725782546005,9.817984128922188,2,-6.419614025775832,-2.5837946589054503
21500,"Erie, PA",PA,10848.0,904.0,63354.0,69658.0538757559,269052.0,90.95,100.684,56.83,97.726,57390.466472303204,49500.0,28157.634819213352,63101.11761660605,54425.50852116547,0.22484026575282168,0.21915151515151515,0.20449222170219133,0.19931830303030304,5.290419106960104,51173.68496130094,42498.07586586036,1.2317441860465117,0.995,0.2936046511627907,2.7353604651162793,345,112540.0,0.05695752621290208,0.0418517860316332,0.01626088501866003,0.015016882886084947,0.001954860494046561,0.025146614537053493,0.003554291807357384,0.05615781055624667,0.006042296072507553,0.07410698418340146,0.08699129198507198,0.023102896747822996,0.09978674249155856,0.029767193886618092,0.02381375510929447,0.08432557312955394,0.11613648480540252,0.0,0.02701261773591612,0.03509863159765417,0.10005331437711036,0.07686156033410343,12.502663665199202,11.63107287867731,4,-2.353650402267271,1.906796787057327
21660,"Eugene-Springfield, OR",OR,16260.0,1355.0,71544.0,70439.50850661626,384207.0,101.568,105.261,98.35,100.298,65486.0891954023,58040.0,28554.166253365478,64475.11932439578,57143.982356647764,0.2889320409761229,0.28015161957270845,0.2934624953786285,0.2845443969676085,4.02743475986484,48466.14011834663,41135.00315059862,1.6837875288683604,1.01,0.3464203233256351,2.2103810623556583,443,150870.0,0.06462517399085305,0.055875919665937565,0.01988466892026248,0.008881818784383906,0.010472592298004905,0.03015841452906476,0.005965400676078743,0.05746669317955856,0.012726188108967985,0.061112215814940016,0.0521641148008219,0.014316961622588983,0.10658182541260688,0.03015841452906476,0.03333996155630675,0.09160204149267581,0.1228872539272221,0.004109498243520912,0.034930735069927756,0.03937164446211971,0.059256313382382186,0.08411214953271028,12.858939351588095,11.924180446035127,5,2.0737355190289875,-0.17675925788646127
21780,"Evansville, IN",IN,11832.0,986.0,68232.0,74547.67939865396,270494.0,91.528,94.318,66.735,99.141,58878.01652892562,52030.0,27171.288336535134,64327.87401552051,56845.992483174545,0.2355851644071024,0.22740726503940034,0.21562638927853267,0.20814132154526235,4.976167725568427,51400.68233647148,43918.80080412551,1.1956473829201102,1.06,0.3278236914600551,2.600487603305785,367,127290.0,0.04862911462015869,0.0452510016497761,0.01563359258386362,0.01453374184932045,0.004870767538691177,0.01720480791892529,0.0055778144394689295,0.046586534684578525,0.009113048943357687,0.08076046822216985,0.04470107628250452,0.01681200408515987,0.09969361300966298,0.032288475135517324,0.02034723858904863,0.09607981773902113,0.11744834629585985,0.000314243067012334,0.04980752612145495,0.04784350695262786,0.08154607588970068,0.10495718438211957,12.508008892809482,11.754231082910296,4,-2.1305982455671977,1.3874668277320494
21820,"Fairbanks-College, AK",AK,17508.0,1459.0,88267.0,85523.40903805905,95460.0,103.208,107.34,92.562,103.342,68904.4075829384,61740.0,28441.62049171934,66762.66140506393,59820.94411285946,0.29862945499571475,0.2835762876579203,0.30820948791197733,0.2926734149659864,3.935595589612656,49798.860149347325,42857.142857142855,2.186132075471698,1.24,0.49528301886792453,3.9522830188679245,213,30130.0,0.07500829737802854,0.05277132426153336,0.015267175572519083,0.019581812147361433,0.02987056090275473,0.015267175572519083,0.005310321938267508,0.032525721871888486,0.005642217059409226,0.06007301692665118,0.03418519747759708,0.020245602389644873,0.10487885828078328,0.03385330235645536,0.01692665117822768,0.08927978758712247,0.143046797212081,0.0,0.07500829737802854,0.06936608031861932,0.013939595087952207,0.0879522071025556,11.46647306609689,10.313309821085701,5,1.106604269931433,-1.4331693451171428
22020,"Fargo, ND-MN",ND,11604.0,967.0,76756.0,84466.99166950952,259459.0,90.871,95.654,81.142,91.334,63635.555555555555,58435.0,28687.89457477864,70028.45303293191,64305.443981028046,0.2124077502340074,0.1985796314643174,0.19301704671514486,0.18045129690793987,5.483932743498411,57258.702507461734,51535.69345555788,1.2863703703703704,1.05,0.3530864197530864,2.377125925925926,408,142010.0,0.06189704950355609,0.05943243433561017,0.026265755932680795,0.014013097669178227,0.006689669741567495,0.01774522920921062,0.00471797760721076,0.049926061544961625,0.0152806140412647,0.08267023449052883,0.04499683120906978,0.011407647348778254,0.08921906907964228,0.03344834870783748,0.02865995352439969,0.0863319484543342,0.1182311104851771,0.0002816703049081051,0.057742412506161536,0.041828040278853604,0.055841137948031826,0.09337370607703682,12.466357827125004,11.863659798371888,4,-0.694761048022348,4.528627755717866
22140,"Farmington, NM",NM,11472.0,956.0,55872.0,63703.01116216494,120942.0,87.707,96.144,56.552,98.54,56574.8275862069,49300.0,25994.873891947333,64504.34695771934,56209.88062526367,0.24074411044968866,0.23269776876267748,0.2111494369521084,0.20409223204868152,4.931557495310922,51424.433153804035,43129.96682134836,2.1858620689655175,1.11,0.39408866995073893,4.34679802955665,205,40540.0,0.048593981253083375,0.030587074494326592,0.006906758756783424,0.006660088801184016,0.002220029600394672,0.012826837691169216,0.004193389245189936,0.06660088801184016,0.00246669955599408,0.04958066107548101,0.07326097681302417,0.02096694622594968,0.10927479033053775,0.031080414405525406,0.014553527380365071,0.09496793290577207,0.13517513566847558,0.0007400098667982239,0.11026147015293537,0.061174148988653185,0.03256043413912185,0.08534780463739516,11.70307463920832,10.610069086697326,2,-4.948565534694835,-0.4609361374683176
22180,"Fayetteville, NC",NC,14544.0,1212.0,61763.0,67149.75320185263,392380.0,91.978,96.621,73.081,98.186,59206.96428571428,50655.0,28648.71364899314,64370.78897748841,55072.95222770663,0.29508008359611204,0.2871188143831293,0.2714087592900319,0.2640861430933147,4.07088588323118,48558.31208083921,39260.47533105743,1.2358682634730538,0.98,0.3083832335329341,2.7993413173652697,342,124070.0,0.05319577657773837,0.06504392681550737,0.023857499798500846,0.007818167163697912,0.0077375675022164905,0.016119932296284355,0.0059643749496252115,0.07689207705327637,0.006447972918513742,0.08374304827919722,0.04924639316514871,0.02490529539775933,0.11598291287176594,0.0281292818570162,0.017570726202949947,0.09929878294511163,0.11848150237769002,0.0,0.03586684935923269,0.04465221246070766,0.028209881518497622,0.09083581848956235,12.879988585521447,11.728609261370584,4,-0.6288024816577716,-0.5665725987948393
22220,"Fayetteville-Springdale-Rogers, AR",AR,13884.0,1157.0,81650.0,89378.56446969448,577726.0,91.353,93.577,76.886,95.295,57776.280193236715,47870.0,30497.504525049935,63245.08247483576,52401.12530513502,0.28781528593000755,0.2900356267586457,0.26292789815563977,0.2649562461128256,4.161356971567035,48046.89522318557,37202.93805348483,1.0848655256723716,0.95,0.24449877750611246,2.297234718826406,422,250790.0,0.07767454842697077,0.07799354041229714,0.02575860281510427,0.010726105506599146,0.003947525818413813,0.00753618565333546,0.004186769807408589,0.04752980581362893,0.012640057418557359,0.054746999481638026,0.03269667849595279,0.017943299174608237,0.10279516727142231,0.029068144662865347,0.01782367718011085,0.09127158180150724,0.11998086048088041,0.0019936999082898043,0.04126958810159895,0.04218669005941226,0.07348777861956218,0.10674269308983612,13.266856717737973,12.43237520192955,4,0.7124609140861543,-0.159444271849756
22380,"Flagstaff, AZ",AZ,17676.0,1473.0,72966.0,72729.62870670321,144508.0,100.325,96.237,108.961,99.838,61608.617886178865,52900.0,26210.542677894304,61409.03851101806,52728.63194617494,0.32794761334216854,0.33414047165651606,0.32901344308553054,0.33522642818939974,3.485438893764362,43790.29941308633,35109.89284824321,1.6551405622489959,0.98,0.3493975903614458,3.5307710843373497,251,57830.0,0.08300190212692374,0.04167387169289296,0.01072107902472765,0.0029396507003285493,0.013314888466194016,0.016427459795953656,0.004150095106346187,0.07193498184333391,0.01089399965415874,0.05360539512363825,0.03285491959190731,0.028704824485561126,0.17188310565450457,0.0506657444233097,0.0332007608507695,0.09631679059311776,0.11637558360712433,0.0008646031471554556,0.03683209406882241,0.04426768113435933,0.020923396161162025,0.0584471727477088,11.881097068332096,10.9652802430657,3,0.976044501108331,-4.59986221619826
22420,"Flint, MI",MI,11868.0,989.0,62281.0,66944.34292839176,403305.0,93.034,93.711,74.039,99.561,60478.21538461538,51880.0,30829.95312627447,65006.57327924778,55764.55919341316,0.23458804632094313,0.22875867386276022,0.21824664301422625,0.21282334464148037,5.095906250810194,52249.94666962119,43007.93258378657,1.138810975609756,0.96,0.32621951219512196,2.876469512195122,331,126300.0,0.05740300870942201,0.04196357878068092,0.010134600158353128,0.01163895486935867,0.001583531274742676,0.020665083135391924,0.005146476642913698,0.06460807600950119,0.005779889152810768,0.08400633412509897,0.04908946951702296,0.029453681710213776,0.10847189231987332,0.03246239113222486,0.0166270783847981,0.09540775930324624,0.11979414093428345,0.0005542359461599367,0.038321456848772764,0.034996041171813146,0.08155186064924783,0.09034045922406968,12.907450858013378,11.746423225963612,4,-2.004489381915051,1.484494557999176
22500,"Florence, SC",SC,11208.0,934.0,54443.0,62741.14366054348,199675.0,86.774,96.339,52.425,98.284,54291.067615658365,47600.0,26436.529629588797,62566.05390515404,54855.140940834804,0.24883360441537591,0.23546218487394957,0.21592287189539827,0.204319956302521,4.843956782267877,49649.74256765663,41938.8296033374,1.3370967741935484,1.01,0.35125448028673834,3.3167275985663083,283,83170.0,0.048454971744619456,0.03558975592160635,0.012384273175423831,0.010340266923169411,0.0036070698569195623,0.021281712155825416,0.005290369123482025,0.044366959240110616,0.004088012504508838,0.09510640856077912,0.05350486954430684,0.023566189731874475,0.09474570157508717,0.036070698569195626,0.01526992906095948,0.10376337621738607,0.13177828543946135,0.0013225922808705061,0.026091138631718167,0.046410965492365036,0.06384513646747625,0.1231213177828544,12.204451331911274,11.32865400835664,2,-4.131376060349411,0.29576892068531707
22520,"Florence-Muscle Shoals, AL",AL,10236.0,853.0,61891.0,72970.04138321328,153852.0,84.817,96.397,47.677,96.693,51721.92660550459,44740.0,28438.549548430765,60980.613091131,52748.859308864965,0.2468446353120323,0.22878860182152158,0.20936621433260644,0.19405162840695994,5.0529432010067,48912.27773383236,40680.52395156631,1.399041095890411,1.14,0.4383561643835616,3.9965890410958904,220,48600.0,0.044444444444444446,0.03559670781893004,0.005349794238683128,0.011728395061728396,0.00102880658436214,0.008641975308641974,0.003703703703703704,0.046296296296296294,0.003909465020576132,0.07325102880658436,0.04547325102880658,0.014814814814814815,0.11995884773662552,0.03230452674897119,0.01831275720164609,0.12510288065843622,0.11275720164609053,0.001440329218106996,0.05617283950617284,0.05761316872427984,0.07592592592592592,0.10617283950617284,11.943752880072587,10.791399385808587,2,-5.490907471939776,-1.1170928243879916
22540,"Fond du Lac, WI",WI,11520.0,960.0,74275.0,81048.19789836647,104137.0,91.643,93.787,67.317,99.411,61158.0,55165.0,27635.36775137557,66735.04795783637,60195.54139432362,0.2248073208782546,0.2088353096916944,0.2060201730724589,0.19138294286075952,5.308854166666666,54164.52975131761,47625.02318780485,1.3917326732673267,1.03,0.3613861386138614,4.115762376237623,203,37140.0,0.048465266558966075,0.05358104469574582,0.014539579967689823,0.028809908454496498,0.0,0.015885837372105548,0.001884760366182014,0.043887991383952614,0.0059235325794291865,0.04577275175013463,0.05196553581044696,0.00996230479267636,0.10608508346795907,0.025309639203015617,0.014539579967689823,0.10554658050619278,0.11039310716208939,0.0,0.051696284329563816,0.04119547657512116,0.12035541195476575,0.10420032310177706,11.553472221616016,10.52247675969231,4,-3.068155731222386,2.5937335069154384
22660,"Fort Collins-Loveland, CO",CO,20592.0,1716.0,93765.0,92719.12823352583,367368.0,101.128,96.052,120.592,99.822,69364.57985948479,60770.0,30336.59055099396,68590.8747918329,60092.160430345706,0.34663914441524585,0.3388514069442159,0.3505492339642498,0.34267365081454665,3.3685207779470074,48228.56168369273,39729.847322205525,1.5636320754716981,1.1150000000000002,0.41745283018867924,2.236205188679245,442,166570.0,0.0501891096836165,0.07630425646875187,0.030437653839226753,0.028096295851593924,0.02149246563006544,0.025274659302395388,0.006063516839767065,0.05361109443477217,0.011826859578555561,0.06735906825959057,0.04040343399171519,0.018010446058714054,0.1070420844089572,0.03403974305096956,0.02767605211022393,0.1035000300174101,0.11208500930539712,0.0020411838866542594,0.039382842048388066,0.038722459026235216,0.03860238938584379,0.06783934682115628,12.814122071502105,12.023176923935152,1,4.549154344242139,-0.9070654327605097
22900,"Fort Smith, AR-OK",AR,10392.0,866.0,58468.0,68074.70193740685,229899.0,85.888,93.606,53.443,95.319,50581.457627118645,43520.0,22176.68959681626,58892.34541160423,50670.64083457526,0.23832657232574747,0.23878676470588237,0.204693926439138,0.20508917647058827,4.867345807074543,46792.86702114223,38571.16244411326,1.341114864864865,1.03,0.34797297297297297,3.1712702702702704,297,90600.0,0.06445916114790287,0.04083885209713024,0.011368653421633554,0.005298013245033113,0.0013245033112582781,0.009161147902869758,0.004525386313465784,0.046247240618101544,0.004746136865342163,0.06258278145695365,0.054194260485651215,0.016004415011037526,0.09205298013245033,0.026269315673289183,0.012030905077262692,0.0922737306843267,0.11920529801324503,0.0005518763796909492,0.03278145695364238,0.05121412803532009,0.13013245033112583,0.12273730684326711,12.345399710751273,11.41422052949775,2,-4.883169113954188,-0.23110463161582537
23060,"Fort Wayne, IN",IN,12036.0,1003.0,71213.0,76927.14859784815,455416.0,92.572,94.318,72.277,99.141,58713.669642857145,51700.0,26220.14641612463,63424.868905130206,55848.42068876117,0.23763223462009603,0.23281412757670278,0.2199809122325153,0.21552069418030534,4.878171289702322,50423.097311127705,42846.64909475867,1.2105309734513274,0.985,0.3185840707964602,2.149546460176991,457,217590.0,0.04788823015763592,0.04706098625855968,0.020451307504940484,0.017142331908635507,0.003171101613125603,0.016728709959097386,0.004687715428098717,0.043706052667861574,0.010386506732846178,0.07583069074865573,0.050324003860471526,0.018107449790891125,0.089939795027345,0.027712670619054185,0.01548784411048302,0.08617123948710878,0.11140217840893424,0.00041362194953812215,0.04366009467346845,0.04315455673514408,0.12109931522588355,0.10547359713222115,13.028968761734975,12.290372432814447,4,-1.368983104654986,1.8513022421045413
23420,"Fresno, CA",CA,16704.0,1392.0,74468.0,72894.92746529885,1177665.0,102.158,105.168,95.725,100.267,67926.99696969696,60130.0,31618.49595581791,66492.0975055277,58859.80539947924,0.2932519632166356,0.2777981041077665,0.29958034058285055,0.2837929871944121,4.066510833913852,50140.955157400276,42508.66305135183,1.2284971098265896,0.83,0.2350674373795761,1.869728323699422,533,456450.0,0.050827034724504325,0.04679592507394019,0.010362580786504545,0.00856610800744879,0.009179537736882463,0.025566874794610582,0.005739949611129368,0.07061014349874027,0.008040311096505642,0.0591740606857268,0.08758900208127944,0.02405520867564903,0.0815861540146785,0.026815642458100558,0.017964727790557564,0.07161792091138132,0.11311206046664476,0.06778398510242085,0.03763829554168036,0.03459305509913463,0.04664256764158177,0.09573885420089824,13.979045071581872,13.03123663481129,5,3.2461964586527254,1.4867244510103033
23460,"Gadsden, AL",AL,10164.0,847.0,54563.0,63702.380535416145,103105.0,85.653,96.397,53.696,96.693,46656.103896103894,39505.0,24945.11851369597,54471.06802575962,46122.143999626394,0.26914002861085906,0.2573070732770763,0.23052650870605917,0.22039122747401418,4.5903289941070335,42604.583489316065,34255.659463182834,1.4709271523178808,1.27,0.5033112582781457,5.388562913907284,155,26920.0,0.04420505200594354,0.02637444279346211,0.0029717682020802376,0.004086181277860327,0.0,0.015601783060921248,0.004086181277860327,0.044947994056463596,0.006315007429420505,0.09695393759286776,0.06537890044576523,0.021916790490341752,0.13224368499257058,0.02451708766716196,0.016716196136701337,0.12147102526002972,0.10661218424962852,0.0,0.030832095096582468,0.041976225854383355,0.08209509658246657,0.11069836552748885,11.54351286423802,10.200661930171254,2,-6.766953458604684,-3.7409632492858607
23540,"Gainesville, FL",FL,15540.0,1295.0,61468.0,63543.98188829045,349923.0,96.733,96.24,92.982,98.864,56821.89265536723,49210.0,24922.694245921644,58740.95981243963,50871.987842825096,0.31570267845523414,0.31579135151300397,0.30538867195010166,0.3054744480590741,3.65649244886533,42676.12154628434,34807.1495766698,1.2526478873239437,0.95,0.23380281690140844,2.553070422535211,359,137280.0,0.06592365967365968,0.05842074592074592,0.024766899766899768,0.00946969696969697,0.008231351981351982,0.023965617715617716,0.007721445221445221,0.04742132867132867,0.009761072261072262,0.11115967365967366,0.048513986013986016,0.023747086247086248,0.1048951048951049,0.03751456876456877,0.01486013986013986,0.08784965034965035,0.1502039627039627,0.000946969696969697,0.037296037296037296,0.03766025641025641,0.021197552447552448,0.06847319347319347,12.76547126702953,11.829785199077543,3,0.2929605595808209,-2.687056396781072
23580,"Gainesville, GA",GA,16092.0,1341.0,80901.0,83604.77853791621,212705.0,96.766,96.269,93.488,98.667,57493.433333333334,48335.0,26906.207348090094,59414.91157362434,49950.39580017774,0.329853588823586,0.33292944697042853,0.3191861237610313,0.32216250865540486,3.5727960062971245,42785.103583214484,33320.587809767894,1.70781045751634,0.875,0.2875816993464052,2.9560555555555554,307,92720.0,0.0520923209663503,0.05403364969801553,0.01412855910267472,0.011647972389991372,0.003343399482312338,0.009814495254529767,0.004961173425366695,0.04971958584987058,0.00819672131147541,0.04367989646246764,0.031600517687661776,0.01952113891285591,0.08196721311475409,0.028472821397756688,0.007226056945642796,0.08477135461604832,0.11410698878343399,0.005716134598792062,0.02825711820534944,0.04562122519413287,0.18011216566005178,0.12100949094046592,12.26766620953518,11.437350263115095,3,0.029449348196886486,-2.261526780472673
23900,"Gettysburg, PA",PA,13380.0,1115.0,84092.0,88166.15816898897,106115.0,95.379,100.684,73.865,97.726,57186.7816091954,48565.0,27073.176943486014,59957.413696091804,50917.91694188448,0.27853825994911163,0.27550705532428443,0.2656670069568632,0.2627758742977493,4.274049447622975,45929.16848488179,36889.67173067447,1.5213142857142858,1.15,0.4228571428571429,4.8235085714285715,177,27120.0,0.0637905604719764,0.03502949852507375,0.00995575221238938,0.003687315634218289,0.0,0.015855457227138645,0.0022123893805309734,0.06305309734513274,0.004793510324483776,0.041666666666666664,0.0357669616519174,0.017699115044247787,0.13126843657817108,0.04019174041297935,0.021386430678466076,0.09292035398230089,0.11393805309734513,0.004424778761061947,0.038348082595870206,0.049410029498525077,0.10471976401179942,0.10988200589970501,11.572288114363735,10.208063614530875,2,-2.7570264931682695,-2.73633327314527
24020,"Glens Falls, NY",NY,12924.0,1077.0,75836.0,79940.12607256552,126039.0,94.866,99.693,76.231,97.754,62081.918072289154,56070.0,27770.19807055356,65441.69467700668,59104.420972740496,0.24111018809398313,0.2304975922953451,0.22873159103723809,0.2186638459069021,4.803614830724943,51818.26794877949,45480.99424451331,1.5672373540856033,1.13,0.4357976653696498,3.5432451361867705,257,45790.0,0.05437868530246779,0.038217951517798644,0.009390696658659096,0.007643590303559729,0.0015287180607119458,0.022275606027516926,0.006770037126010046,0.07403363179733566,0.01070102642498362,0.06442454684428915,0.04149377593360996,0.03450535051321249,0.10220572177331295,0.04695348329329548,0.02118366455557982,0.10569993448351168,0.12710198733347894,0.0,0.041056999344835116,0.04957414282594453,0.06791875955448788,0.07294169032539856,11.744354595871211,10.731842844242117,2,-2.078371416545306,0.39929609137988276
24140,"Goldsboro, NC",NC,11580.0,965.0,59733.0,67523.9085709118,118652.0,88.462,96.621,57.684,98.186,53141.822916666664,46255.0,25471.069171167597,60073.05161161477,52287.98806267097,0.26023030310527223,0.2503513396993575,0.2302049307329859,0.22146580212484568,4.589103878814047,46982.68512657035,39197.621577626545,1.205979381443299,1.0750000000000002,0.27835051546391754,4.464257731958763,195,35440.0,0.045146726862302484,0.04599322799097066,0.008747178329571106,0.005925507900677201,0.0008465011286681715,0.015519187358916478,0.004514672686230248,0.06010158013544018,0.004514672686230248,0.0626410835214447,0.061512415349887134,0.020033860045146727,0.12020316027088036,0.0327313769751693,0.013544018058690745,0.12612866817155757,0.11117381489841986,0.0,0.035553047404063204,0.04373589164785553,0.06010158013544018,0.12133182844243792,11.683958545994326,10.475624621025222,2,-4.483308682512393,-1.502453344653644
24220,"Grand Forks, ND-MN",ND,11604.0,967.0,69836.0,80583.40929808568,103628.0,86.663,95.632,59.664,91.417,63325.97510373444,58460.0,28154.833524921534,73071.52429956778,67456.7000911577,0.21408348900295954,0.19849469722887444,0.18553117407463482,0.17202145945945946,5.457253973089835,59681.72703891446,54066.90283050437,1.2521399176954733,1.09,0.34156378600823045,3.6453004115226335,245,45320.0,0.0617828773168579,0.04324801412180053,0.013018534863195057,0.014342453662842012,0.0048543689320388345,0.018976169461606355,0.004192409532215357,0.07458075904677847,0.007722859664607238,0.06862312444836717,0.05119152691968226,0.01875551632833186,0.1114298323036187,0.033759929390997354,0.02294792586054722,0.09002647837599294,0.11363636363636363,0.001323918799646955,0.054501323918799645,0.047440423654015886,0.04854368932038835,0.09510150044130626,11.54857249241637,10.721525780211834,4,-2.8153188981014132,4.576188401411041
24260,"Grand Island, NE",NE,11148.0,929.0,69704.0,80436.66408945614,76794.0,86.657,94.101,61.748,92.98,58085.23809523809,51140.0,25380.361849847228,67028.90487235664,59014.27466909771,0.2245023188835738,0.2179898318341807,0.19454697447493854,0.18890344857254596,5.210372990243819,54164.39306142389,46149.762858164955,1.342684210526316,1.06,0.3526315789473684,4.228331578947369,191,31810.0,0.06633134234517447,0.04275385099025464,0.0069160641307764855,0.0034580320653882428,0.0,0.01351776171015404,0.0022005658597925182,0.056271612700408674,0.0044011317195850365,0.05972964476579692,0.039924552027664255,0.012574662055957246,0.10877082678403018,0.0292360892801006,0.01571832756994656,0.10782772712983339,0.11851618987739705,0.003772398616787174,0.050927381326626844,0.055328513046211884,0.0807922037095253,0.12103112228858849,11.248894812849729,10.367567420904209,2,-4.710399664189804,1.5805828840812235
24300,"Grand Junction, CO",CO,14184.0,1182.0,73658.0,77148.18383677573,158601.0,95.476,96.052,86.367,99.822,59851.03571428572,52355.0,26227.692388530737,62686.99538552695,54835.770245925676,0.27235353663590656,0.27091988308104503,0.26003226263849816,0.25866346757045855,4.219616167109822,47830.90589706912,39979.68075746784,1.4437455830388692,1.1,0.42402826855123676,3.1869434628975264,286,60300.0,0.040132669983416254,0.05638474295190713,0.012603648424543947,0.009950248756218905,0.003482587064676617,0.022885572139303482,0.007960199004975124,0.051907131011608626,0.005472636815920398,0.07877280265339967,0.04892205638474295,0.017578772802653398,0.12023217247097844,0.03399668325041459,0.02122719734660033,0.1208955223880597,0.1275290215588723,0.0009950248756218905,0.06965174129353234,0.04195688225538972,0.032006633499170815,0.07545605306799337,11.974153198443855,11.007103966325696,2,-1.6320870710005921,-1.840771755997355
24340,"Grand Rapids-Wyoming-Kentwood, MI",MI,14424.0,1202.0,82874.0,86737.27837900068,1162152.0,95.546,93.711,86.596,99.561,61860.727985739744,54090.0,29227.720656120844,64744.44559242641,56611.47510099847,0.2729372434726822,0.26666666666666666,0.26078061864840896,0.25478933333333337,4.288735994574303,49648.05223216016,41515.08174073221,1.1736944937833036,0.91,0.2539964476021314,1.7590355239786857,570,555950.0,0.0622897742602752,0.05633600143897832,0.021009083550679018,0.02523608238150913,0.00455076895404263,0.017591510027880206,0.0048025901609857,0.05018436909794046,0.012860868783163953,0.06844140660131307,0.036136343196330606,0.014443744941091824,0.08182390502743052,0.03374404173037144,0.0157388254339419,0.07615792787121144,0.11182660311179063,0.001456965554456336,0.037215576940372336,0.042611745660580985,0.13420271607158918,0.09133914920406512,13.965784877261605,13.228435439852685,4,1.7396354731562733,1.875684702832789
24420,"Grants Pass, OR",OR,14328.0,1194.0,60098.0,61475.04091653028,88179.0,97.76,105.261,79.911,100.298,59242.121212121216,49920.0,26633.88142921002,60599.55115806179,51063.82978723404,0.27956365768822994,0.28701923076923075,0.2733014317560136,0.28059,4.134709744006226,45943.250012398945,36407.528641571196,1.581011904761905,1.05,0.31547619047619047,4.9894702380952385,168,25980.0,0.05234795996920708,0.03579676674364896,0.006543494996150885,0.0,0.003079291762894534,0.02848344880677444,0.003464203233256351,0.04849884526558892,0.0026943802925327174,0.0434949961508853,0.20823710546574287,0.012317167051578136,0.1147036181678214,0.03002309468822171,0.03156274056966898,0.09045419553502694,0.1147036181678214,0.0023094688221709007,0.03002309468822171,0.02771362586605081,0.04041570438799076,0.0731331793687452,11.387135458911928,10.165120780630861,5,-2.0030574798889242,-2.2816119906963785
24500,"Great Falls, MT",MT,11268.0,939.0,67690.0,69895.19335019877,84606.0,96.845,96.006,97.115,98.715,56366.15,49305.0,25700.083993322256,58202.4368836801,50911.249935463886,0.23183230705586225,0.22853705676084052,0.2245179977682498,0.22132671262003603,5.002320731274406,46567.34988899788,39276.162940781665,1.331930693069307,1.17,0.46534653465346537,4.236207920792079,204,31430.0,0.04899777282850779,0.05663378937321031,0.013044861597200128,0.003181673560292714,0.001590836780146357,0.02768055997454661,0.006363347120585428,0.05440661788100541,0.004454342984409799,0.06967865097041044,0.053133948456888326,0.019408208717785556,0.12599427298759147,0.044225262488068726,0.0200445434298441,0.1056315622017181,0.13076678332803054,0.001590836780146357,0.05854279350938594,0.04517976455615654,0.025771555838370982,0.08367801463569838,11.345772284488143,10.355549946021075,2,-3.7819311785174743,-2.1344247437432795
24540,"Greeley, CO",CO,18468.0,1539.0,97097.0,96926.40951924612,350396.0,100.176,96.052,112.599,99.822,65851.04046242774,58365.0,28815.721173352347,65735.34625302242,58262.45807379013,0.32497510165126253,0.31642257154805825,0.32554705783016874,0.31697947527398285,3.565683369202282,47299.79282705214,39826.90464781984,1.5662241887905606,1.04,0.3687315634218289,2.6763097345132745,349,104700.0,0.048901623686723975,0.06571155682903534,0.020248328557784145,0.014135625596943648,0.0066857688634192934,0.01566380133715377,0.004202483285577842,0.057211079274116526,0.00792741165234002,0.030659025787965616,0.02913085004775549,0.024164278892072587,0.0944603629417383,0.035912129894937916,0.021680993314231137,0.0994269340974212,0.11203438395415473,0.00276981852913085,0.09980897803247374,0.0551098376313276,0.05148042024832856,0.10267430754536772,12.766822076363887,11.558863947911393,3,2.267106999642365,-1.7622587984570184
24580,"Green Bay, WI",WI,12120.0,1010.0,79267.0,85154.5882302387,331145.0,93.086,93.787,74.696,99.411,61283.71921182266,57305.0,24452.822992573863,65835.59204587441,61561.35186816492,0.22732122905949836,0.21149987073151344,0.21160423928232466,0.19687676966913661,5.056412476222992,52815.37418282305,48541.13400511355,1.2840533980582525,0.99,0.3058252427184466,2.3264611650485434,414,163940.0,0.04940832011711602,0.05776503598877638,0.023484201537147736,0.0165914358911797,0.004269854824935952,0.014639502256923264,0.003537879712089789,0.04727339270464804,0.010491643284128339,0.0677076979382701,0.0430645358057826,0.016652433817250213,0.08411614005123826,0.028059045992436256,0.018604367451506648,0.09210686836647554,0.12114188117604001,0.000609979260705136,0.04050262291082103,0.04074661461510309,0.11644504086861046,0.10278150542881542,12.710314644721947,12.007261885981025,4,-1.032969466578307,3.22902386970299
24660,"Greensboro-High Point, NC",NC,13116.0,1093.0,65565.0,70602.48748182846,786419.0,92.865,96.621,74.519,98.186,59910.90178926442,51500.0,28360.450664266526,64513.973821422944,55456.84595918807,0.2594799531728843,0.2546796116504854,0.240966058513999,0.23650822135922328,4.567772323060721,50390.245829176136,41333.11796694126,1.33602,0.965,0.278,1.9619980000000001,508,351850.0,0.05635924399602103,0.05579081995168396,0.018871678271990905,0.014267443512860594,0.004405286343612335,0.011141111269006678,0.004888446781298849,0.054597129458576095,0.010515844820235896,0.05351712377433565,0.04158021884325707,0.0237317038510729,0.09151627113826914,0.028279096205769506,0.015319027994884184,0.09629103311070059,0.11845957083984653,0.000625266448770783,0.038823362228222254,0.04510444791814694,0.09532471223532755,0.12059116100611056,13.575246279841647,12.770963069510877,4,-0.4761724539174649,1.151485296820318
24780,"Greenville, NC",NC,11916.0,993.0,58188.0,65822.04022533426,177193.0,88.402,96.621,57.326,98.186,59125.19298245614,51200.0,29007.31241673736,66882.18929713823,57917.24169136445,0.2446559569768659,0.232734375,0.21628075908668898,0.2057418421875,4.961832240890915,53402.85625037458,44437.9086446008,1.2771378091872791,1.02,0.33568904593639576,3.2266749116607776,287,74330.0,0.05462128346562626,0.05112336876093098,0.02071841786627203,0.011839095923584017,0.006323153504641464,0.01412619399973093,0.005650477599892372,0.060137225884568817,0.009282927485537468,0.12229247948338491,0.06350060540831427,0.01991120678057312,0.11287501681689761,0.030270415713709135,0.016009686533028387,0.09632718956006996,0.12592492936903,0.0,0.037804385846898964,0.033768330418404414,0.03834252657069824,0.06915108300820665,12.085000456534706,11.216283371146936,4,-2.4065103885128494,1.7072716010408475
24860,"Greenville-Anderson-Greer, SC",SC,13800.0,1150.0,71240.0,76388.59103581385,961939.0,93.26,96.339,76.836,98.284,60122.799999999996,50810.0,29487.778419182654,64467.9390950032,54482.09307312888,0.27513359975790086,0.2716001208061942,0.25658959513421836,0.25329427266385673,4.356724637681159,49670.598327257125,39684.7523053828,1.1475387596899225,0.94,0.2655038759689923,1.891329457364341,531,417430.0,0.05663224971851568,0.05263157894736842,0.02199171118510888,0.02323742903001701,0.00548594974007618,0.012265529549864648,0.006851448146994706,0.052080588362120595,0.008720024914356897,0.06511271350885178,0.041587811130009825,0.02120115947584026,0.09805236806171094,0.02831612485925784,0.019428407158086386,0.10131039934839374,0.12435617947919411,0.00040725391083534963,0.03320317178928203,0.04165967946721606,0.09874709532137124,0.0867211268955274,13.77670735764038,12.941874540153467,4,0.5084228707219687,0.63290190932726
25020,"Guayama, PR",PR,5640.0,470.0,21186.0,,66202.0,,,,,32313.69230769231,24550.0,16471.76614403708,,,0.20585713473858505,0.22973523421588596,,,5.729378068739771,,,1.9128125,1.31,0.53125,10.241890625,66,7930.0,0.01008827238335435,0.012610340479192938,0.005044136191677175,0.0,0.0,0.015132408575031526,0.0,0.12484237074401008,0.0,0.05170239596469105,0.018915510718789406,0.006305170239596469,0.15636822194199243,0.027742749054224466,0.0,0.17780580075662042,0.13745271122320302,0.0,0.013871374527112233,0.05170239596469105,0.09079445145018916,0.09962168978562422,11.100481058118849,8.97853441008332,2,-11.250755215950509,-3.3845435435283533
25060,"Gulfport-Biloxi, MS",MS,13164.0,1097.0,62418.0,69348.71008599427,421201.0,90.006,96.219,67.906,96.09,55514.3669250646,48590.0,28157.668173954866,61678.51801553741,53985.28986956425,0.29109976332567916,0.2709199423749743,0.26200725297891075,0.24384420333401935,4.21713513560199,47052.82639497877,39359.59824900563,1.5703299492385787,1.045,0.383248730964467,2.4125659898477156,398,150470.0,0.0468531933275736,0.04532464943178042,0.0156177311091912,0.019937529075563235,0.007975011630225294,0.011896059015086063,0.004917923838638931,0.051771117166212535,0.004519173257127667,0.06971489333421944,0.02970691832258922,0.03509005117299129,0.13976207881969827,0.034691300591480026,0.036419219778028845,0.09789326776101548,0.10998870206685718,0.00033229215125938727,0.053897786934272614,0.048846946235129925,0.058483418621652156,0.0763607363594072,12.950867807568766,11.921525653573866,2,-1.5542660276952465,-1.6756169964881833
25180,"Hagerstown-Martinsburg, MD-WV",MD,13908.0,1159.0,78802.0,83679.6890762549,302649.0,94.171,96.399,75.737,99.48,60241.517857142855,51830.0,26592.643968052886,63970.349531323714,55038.17523441398,0.2702539647279858,0.26833883987874246,0.25450086112399156,0.25269736890221056,4.331429239081309,49201.47163897894,40269.297342069214,1.1610119047619047,0.98,0.2708333333333333,2.791931547619048,342,99400.0,0.06529175050301811,0.049798792756539235,0.022535211267605635,0.0079476861167002,0.004024144869215292,0.0193158953722334,0.003822937625754527,0.0647887323943662,0.005734406438631791,0.0687122736418511,0.045875251509054325,0.030885311871227363,0.09517102615694165,0.024949698189134808,0.017303822937625755,0.09507042253521127,0.12132796780684105,0.0016096579476861167,0.030382293762575452,0.04004024144869215,0.048490945674044265,0.1369215291750503,12.620332301319833,11.506917452956234,4,-0.5994501297450285,0.3115962165676687
25220,"Hammond, LA",LA,12036.0,1003.0,56760.0,67203.40989817666,136738.0,84.46,93.691,48.16,95.705,51247.40540540541,45590.0,26503.222010298,60676.539670146114,53978.214539426954,0.2880153084231243,0.2640052643123492,0.24325772949417074,0.22297884623821013,4.257843586358043,46426.00687355601,39727.68174283685,1.6347849462365591,1.06,0.3870967741935484,4.586865591397849,187,40460.0,0.052150271873455264,0.03559070687098369,0.007167572911517549,0.0034602076124567475,0.0,0.018536826495304005,0.005190311418685121,0.06500247157686605,0.002471576866040534,0.083292140385566,0.07340583292140386,0.018042511122095897,0.13816114681166583,0.022985664854176965,0.019525457241720216,0.1208601087493821,0.1198714780029659,0.0,0.028175976272862086,0.04201680672268908,0.03460207612456748,0.10949085516559565,11.825829278292002,10.608093826184968,2,-4.891853278150119,-1.815240734360168
25260,"Hanford-Corcoran, CA",CA,15972.0,1331.0,70995.0,69868.71629335119,153298.0,101.612,105.168,93.497,100.267,66141.26984126984,55580.0,33050.797468027034,65091.98701065804,54698.26398456876,0.2896323690287874,0.2873695573947463,0.29430124281753145,0.29200195465994955,4.141076248514265,49373.371099151525,38979.64807306224,1.9238219895287958,0.92,0.3036649214659686,4.277712041884817,193,38610.0,0.04377104377104377,0.03392903392903393,0.005957005957005957,0.000777000777000777,0.00518000518000518,0.0214970214970215,0.003626003626003626,0.09013209013209013,0.0,0.04843304843304843,0.10308210308210308,0.022274022274022275,0.10541310541310542,0.027972027972027972,0.012173012173012173,0.0764050764050764,0.10437710437710437,0.09142709142709143,0.02046102046102046,0.03885003885003885,0.046620046620046623,0.09764309764309764,11.94014554168142,10.561292488948782,5,-0.15378146690183142,-0.6315898329018018
25420,"Harrisburg-Carlisle, PA",PA,14544.0,1212.0,80919.0,82026.35580334516,604155.0,98.65,100.684,96.28,97.726,62911.14345114345,58630.0,26953.160887265065,63772.066346825595,59432.33654333502,0.2705695567354116,0.24806413099096025,0.2669168677194836,0.2447152652225823,4.3255736696330755,49029.035429440904,44689.30562595033,1.0410212765957447,0.92,0.21914893617021278,2.0708531914893618,490,321970.0,0.06960275802093363,0.07497592943441936,0.029971736497189178,0.013479516725160729,0.008354815666055844,0.018448923812777587,0.009597167437960059,0.045625368823182286,0.009783520203745691,0.07339193092524149,0.061496412709258624,0.021492685653942915,0.07730533900673976,0.02587197564990527,0.020809392179395595,0.07342298971953909,0.1250427058421592,0.0008696462403329502,0.02587197564990527,0.03522067273348448,0.04102866726713669,0.1383358698015343,13.31158772171459,12.682216758358908,4,2.232942976766087,2.1244289648209276
25500,"Harrisonburg, VA",VA,14076.0,1173.0,75065.0,79105.72018716014,136992.0,94.892,96.773,82.272,98.612,58910.038910505835,53120.0,27587.80240967655,62081.14373235451,55979.429245879524,0.2815344368859989,0.26498493975903614,0.2671536578498621,0.25144950903614455,4.1851405875608005,47247.438045889896,41145.72355941492,1.6696629213483147,1.06,0.36329588014981273,3.380172284644195,267,58910.0,0.04328636903751485,0.049397385842811066,0.011712782210151079,0.003395009336275675,0.003734510269903242,0.014768290612799185,0.00407401120353081,0.07418095399762349,0.016126294347309455,0.04617212697334918,0.032422339161432695,0.01544729248005432,0.11882532676964862,0.04328636903751485,0.016975046681378374,0.09472076048209133,0.1054150398913597,0.004413512137158377,0.04668137837379053,0.046002376506535395,0.08504498387370565,0.12391784077406214,11.827685108614363,10.98378310941834,2,-1.3310204213671244,-0.9759294751545082
25540,"Hartford-West Hartford-East Hartford, CT",CT,16992.0,1416.0,95118.0,92575.86670040683,1153112.0,102.746,97.33,110.234,102.658,73214.71243432575,64410.0,34919.32102250876,71257.96861612689,62688.571817880984,0.27788520830891394,0.26380996739636703,0.2855159361290768,0.27105418910107126,4.308775449289415,54720.09852872691,46150.70173048099,1.1233333333333335,0.95,0.2864864864864865,1.7770234234234235,580,584420.0,0.09378529140002054,0.06611683378392252,0.03702816467608911,0.021491393176140447,0.0059888436398480545,0.02210738852195339,0.010181034187741692,0.07491187844358509,0.009958591423975907,0.06770815509393929,0.055319804250367886,0.021183395503233976,0.07619520208069538,0.029174224016974094,0.021132062557749565,0.07585298244413265,0.11777488792306902,0.00035933061839088325,0.02826734198008282,0.030936655145272236,0.05372848294035112,0.08079805619246433,13.957975799652816,13.27837689250464,1,5.327895831259189,3.5623903442508813
25620,"Hattiesburg, MS",MS,12168.0,1014.0,60285.0,68792.57813837254,155434.0,87.633,96.219,60.059,96.09,48624.33884297521,42770.0,23241.6359241863,55486.33373612134,48805.81516095535,0.3000192571494962,0.2844994756094861,0.26291587561781793,0.24931542546086094,3.9960830738802766,41601.15349580091,34920.634920634926,1.203155737704918,1.06,0.35655737704918034,3.6518032786885244,247,55620.0,0.04692556634304207,0.03541891405969076,0.010248112189859764,0.005753326141675656,0.000719165767709457,0.014742898238043868,0.0030564545127651924,0.05124056094929881,0.005573534699748292,0.10122258180510607,0.04836389787846099,0.02355267889248472,0.12585400934915497,0.0321826681049982,0.016361021215390147,0.1242358863718087,0.14275440489032723,0.0010787486515641855,0.03434016540812657,0.04818410643653362,0.040632865875584324,0.0875584322186264,11.953982916781516,10.926316106770527,2,-4.498747176750588,-4.00634322799535
25740,"Helena, MT",MT,12984.0,1082.0,78528.0,82077.86778155214,93906.0,95.675,96.006,90.141,98.715,61551.45374449339,57610.0,25415.32344032612,64333.89468982848,60214.26704990854,0.24560196985153687,0.22537753862176704,0.2349796846554579,0.2156299600763756,4.740561748651678,50762.95139220632,46643.323752286386,1.942061403508772,1.15,0.4166666666666667,3.7498684210526316,229,37360.0,0.06531049250535331,0.12018201284796574,0.04014989293361884,0.0208779443254818,0.020610278372591006,0.026231263383297645,0.017130620985010708,0.04362955032119915,0.009635974304068522,0.05380085653104925,0.03907922912205567,0.011241970021413276,0.09448608137044968,0.042558886509635976,0.019004282655246254,0.08538543897216275,0.1316916488222698,0.0,0.0452355460385439,0.03854389721627409,0.013383297644539615,0.06183083511777302,11.450060209808678,10.528382658579849,4,0.554114887396046,1.5966337628307885
25860,"Hickory-Lenoir-Morganton, NC",NC,10428.0,869.0,62787.0,70956.98754605248,368316.0,88.486,96.621,59.578,98.186,56235.77836411609,48020.0,29068.541963196087,63553.30601916246,54268.47184865402,0.22032229038384765,0.2171595168679717,0.19495438186905142,0.19215577009579346,5.392767392032614,51768.390891345625,42483.55672083719,2.385361930294906,0.92,0.2707774798927614,2.5828230563002683,383,149400.0,0.04571619812583668,0.03848728246318608,0.010843373493975903,0.011847389558232932,0.0029451137884872825,0.014792503346720214,0.002677376171352075,0.05073627844712182,0.005689424364123159,0.05943775100401606,0.046586345381526104,0.023761713520749666,0.08755020080321285,0.021619812583668005,0.013654618473895583,0.08922356091030789,0.10883534136546184,0.00040160642570281126,0.025502008032128515,0.0429718875502008,0.17884872824631862,0.1178714859437751,12.816699259391259,11.914389245098882,4,-3.3024894046449025,2.5225444095296283
25940,"Hilton Head Island-Bluffton-Port Royal, SC",SC,18876.0,1573.0,83304.0,84989.33858412316,227455.0,98.017,96.339,101.235,98.284,57212.57352941176,49300.0,26359.126709361622,58370.05165370473,50297.39739024863,0.3938453566326406,0.3828945029624753,0.3860354032106153,0.3753017049687294,3.030969142265934,39112.16781722738,31039.513553771285,1.242572463768116,1.0,0.322463768115942,3.4281195652173917,279,77460.0,0.05719080815904983,0.04247353472760134,0.012522592305706171,0.005034856700232378,0.0014200877872450298,0.009553317841466564,0.007358636715724245,0.042860831396849985,0.006067647818228763,0.05357603924606248,0.05280144590756519,0.026981667957655563,0.16602117221791893,0.05873999483604441,0.03808417247611671,0.12780790085205268,0.12677510973405628,0.0,0.04505551252259231,0.03963335915311128,0.01600826232894397,0.06403304931577589,12.334712092074268,11.257529862874387,3,1.0673727425781363,-7.6466837266900844
25980,"Hinesville, GA",GA,14556.0,1213.0,61709.0,65694.6972842345,85771.0,93.933,96.269,79.46,98.667,53897.94871794872,50870.0,21966.20270491032,57379.14121549265,54155.621560048115,0.3170362636946513,0.2861411440927855,0.29780167357629683,0.26878096088067627,3.7027994447615225,41882.98970324456,38659.47004780002,1.641344537815126,1.15,0.4369747899159664,6.465109243697478,120,15530.0,0.05859626529298133,0.06567933032839665,0.010946555054732776,0.0,0.0,0.010946555054732776,0.0077269800386349004,0.09916291049581455,0.0,0.0437862202189311,0.02446877012234385,0.03541532517707663,0.11976819059884096,0.02962009014810045,0.0128783000643915,0.10238248551191242,0.128783000643915,0.0,0.019961365099806824,0.04507405022537025,0.028976175144880875,0.15582743077913716,11.359447891889122,9.65059330557001,2,-3.8833176912265546,-3.764026366027407
26140,"Homosassa Springs, FL",FL,13284.0,1107.0,56546.0,60498.357709137985,162472.0,93.467,96.24,78.427,98.864,53235.78616352201,45610.0,26452.866428003264,56956.77208375364,48797.97147656392,0.2967745497428479,0.29125191843893883,0.2773862684081476,0.27222443060732293,4.007511755760464,42744.26927527578,34585.46866808606,1.4465625,1.245,0.48125,5.1997374999999995,161,29080.0,0.05811554332874828,0.039202200825309494,0.006189821182943604,0.0010316368638239339,0.0,0.006189821182943604,0.0034387895460797797,0.02235213204951857,0.002751031636863824,0.09387895460797799,0.06705639614855571,0.013067400275103164,0.15543328748280605,0.05364511691884457,0.017537826685006877,0.12826685006877578,0.13720770288858322,0.0,0.059147180192572216,0.04436038514442916,0.010660247592847318,0.08046767537826685,11.998267113100695,10.277840318951666,2,-4.71255457099603,-6.014433397652344
26300,"Hot Springs, AR",AR,11592.0,966.0,57181.0,66698.93852793654,100035.0,85.73,93.577,57.281,95.295,48896.48044692737,41600.0,26761.554732497476,57035.43735789965,48524.4371865158,0.28264598801444357,0.27865384615384614,0.2423124055247825,0.2388899423076923,4.218122881895046,43513.916303426304,35002.916132042454,1.2356424581005587,1.16,0.4245810055865922,4.809480446927375,180,32620.0,0.06621704475781728,0.03341508277130595,0.00674432863274065,0.001226241569589209,0.0,0.009809932556713672,0.0030656039239730227,0.039852851011649294,0.0018393623543838135,0.08645003065603923,0.06591048436541999,0.012262415695892091,0.1468424279583078,0.04261189454322502,0.025444512568976087,0.12783568362967504,0.13120784794604537,0.0,0.03678724708767627,0.04261189454322502,0.03740036787247088,0.0824647455548743,11.513285400185776,10.392711531744357,2,-5.465475184890365,-4.438417728094018
26380,"Houma-Bayou Cane-Thibodaux, LA",LA,12168.0,1014.0,64038.0,75247.64109373347,202438.0,85.103,93.691,51.311,95.705,53064.40740740741,48035.0,27679.15325858459,62353.157241704066,56443.3686239028,0.28472805768977544,0.25331529367833694,0.2423121189357296,0.21557891437907512,4.360980227433219,48055.18889746238,42145.40027966112,3.4455311355311355,1.05,0.4065934065934066,3.398029304029304,275,76820.0,0.06092163499088779,0.03827128351991669,0.006638896120801875,0.018354595157511065,0.0024733142410830514,0.014709711012757094,0.002343139807341838,0.039703202291070036,0.0024733142410830514,0.06248372819578235,0.04373860973704764,0.0226503514709711,0.08916948711273107,0.0206977349648529,0.00807081489195522,0.09073158031762561,0.12067170007810465,0.0,0.07797448581098672,0.060270762822181724,0.07250715959385577,0.14514449362145274,12.218193885580584,11.249233319258543,2,-4.214798969369294,-0.09757341398103986
26420,"Houston-Pasadena-The Woodlands, TX",TX,17160.0,1430.0,82168.0,83310.18260349389,7442788.0,98.629,100.639,104.51,95.595,64772.910751104566,55560.0,32860.31888619831,65673.29157864783,56332.31605308783,0.3248826294257687,0.30885529157667385,0.32042848857634143,0.30462088552915767,3.7746451486657673,48274.75767888204,38933.78215332204,1.0995671641791045,0.87,0.21343283582089553,1.463902985074627,696,3184170.0,0.07795438057641395,0.06003762361934193,0.02567388047748707,0.023886915585537204,0.010649557027420018,0.009057305357440086,0.008162252643546041,0.061416318852322585,0.008284733541236806,0.058822236249948964,0.03775866238297578,0.02273119839707051,0.09539691662191403,0.02745770483359871,0.016264835106165814,0.0852027372910366,0.11896977862362876,0.0006155450242920447,0.054482015721522406,0.04692274595891551,0.053762833014568946,0.09648982309361623,15.822756202156121,14.973702530534444,1,4.553126500501732,0.3462767641581547
26580,"Huntington-Ashland, WV-KY-OH",WV,10608.0,884.0,60078.0,67944.62916468752,370729.0,88.422,96.316,51.257,99.409,54234.705882352944,48870.0,25295.820990130716,61336.21257419301,55269.050688742616,0.23270316864726165,0.21706569355779864,0.2057607957812817,0.19193382755767674,5.1126231035400584,49339.19825648927,43272.03637103888,1.2166404199475067,0.98,0.3569553805774278,2.490443569553806,382,132980.0,0.05685065423371936,0.03790043615581291,0.010828696044517973,0.009851105429387878,0.004812753797563543,0.025793352383817116,0.005414348022258987,0.06970973078658445,0.004887953075650474,0.10949014889457061,0.06211460369980448,0.01879981952173259,0.09963904346518274,0.027372537223642652,0.015340652729733794,0.0894119416453602,0.12588359151752143,0.0,0.05128590765528651,0.04752594375093999,0.04812753797563543,0.07895924199127688,12.823229313838436,11.79796153985598,2,-3.254351030531911,1.2460947407630005
26620,"Huntsville, AL",AL,14196.0,1183.0,85989.0,92389.7627643115,516951.0,93.072,96.397,77.946,96.693,64041.75742574257,55195.0,34151.85322991692,68808.83340396959,59303.54993983153,0.27849854255465856,0.2571975665847952,0.2592041635264718,0.23937891917180062,4.511253692993982,53556.12582274215,44050.84235860409,1.406819338422392,0.89,0.272264631043257,2.425005089058524,405,247970.0,0.061660684760253257,0.08388111465096584,0.07920312941081582,0.07984836875428479,0.0066943581884905436,0.007379924990926321,0.004718312699116828,0.035205871678025566,0.008710731136831068,0.06234625156268903,0.032261967173448404,0.018913578255434126,0.08146146711295721,0.02246239464451345,0.015606726620155664,0.08178408678469169,0.08259063596402791,0.0002822922127676735,0.030285921684074686,0.0376255192160342,0.08581683268137275,0.08125982981812316,13.155705305853472,12.421067082825761,4,3.092035856479228,4.093690109740874
26820,"Idaho Falls, ID",ID,13524.0,1127.0,80291.0,85043.21484557047,165361.0,94.412,96.179,83.985,98.974,61268.651685393255,51330.0,30539.642074275165,64894.98335528667,54368.0888022709,0.2703297036209735,0.2634716540035067,0.2552236797826335,0.24874885797779075,4.53036466174159,50570.53307354283,40043.63852052705,1.315910780669145,1.04,0.35315985130111527,3.34664312267658,273,72960.0,0.07291666666666667,0.04797149122807018,0.02549342105263158,0.015213815789473685,0.00932017543859649,0.017132675438596492,0.004660087719298245,0.05139802631578947,0.008223684210526315,0.053865131578947366,0.059484649122807015,0.01644736842105263,0.09059758771929824,0.030016447368421052,0.023848684210526317,0.0903234649122807,0.13788377192982457,0.008360745614035088,0.06071820175438596,0.041529605263157895,0.041529605263157895,0.09306469298245613,12.015892289105924,11.197680330794636,4,-0.2098486937028427,0.07820896788642337
26900,"Indianapolis-Carmel-Greenwood, IN",IN,14292.0,1191.0,79852.0,83443.40411302458,2130055.0,95.696,94.318,88.917,99.141,64214.3922829582,58425.0,28960.40816208558,67102.48315808205,61052.70857716101,0.26071779381385785,0.24462132549523355,0.24949649996810938,0.2340928236459187,4.493030526375469,52167.689645291546,46117.91506437051,0.9972771474878445,0.94,0.23014586709886548,1.5989319286871961,638,1081930.0,0.05909809322229719,0.061334836819387575,0.02770049818380117,0.014270793859122125,0.008531050992208368,0.015879030990914384,0.007800874363406135,0.04532640743855887,0.01338349061399536,0.07064227815108186,0.043727413048903346,0.023430351316628618,0.08516262604789589,0.028975996598670894,0.018069560877321082,0.08880426644977031,0.11781723401698815,0.0004159233961531707,0.04215614688565804,0.03818176776686107,0.06198182876895918,0.1273095301914172,14.571658828419816,13.894257965560296,4,2.273067170761575,2.914287945328455
26980,"Iowa City, IA",IA,13164.0,1097.0,75088.0,82055.31696335878,179200.0,91.509,93.73,83.99,92.927,61705.3642384106,57070.0,26176.31131613812,67430.9239948099,62365.45039285753,0.24931097387042098,0.23066421003755222,0.22814197907908357,0.2110785119632637,4.687432713340216,53045.45371319825,47979.98011124589,1.3239735099337748,0.925,0.3543046357615894,2.967,307,82760.0,0.06706138231029483,0.05679072015466409,0.02767037216046399,0.00930401159980667,0.024891251812469792,0.02138714354760754,0.0038666022232962784,0.06198646689221846,0.01123731271145481,0.10995650072498792,0.04917834702754954,0.011358144030932818,0.11321894635089415,0.03347027549540841,0.020903818269695507,0.08131947800869986,0.11684388593523441,0.0,0.03407443209279845,0.029120347994200095,0.03250362493958434,0.08385693571773804,12.09626335986454,11.323712214918427,4,-0.18731916885576158,2.9678834378880574
27060,"Ithaca, NY",NY,16932.0,1411.0,74024.0,71647.45395239894,104537.0,103.317,99.693,128.377,97.754,68128.81355932204,62555.0,28739.347559762693,65941.53291261074,60546.66705382464,0.2903036975053755,0.2706739471205374,0.29993307115162876,0.27965220194652557,4.023671956019492,49553.136036975564,44158.27017818946,2.1294915254237288,1.085,0.4279661016949153,3.579194915254237,238,40530.0,0.05946212681963977,0.05600789538613373,0.030594621268196398,0.010115963483839132,0.009869232667160128,0.03182827535159141,0.006415001233654083,0.17123118677522822,0.013816925734024179,0.05206020231926968,0.044905008635578586,0.014063656550703183,0.09326424870466321,0.03923019985196151,0.023686158401184307,0.07229212928694793,0.14754502837404393,0.0,0.020231926967678265,0.03256846780162842,0.018504811250925242,0.05230693313594868,11.557305920650961,10.609822392399646,5,1.6571349356162826,0.684409886417567
27100,"Jackson, MI",MI,11820.0,985.0,66073.0,71991.41415792283,160060.0,91.779,93.711,67.092,99.561,60357.80701754386,50070.0,28141.980798717203,65764.28923560276,54554.96355375413,0.23273049433515275,0.2360695874438174,0.21359772039585984,0.21666230666006117,5.106413453260902,52885.526119857335,41676.200438008695,1.4851965065502184,1.01,0.34497816593886466,3.7753144104803495,231,48620.0,0.06149732620320856,0.04936240230357877,0.017688194158782394,0.023447141094199916,0.00267379679144385,0.020156314273961334,0.0034965034965034965,0.05121349238996298,0.007198683669271904,0.059234882764294526,0.052241875771287534,0.012957630604689428,0.0890580008227067,0.025709584533113946,0.020361990950226245,0.09584533113944879,0.12134923899629782,0.0016454134101192926,0.035993418346359524,0.04113533525298231,0.13060468942821885,0.07712875359934183,11.983310271558649,10.79181081532623,4,-2.5219555156074307,1.7075002345307368
27140,"Jackson, MS",MS,12864.0,1072.0,61644.0,69225.58620070074,611324.0,89.048,96.219,64.768,96.09,54449.729119638825,48330.0,25971.581326096442,61146.49303705735,54274.099362141766,0.2819898425244015,0.26617008069522036,0.25110631497112906,0.23701913345747982,4.232721480071426,46700.35163017566,39827.957955260084,1.1899552572706935,0.97,0.29082774049217003,2.1823131991051454,462,262110.0,0.053260081645110834,0.052649650909923316,0.01693945290145359,0.009614284079203388,0.0061806111937736065,0.01686314905955515,0.00923276486971119,0.05749494487047423,0.008050055320285377,0.08752050665751021,0.04753729350272786,0.03155163862500477,0.08935179886307276,0.028957308000457822,0.016214566403418413,0.09179352180382282,0.12437526229445653,0.0032810652016329023,0.03418412117050094,0.046583495478997365,0.06928388844378315,0.0990805387051238,13.323384011630768,12.476523357145068,4,-1.2678386763621392,-0.041321119311271096
27180,"Jackson, TN",TN,11964.0,997.0,61177.0,71533.64046678047,181719.0,85.522,96.247,56.567,95.142,55047.8125,48670.0,26739.846744305974,64366.84420383058,56909.333270971205,0.2560485348037776,0.2458211144933033,0.21897782793488668,0.21023113353696288,4.601121071547977,50377.461354972984,42919.9504221136,1.4038831615120275,1.09,0.3711340206185567,3.1652680412371135,293,77690.0,0.05418972840777449,0.03758527481014288,0.009525035397091002,0.008237868451538165,0.0029604839747715277,0.0214956879907324,0.0034753507529926633,0.04826876045823143,0.004633801003990218,0.07890333376238898,0.053288711545887504,0.02162440468528768,0.09280473677435963,0.025743338911056766,0.010940919037199124,0.08392328485004505,0.1338653623374952,0.0020594671128845413,0.0382288582829193,0.04968464409833955,0.10876560689921483,0.1097953404556571,12.110222319873339,11.260494699531083,2,-3.8249270932628163,1.0524621527215106
27260,"Jacksonville, FL",FL,18156.0,1513.0,79643.0,80056.08942141451,1683960.0,99.484,96.24,109.777,98.864,61490.67814113597,53400.0,28372.358989620225,61809.61575844957,53676.97318161715,0.3471988980962408,0.34,0.3454073517820643,0.3382456,3.386796548861862,43559.44487669975,35426.80229986732,1.0364818024263431,0.95,0.21837088388214904,1.7142235701906412,591,748090.0,0.06901576013581254,0.07627424507746394,0.030343942573754494,0.012191046531834405,0.004665214078519964,0.013300538705236,0.009317060781456776,0.04375142028365571,0.01093451322701814,0.06666310203317782,0.033832827600957106,0.024395460439251962,0.09758184175700785,0.028231897231616516,0.01844697830474943,0.09790265877100349,0.13819192877862288,0.00045449076982715986,0.04488764720822361,0.04371131815690626,0.03246935529147563,0.10343675226242832,14.336659314371339,13.525279907310921,3,3.5865474826167505,-2.2682740336646576
27340,"Jacksonville, NC",NC,15180.0,1265.0,68148.0,74005.53836129663,207906.0,92.085,96.621,72.118,98.186,52624.14414414414,46640.0,24962.251663015617,57147.35748943275,50648.857034261826,0.34252414219900523,0.325471713075432,0.3154133563439539,0.29971062698551154,3.466676162328336,40662.58798299847,34164.08752782755,1.3421076233183857,1.09,0.4260089686098655,4.025542600896861,224,47540.0,0.04480437526293647,0.054690786705931846,0.013672696676482961,0.006731173748422381,0.0033655868742111907,0.013462347496844763,0.007572570466975179,0.07677745056794279,0.005889777029869584,0.054901135885570045,0.03155237694572991,0.02503155237694573,0.16912074042911232,0.038914598233066894,0.019352124526714348,0.12368531762726126,0.13104753891459822,0.0,0.04122843920908709,0.04101809002944889,0.016617585191417754,0.08056373580143038,12.244846143312952,10.769347775610917,3,-2.06987722741998,-5.560455456102739
27500,"Janesville-Beloit, WI",WI,12444.0,1037.0,75673.0,80758.35352123197,164350.0,93.703,93.787,79.552,99.411,62287.70992366412,55900.0,29574.406185904518,66473.54932463648,59656.574496014,0.24034669263041522,0.22261739216257806,0.22521206139547797,0.20859917497810054,5.005441170336236,53193.29148870807,46376.31666008559,1.1830651340996168,1.01,0.32567049808429116,3.486896551724138,264,62980.0,0.050492219752302316,0.0554144172753255,0.01762464274372817,0.015242934264845983,0.001905366783105748,0.013178786916481423,0.0033343918704350586,0.06208320101619562,0.00476341695776437,0.0528739282311845,0.04493489996824389,0.011114639568116862,0.10352492854874563,0.027627818355033345,0.013178786916481423,0.09510955859002858,0.11781517942203874,0.0,0.04112416640203239,0.0387424579231502,0.09336297237218165,0.1365512861225786,12.009759663649456,11.050588372585487,4,-1.931073012101891,2.25301390730338
27620,"Jefferson City, MO",MO,9924.0,827.0,74030.0,84148.90593918727,150437.0,87.975,94.193,62.123,93.026,55342.491349480966,47910.0,26614.521425644158,62907.06604089909,54458.653026427965,0.20958104529687277,0.2071383844708829,0.1843789245999238,0.1822299937382592,5.576631534611141,51626.588632544444,43178.17561807332,1.519201388888889,0.99,0.3402777777777778,3.119548611111111,289,70060.0,0.08435626605766486,0.0879246360262632,0.03268626891236083,0.009705966314587497,0.00756494433342849,0.025121324578932343,0.009135027119611762,0.04695974878675421,0.008849557522123894,0.04510419640308307,0.03482729089351984,0.033542677704824435,0.07465029974307737,0.029974307736226093,0.015700827861832713,0.06979731658578361,0.16043391378818156,0.001855552383671139,0.04895803596916928,0.04082215244076506,0.05880673708250071,0.07322295175563802,11.92130631815929,11.157121570129487,4,-2.019506387906944,2.502014140846011
27740,"Johnson City, TN",TN,11268.0,939.0,57762.0,65692.38467837322,210729.0,87.928,96.247,63.176,95.142,53548.020833333336,47020.0,27835.392366458316,60899.850824917354,53475.57092166318,0.2525502348770355,0.23964271607106002,0.22206237052267974,0.21071304738696162,4.75222052124009,48084.82034543415,40660.54044217997,1.3920486111111112,1.02,0.3541666666666667,3.1320972222222223,290,73910.0,0.06047896089838994,0.04491949668515762,0.014071167636314436,0.008388580706264375,0.0032471925314571776,0.024218644297118116,0.003111892842646462,0.027330537139764577,0.004870788797185766,0.09836287376539034,0.05384927614666486,0.02259504803138953,0.1263699093492085,0.023271546475443106,0.016100662968475173,0.09430388310106887,0.1762954945203626,0.0,0.02976593153835746,0.03328372344743607,0.061426058720064944,0.07373833040184008,12.258332972191258,11.210616945656284,2,-3.705565021772168,-0.3192521875208551
27780,"Johnstown, PA",PA,8868.0,739.0,58418.0,67984.03332984207,131538.0,85.929,100.684,42.333,97.726,53780.0,48575.0,23093.737178916926,62586.554015524445,56529.227618149875,0.1936110100727031,0.18256314161629011,0.16636800484537304,0.15687468195946191,6.064501578709968,52266.40598633756,46209.07958896298,1.286322869955157,1.09,0.38565022421524664,3.9157578475336323,227,42420.0,0.06317774634606317,0.04172560113154172,0.012258368694012258,0.009900990099009901,0.002593116454502593,0.033946251768033946,0.003536067892503536,0.06176331918906176,0.005657708628005658,0.07873644507307874,0.0652993870815653,0.017208863743517207,0.10160301744460161,0.03182461103253183,0.017208863743517207,0.09735973597359736,0.13107024988213106,0.000942951438000943,0.032767562470532766,0.043611504007543614,0.041961338991041965,0.10584629891560585,11.787058664576179,10.655398801626767,2,-5.253837519861968,2.24352202845189
27860,"Jonesboro, AR",AR,11148.0,929.0,56738.0,66069.68186687781,135792.0,85.876,93.577,53.848,95.295,51764.85355648536,46280.0,23010.761619155266,60278.60351726368,53891.657739065624,0.25100764913006907,0.24088159031979256,0.21555532876693814,0.20685947450302508,4.643420663480926,47297.09529610759,40910.149517909544,1.4001659751037345,1.12,0.3983402489626556,3.757713692946058,242,54160.0,0.06757754800590841,0.03471196454948301,0.009416543574593796,0.004985228951255539,0.0005539143279172822,0.011447562776957163,0.001846381093057607,0.052806499261447565,0.004985228951255539,0.09896602658788774,0.05465288035450517,0.014771048744460856,0.10413589364844904,0.0361890694239291,0.019387001477104874,0.09508862629246677,0.12056868537666174,0.00258493353028065,0.0319423929098966,0.04966765140324963,0.07902511078286559,0.10468980797636632,11.818886946386419,10.899716371226633,2,-5.132133693978867,-0.7349812898405129
27900,"Joplin, MO-KS",MO,11136.0,928.0,61901.0,72214.70402949204,203626.0,85.718,94.179,53.976,93.091,56176.126760563384,48990.0,26680.27705125227,65535.97466175526,57152.52339065307,0.23239779092365825,0.22731178150574793,0.19920673842394135,0.19484711287109704,5.044551612837947,52544.537624026896,44161.08635292471,1.2405985915492956,0.975,0.31690140845070425,3.297355633802817,287,81250.0,0.06375384615384615,0.03581538461538462,0.0112,0.008984615384615384,0.0024615384615384616,0.015138461538461538,0.0035692307692307694,0.05858461538461539,0.006276923076923077,0.06793846153846154,0.055507692307692306,0.012430769230769231,0.09526153846153847,0.025353846153846154,0.011446153846153845,0.08873846153846154,0.11236923076923076,0.0007384615384615384,0.03396923076923077,0.04726153846153846,0.10449230769230769,0.1387076923076923,12.224045167832784,11.305298407808552,2,-3.8609220131203257,2.3127947191992835
27980,"Kahului-Wailuku, HI",HI,22968.0,1914.0,97109.0,88770.76229740477,164589.0,109.393,111.562,119.179,102.898,67343.98064516128,59815.0,26872.016564224657,61561.50818165814,54679.00139862696,0.3866553173364265,0.38398455420698463,0.42297385129383713,0.4200522233836467,2.9320785721508744,40565.64921444817,33683.142431417,2.064457831325301,1.08,0.42570281124497994,3.728534136546185,253,66730.0,0.0644387831560018,0.02727408961486588,0.009590888655777011,0.004046156151655927,0.0059943054098606325,0.016933912782856286,0.004046156151655927,0.046605724561666416,0.011389180278735202,0.04046156151655927,0.03341825265997302,0.01933163494680054,0.1781807283081073,0.08122283830361157,0.03671512063539637,0.09590888655777012,0.12857785104151057,0.0032968679754233478,0.04900344672561067,0.04210999550427094,0.019031919676307508,0.08242169938558369,12.011212812038114,11.108424891548891,3,3.539181131547284,-7.750108212480762
28020,"Kalamazoo-Portage, MI",MI,13116.0,1093.0,72532.0,76478.27920708562,262375.0,94.84,93.711,81.59,99.561,62702.5,57195.0,30463.7694175211,66113.98144242936,60306.83256010122,0.24899406391349468,0.2293211391418799,0.23614597021555836,0.2174881683621589,4.780611466910644,52284.37368199071,46477.22479966259,1.3069526627218935,1.0350000000000001,0.3254437869822485,2.782301775147929,344,112700.0,0.06725820763087843,0.054924578527063,0.015173025732031943,0.02546583850931677,0.009405501330967169,0.020053238686779058,0.004702750665483584,0.0456078083407276,0.010292812777284827,0.06983141082519964,0.04738243123336291,0.009937888198757764,0.09458740017746228,0.02715173025732032,0.02023070097604259,0.08411712511091393,0.11650399290150842,0.001419698314108252,0.040993788819875775,0.04161490683229813,0.10514640638864241,0.08819875776397515,12.477533868454403,11.632493573102964,4,-0.24118323370703385,2.673678665072203
28100,"Kankakee, IL",IL,13164.0,1097.0,71281.0,73947.54860261011,106635.0,96.394,93.643,92.856,99.59,57994.06593406593,53855.0,24078.822633155134,60163.56405384767,55869.65993734049,0.2634911810758649,0.24446103500990918,0.25398968908626923,0.23564577008745188,4.405504856735486,46507.11240747964,42213.20829097246,1.2802717391304348,1.03,0.34782608695652173,4.657130434782609,184,36390.0,0.06760098928276999,0.033800494641384994,0.00934322616103325,0.0027480076944215444,0.0,0.017587249244297883,0.0013740038472107722,0.0681505908216543,0.00494641384995878,0.1019510854630393,0.06045616927727398,0.01923605386095081,0.11129431162407255,0.0307776861775213,0.011266831547128332,0.09700467161308052,0.11486672162682056,0.0,0.026106073097004672,0.03654850233580654,0.07502061005770816,0.10992030777686178,11.577176444771752,10.50207677030558,2,-3.084408018410124,-0.6758366038472996
28140,"Kansas City, MO-KS",MO,14988.0,1249.0,83460.0,90185.10314124243,2218142.0,92.543,94.12,86.642,93.373,64549.02893481717,57920.0,30684.67311328721,69750.30951537898,62587.121662362355,0.2741518431576365,0.2587707182320442,0.2537083402133716,0.23947418577348067,4.30671396682794,53554.59509073314,46391.407237716514,0.9733011272141706,0.91,0.18357487922705315,1.5988711755233493,634,1085630.0,0.06892771938874202,0.07705203430266297,0.03740685132135258,0.018625130108784763,0.006908431049252508,0.013706327201716976,0.00864935567366414,0.05019205438316922,0.01217726112948242,0.06812634138702874,0.04261120271178947,0.02184906459843593,0.08967143501929756,0.024419000948757864,0.02308337094590238,0.08770944060130983,0.11824470583900593,0.0014093199340475117,0.03917540966996122,0.03949780311892634,0.055912235291950295,0.09464550537475935,14.612180917311933,13.897671942732527,4,3.1119732399861038,3.51018103909249
28420,"Kennewick-Richland, WA",WA,15408.0,1284.0,89010.0,88939.73760729026,311807.0,100.079,105.028,94.824,99.472,76474.58213256484,66260.0,35247.53478094788,76414.21490279165,66207.69592022304,0.24236389307139142,0.2325384847570178,0.2425553605469178,0.2327221901599758,4.963303617118695,61018.3776142496,50811.85863168098,1.5260171919770775,1.0,0.3151862464183381,2.6767249283667622,352,118800.0,0.04158249158249158,0.05707070707070707,0.020454545454545454,0.03198653198653199,0.012037037037037037,0.015235690235690236,0.0047138047138047135,0.06565656565656566,0.008249158249158249,0.05260942760942761,0.06271043771043772,0.02070707070707071,0.09006734006734007,0.03089225589225589,0.014983164983164984,0.08627946127946128,0.10505050505050505,0.015488215488215488,0.07685185185185185,0.04553872053872054,0.042676767676767674,0.09915824915824915,12.650142892749404,11.685205103383671,5,2.3467379943598705,4.598520316258338
28450,"Kenosha, WI",WI,14628.0,1219.0,81239.0,80340.78996815602,168438.0,101.118,106.187,95.814,100.334,64022.948207171314,58250.0,30294.18593844874,63315.08555071433,57605.96530785815,0.2731131807864298,0.2511244635193133,0.27616658614762213,0.25393203502145917,4.376739691493801,48848.81841726628,43139.6981744101,1.1235887096774193,0.92,0.29435483870967744,3.6811249999999998,254,67640.0,0.04716144293317564,0.04686575990538143,0.018775872264931992,0.008870490833826138,0.0017740981667652277,0.011383796570076878,0.003400354819633353,0.04878769958604376,0.005026611472501478,0.05558840922531047,0.04243051448846836,0.02188054405677114,0.09461856889414548,0.02690715552927262,0.017593140153755175,0.09861028976936724,0.11679479597871083,0.0,0.023211117681845063,0.03489059727971614,0.07879952690715553,0.19662921348314608,12.034328945426134,11.121969587054622,5,-0.21727700001830386,0.31235474772920957
28660,"Killeen-Temple, TX",TX,14604.0,1217.0,69923.0,76727.16499144098,494360.0,91.132,93.757,77.884,96.24,57096.96808510638,48690.0,27170.721121266663,62653.03964041871,53427.99455734539,0.308148462556426,0.29993858813450547,0.2808218568969221,0.27334003413873753,3.9096800934748277,46627.93320140717,37402.888118333845,1.144920634920635,1.01,0.30158730158730157,2.532320105820106,381,142270.0,0.06635270963660646,0.04821817670626274,0.01771279960638223,0.0068180220707106205,0.004920222112883953,0.016236732972517046,0.003936177690307162,0.08490897589091165,0.006325999859422226,0.09643635341252547,0.041329865748225204,0.030786532649188163,0.11189990862444647,0.03324664370563014,0.016096155197863216,0.08533070921487312,0.12103746397694524,0.0004920222112883953,0.0335277992549378,0.04428199901595558,0.03626906586068743,0.09383566458142968,13.111021298519006,11.865488968509244,2,-0.7110913338863647,-1.2058742443604356
28700,"Kingsport-Bristol, TN-VA",TN,10188.0,849.0,57792.0,66852.52235473758,310842.0,86.447,96.235,56.496,95.809,56801.61383285303,47800.0,29207.532171313364,65706.86528491796,55293.995164667365,0.21518060993346674,0.21313807531380752,0.186017181869184,0.1842514719665272,5.575344899180705,53921.60957910977,43508.739458859185,1.1391666666666667,0.975,0.27586206896551724,2.6339683908045974,351,107680.0,0.05637072808320951,0.05219167904903418,0.017830609212481426,0.01588038632986627,0.0028789004457652305,0.014580237741456167,0.0047362555720653786,0.052563150074294206,0.00687221396731055,0.07095096582466567,0.03928306092124814,0.01838781575037147,0.11153417533432393,0.029717682020802376,0.01300148588410104,0.09361069836552749,0.13020059435364043,0.0002786032689450223,0.04188335809806835,0.04986998514115899,0.07522288261515601,0.10215453194650817,12.64704324054414,11.586928431611064,4,-3.3484737858278337,2.2749883005592175
28740,"Kingston, NY",NY,17100.0,1425.0,86271.0,85663.64475866109,182601.0,100.709,99.693,110.173,97.754,63061.422924901184,56660.0,27550.516738718812,62617.465097360895,56261.1087390402,0.31443492088828084,0.3018002117896223,0.3166642644773788,0.30393997529121075,3.6878025102281398,45637.850564399596,39281.494206078896,1.3507003891050584,1.07,0.3735408560311284,3.4771089494163423,257,52190.0,0.053075301781950565,0.0367886568308105,0.011496455259628282,0.0045985821038513125,0.004406974516190841,0.030082391262694002,0.006706265568116498,0.08181643993102126,0.007281088331097912,0.05345851695727151,0.04828511209043878,0.02280130293159609,0.12607779268059016,0.0448361755125503,0.028741138149070703,0.09733665453151945,0.13795746311553939,0.0009580379383023567,0.04253688446062464,0.046560643801494536,0.036405441655489555,0.07779268059015138,12.115064199985541,10.86266534521266,5,0.5888600297747524,-2.7083809906567704
28880,"Kiryas Joel-Poughkeepsie-Newburgh, NY",NY,19656.0,1638.0,98233.0,89774.45120725266,704836.0,109.422,110.254,115.763,106.536,69945.12511415525,62465.0,31298.227171496328,63922.36032439113,57086.32633291294,0.3323246982917053,0.31467221845736676,0.3636363313647497,0.34432063488041986,3.5584617986444473,45958.87948872736,39122.84549724918,1.1569931662870159,1.0,0.32801822323462415,2.179751708428246,446,252660.0,0.050660967307844536,0.04405129422939919,0.017810496319164093,0.010330087865115174,0.004670307923691918,0.02176838439008945,0.0068867252434101165,0.08849837726589092,0.011359138763555767,0.06570094197736089,0.05798306023905644,0.03340457531860999,0.08861711390801869,0.03585846592258371,0.025884587983851817,0.09249584421752553,0.1280376790944352,0.0007915776141850709,0.03716456898598908,0.04282434892741233,0.033127523153645214,0.10207393334916488,13.465721849388494,12.439803948264267,5,4.700784742508554,-1.7941398043232593
28940,"Knoxville, TN",TN,13740.0,1145.0,72422.0,78235.69445494712,932241.0,92.569,96.247,82.783,95.142,59392.70220588235,50200.0,28874.29802476806,64160.4664692093,54229.817757564626,0.27624760022122646,0.27370626540160237,0.2557196410487871,0.25336715281960925,4.322612969860433,49317.48447739778,39386.835765753116,1.1800555555555556,0.975,0.29259259259259257,1.8155944444444445,552,409970.0,0.06746835134278117,0.05449179208234749,0.02275776276312901,0.018025709198234017,0.00851281801107398,0.013732712149669488,0.005049149937800327,0.04822304071029587,0.009561675244530088,0.06529746078981388,0.035197697392492136,0.020708832353586847,0.10166597555918726,0.032343830036344126,0.020733224382271872,0.08837231992584824,0.1334731809644608,0.0008781130326609264,0.0423689538258897,0.04300314657170037,0.07588360123911506,0.09225065248676732,13.745347716615134,12.923841704471569,4,0.5066177420343301,0.37101532954232325
29020,"Kokomo, IN",IN,11244.0,937.0,64027.0,71420.44440478315,83752.0,89.648,94.318,59.252,99.141,57856.68874172185,49260.0,26750.17143177103,64537.623529495206,54948.242013207215,0.2343960535581043,0.22825822168087698,0.21013137409376934,0.20462893057247258,5.145561076282627,51995.23552307007,42405.85400678209,1.1099337748344371,0.92,0.26490066225165565,4.78494701986755,151,25670.0,0.04518893650175302,0.03934553954031944,0.005453837164004675,0.011297234125438255,0.001168679392286716,0.02025710946630308,0.0027269185820023374,0.04752629528632645,0.004285157771717959,0.05921308920919361,0.06155044799376704,0.008180755746007013,0.16439423451499804,0.0362290611608882,0.013245033112582781,0.12582781456953643,0.11141410206466693,0.0,0.060381768601480326,0.04752629528632645,0.036618620958317104,0.09816906895208415,11.335627269941282,10.153117229086165,2,-4.467962036522377,-0.3811271273195172
29100,"La Crosse-Onalaska, WI-MN",WI,12324.0,1027.0,73340.0,79918.05511665158,170190.0,91.769,93.8,69.386,99.446,62363.12292358804,56620.0,28093.65886129536,67956.63342042305,61698.39488280355,0.23195177286284113,0.21766160367361356,0.2128598224385007,0.19974587707523844,5.06029884157644,54527.26184614416,48269.02330852466,1.2897385620915034,1.05,0.3104575163398693,2.9978496732026145,309,76190.0,0.04738154613466334,0.05263157894736842,0.024281401758760993,0.010106313164457278,0.005775036093975588,0.018243864024150153,0.003018768867305421,0.06181913636960231,0.010106313164457278,0.07310670691691823,0.05118781992387452,0.014700091875574223,0.10578816117600735,0.03320645754035963,0.01575009843811524,0.09568184801155007,0.12613203832523953,0.0007875049219057619,0.03320645754035963,0.03780023625147657,0.07415671347945925,0.10513190707441922,12.044676614757346,11.240998624462954,4,-1.7151678413252378,2.8729706893485694
29180,"Lafayette, LA",LA,11724.0,977.0,60892.0,69823.06871997156,413428.0,87.209,93.691,58.845,95.705,53827.8313253012,48190.0,27355.841245838794,61722.79389203087,55258.05822793519,0.2661046210296421,0.24328765948244513,0.23206717895374063,0.21216873495804559,4.591251392468544,48279.22728766664,41814.49162357096,1.6668,0.94,0.29846153846153844,2.827538461538462,337,161310.0,0.06180645961192734,0.0393651974459116,0.012894426879920649,0.013514351249147604,0.003409584030748249,0.011096646209162482,0.007687062178414234,0.035893620978240656,0.00650920587688302,0.08052817556258136,0.059946686504246484,0.018411753766040543,0.10675097638088153,0.026408778129068253,0.018659723513731324,0.11102845452854752,0.13210588308226395,0.0,0.05548323104581241,0.05256958651044573,0.058830822639637965,0.08709937387638708,12.932241073745221,11.99108945769631,2,-2.8097254676187706,-0.1456346262285197
29200,"Lafayette-West Lafayette, IN",IN,13284.0,1107.0,62011.0,66371.61511291875,226805.0,93.43,94.318,76.442,99.141,59004.933333333334,50560.0,26577.432055117188,63154.16176103321,54115.380498769126,0.2642391809024139,0.2627396543374892,0.24687866671712527,0.24547765904751617,4.441804677306032,48936.03053979806,39897.24927753398,1.5507843137254902,0.94,0.26143790849673204,2.949705882352941,308,92120.0,0.04602692140686062,0.03864524533217542,0.01932262266608771,0.02116804168475901,0.007381676074685193,0.01801997394702562,0.004125054277029961,0.06241858445505862,0.008467216673903604,0.057750759878419454,0.03864524533217542,0.015089014329135909,0.10953104646113765,0.03397742075553626,0.017911419887103777,0.08043855840208423,0.11050803300043421,0.0008684324793747286,0.03951367781155015,0.03875379939209726,0.13905775075987842,0.09237950499348675,12.331850305512262,11.430858209281695,4,-1.4491249217968403,0.4889603787461286
29340,"Lake Charles, LA",LA,12972.0,1081.0,66700.0,77691.84177421608,244027.0,85.852,93.691,51.752,95.705,53823.0,48480.0,26775.913860884408,62692.773610399294,56469.27270185901,0.29840407211250963,0.2675744395800246,0.2561858639900318,0.2297180078682427,4.149167437557817,47583.04989982761,41359.54899128733,1.8242435424354244,0.92,0.33579335793357934,3.3660664206642066,275,91470.0,0.04930578331693451,0.03257898764622281,0.004263693014102984,0.023067672460916146,0.0069968295616048976,0.017492073904012244,0.004482343937903138,0.0521482453263365,0.005247622171203673,0.06603257898764622,0.05444408002623811,0.044495462993331146,0.10418716519077294,0.02448890346561714,0.022193068765715536,0.09948617032906965,0.10440581611457309,0.0,0.0810101672679567,0.0517109434787362,0.07007762107794906,0.08188477096315731,12.405038251789952,11.42377726113684,2,-2.435874036458177,-0.5001642930915152
29420,"Lake Havasu City-Kingman, AZ",AZ,13092.0,1091.0,57684.0,61302.04680226997,220517.0,94.098,96.237,79.773,99.838,55994.69298245614,47850.0,25209.539229967355,59506.783334880805,50851.240196390994,0.27039111170233077,0.27360531441898656,0.2544326282896592,0.257457128761978,4.277015962607405,45593.62896390586,36938.085825416056,1.2904803493449781,1.05,0.3624454148471616,3.9483711790393015,230,50100.0,0.06946107784431138,0.03612774451097804,0.008982035928143712,0.0029940119760479044,0.0005988023952095808,0.010978043912175649,0.005588822355289421,0.04311377245508982,0.004391217564870259,0.06067864271457086,0.042115768463073855,0.033732534930139724,0.12554890219560877,0.03033932135728543,0.01656686626746507,0.13592814371257486,0.1379241516966068,0.0,0.057085828343313376,0.05568862275449102,0.031936127744510975,0.09021956087824351,12.303734603190335,10.821796246953596,2,-3.4856525424085403,-3.51612849406451
29460,"Lakeland-Winter Haven, FL",FL,16356.0,1363.0,65978.0,67919.82787906239,790694.0,97.141,96.24,95.942,98.864,57037.53488372093,48905.0,25412.85977468266,58716.23195532363,50344.34481835682,0.33371656755950563,0.33444511742182337,0.3241756108929794,0.3248833315147335,3.4872545172243172,41878.851240692326,33506.964103725506,1.0393055555555557,0.93,0.24768518518518517,2.24124537037037,437,253230.0,0.05864234095486317,0.05611499427398017,0.0182047940607353,0.00813489712909213,0.0048967341942107966,0.011491529439639853,0.006160407534652293,0.04952019902855112,0.006989693164317024,0.06263080993563164,0.03202622122181416,0.02073214074161829,0.08916795008490305,0.03305295581092288,0.01311061090708052,0.09584172491410971,0.12301070173360186,0.0004343877107767642,0.043952138372230776,0.04632152588555858,0.051771117166212535,0.16779212573549737,13.580667584528213,12.442057394617267,3,0.4507315348413814,-3.0884328825670724
29540,"Lancaster, PA",PA,16284.0,1357.0,86959.0,88501.58258444691,557931.0,98.257,100.684,93.815,97.726,60150.04484304933,52690.0,26318.906221898455,61217.05816689836,53624.67813997985,0.3136956554666581,0.30905305141293504,0.30822794019187433,0.3036662567268076,3.6938126285341024,44644.1931292929,37051.813102374384,1.1461573033707866,0.99,0.31685393258426964,2.169323595505618,449,241540.0,0.0636747536639894,0.047445557671607186,0.013248323259087522,0.01275151113687174,0.003353481824956529,0.01718141922662913,0.0038916949573569596,0.04587231928459055,0.009315227291545913,0.059037840523308766,0.05117164858822555,0.011178272749855096,0.09083381634511882,0.03125776268940962,0.021031713173801442,0.09480831332284508,0.11550881841516933,0.0030636747536639895,0.052993293036350086,0.04475449200960503,0.09211724766084292,0.11550881841516933,13.231992370138169,12.394794509921814,3,1.249402834144747,-1.6620413777079326
29620,"Lansing-East Lansing, MI",MI,13032.0,1086.0,72550.0,76375.65664115548,472669.0,94.991,93.711,83.472,99.561,64807.90134529148,60100.0,29248.9241308585,68225.30697149358,63269.151814382414,0.23614684705994923,0.2168386023294509,0.2243182514907164,0.2059771567387687,4.972981993960365,54506.112521493065,49549.95736438189,1.3550000000000002,0.99,0.3090909090909091,2.1458295454545455,450,201640.0,0.051825034715334256,0.08887125570323348,0.04423725451299346,0.018299940487998413,0.019192620511803215,0.022564967268399128,0.00768696687165245,0.06938107518349534,0.013291013687760365,0.05306486808172982,0.03516167427097798,0.01606824042848641,0.0793493354493156,0.02836738742313033,0.014679627058123389,0.07443959531838922,0.13980361039476294,0.0012398333663955563,0.037046220987899225,0.035756794286847846,0.06670303511208094,0.08296964887919063,13.066152749567411,12.214244167517736,4,1.4333870383781955,4.51922365410673
29700,"Laredo, TX",TX,12324.0,1027.0,63058.0,72517.13510281061,269294.0,86.956,93.757,59.746,96.24,50495.16,43315.0,24927.487355887093,58069.782418694514,49812.54887529326,0.29494455774935346,0.28452274352437323,0.2564719896365278,0.24740959685905395,4.09730282375852,43897.097382584296,35639.86383918303,1.2101600000000001,0.87,0.26,3.729784,252,98930.0,0.06701708278580815,0.04326291317092894,0.008591933690488223,0.0033356919033660165,0.0012129788739512787,0.01445466491458607,0.004144344486000202,0.08217931871019914,0.0030324471848781967,0.040331547558880014,0.0931972101485899,0.039017487112099465,0.10057616496512686,0.02476498534317194,0.011220054584049328,0.09147882341049227,0.16132619023552006,0.0,0.016779541089659355,0.03750126351966036,0.01192762559385424,0.14464773071868997,12.50356271197304,11.502177916423465,2,-3.1205637676146973,-1.9512876338884368
29740,"Las Cruces, NM",NM,11208.0,934.0,56848.0,63016.00673967986,224266.0,90.212,96.144,62.982,98.54,58776.84210526316,50550.0,29321.075178320298,65154.128170601645,56034.673879306516,0.23121993369223592,0.22172138061813434,0.2085881265824399,0.20001929188323136,5.244186483338968,52730.060419083,43610.606127787876,1.2086037735849056,0.95,0.28679245283018867,3.424381132075472,269,70800.0,0.04533898305084746,0.04293785310734463,0.023022598870056497,0.017796610169491526,0.0035310734463276836,0.0211864406779661,0.005084745762711864,0.07387005649717514,0.00480225988700565,0.054943502824858756,0.10494350282485876,0.03615819209039548,0.1193502824858757,0.03446327683615819,0.01596045197740113,0.07923728813559322,0.14067796610169492,0.01002824858757062,0.04194915254237288,0.0327683615819209,0.03234463276836158,0.0596045197740113,12.320592585297463,11.167628403875849,2,-2.5222281079907285,1.592441792309834
29820,"Las Vegas-Henderson-North Las Vegas, NV",NV,19512.0,1626.0,76472.0,76307.93793344309,2329548.0,100.215,96.271,115.538,98.744,63415.02214650767,58300.0,27859.42080395297,63278.97235594238,58174.923913585786,0.3629348527955352,0.3346826758147513,0.36371516272904564,0.33540224356775306,3.2500523855323733,43808.83315522393,38704.78471286733,1.4018904593639576,0.83,0.2667844522968198,1.7453321554770318,605,1105730.0,0.07238656814954826,0.04451357926437738,0.01744548850080942,0.008157506805458837,0.0034999502591048447,0.010436544183480596,0.007976630823076158,0.03675399962016044,0.015157407323668527,0.05129642860372786,0.03129154495220352,0.03632894106156114,0.14760384542338545,0.05379251716060883,0.045680229350745664,0.08601557342208314,0.11841046186682101,0.00043410235771843036,0.04976802655259421,0.03593101390031925,0.026326499235798974,0.10079314118274806,14.661185244574536,13.916017212675417,3,4.4469377775827335,-3.2222097920799646
29940,"Lawrence, KS",KS,13188.0,1099.0,69746.0,77286.88097691788,120302.0,90.243,94.027,71.636,93.816,59667.85046728972,51405.0,28208.5240514394,66119.09008708678,56962.86692596656,0.2665996864431752,0.25655461097260257,0.2405875550369146,0.23152257758000572,4.52440479733771,51505.21421859836,42348.99105747814,1.5631944444444443,1.01,0.3055555555555556,3.9698425925925926,217,43880.0,0.05879671832269827,0.059708295350957154,0.025979945305378303,0.009115770282588878,0.007064721969006381,0.022561531449407476,0.005697356426618049,0.06494986326344576,0.015952597994530537,0.045806745670009114,0.03555150410209663,0.011850501367365542,0.1690975387420237,0.03190519598906107,0.03486782133090246,0.09571558796718323,0.1276207839562443,0.0,0.030537830446672742,0.03236098450319052,0.0487693710118505,0.06608933454876938,11.697768839307692,10.689236703555197,4,-1.1046705489482334,0.17769391777361276
30020,"Lawton, OK",OK,11580.0,965.0,60665.0,70589.12509745058,127310.0,85.941,93.778,57.389,95.458,50978.91625615764,45960.0,25006.69963314747,59318.50485351303,53478.54923726743,0.27193716653678307,0.2519582245430809,0.23370552029337674,0.21653541775456916,4.4023243744522995,45844.1445365514,40004.188920305794,1.7937019230769229,1.16,0.4182692307692308,4.074576923076924,208,36120.0,0.046234772978959025,0.05121816168327796,0.01716500553709856,0.0027685492801771874,0.0008305647840531562,0.015780730897009966,0.0033222591362126247,0.06616832779623477,0.004706533776301218,0.07364341085271318,0.04152823920265781,0.04595791805094131,0.1303986710963455,0.032668881506090805,0.022425249169435217,0.10409745293466224,0.14922480620155038,0.0,0.03765227021040975,0.05204872646733112,0.024916943521594685,0.07724252491694353,11.754388190867353,10.494629692640487,2,-4.812615901317553,-2.292100662466711
30140,"Lebanon, PA",PA,13320.0,1110.0,78425.0,84134.35749994636,144186.0,93.214,100.684,66.039,97.726,57982.3831775701,50900.0,25324.96753559177,62203.51361122803,54605.531357950524,0.2692273627288504,0.2616895975270127,0.2509575938940706,0.2439313414388296,4.353031770087845,47913.814638970645,40315.83238569314,1.3410599078341015,1.0,0.35023041474654376,4.051331797235023,217,46940.0,0.05730720068172135,0.04452492543672774,0.007882403067746058,0.005538985939497231,0.0038346825734980826,0.014273540690242864,0.0021303792074989347,0.05155517682147422,0.004047720494247976,0.06582871751171708,0.040690242863229656,0.008947592671495527,0.09267149552620367,0.035364294844482315,0.015125692373242437,0.0916063059224542,0.11674478057094163,0.0021303792074989347,0.02876011930123562,0.048146570089475926,0.10225820195994888,0.16063059224541967,11.878866347203118,10.756646772970168,2,-2.606159470421137,-0.4614040177230662
30300,"Lewiston, ID-WA",ID,12288.0,1024.0,72475.0,79503.07152259763,65164.0,91.16,96.217,71.925,99.363,57503.464052287585,49060.0,25877.556988335557,63079.71045665597,53817.46379991224,0.24642421751260365,0.2504688136975132,0.2246403166844895,0.22832737056665306,4.679643884463507,49600.114142483086,40337.86748573936,1.3172549019607842,1.09,0.32679738562091504,5.200424836601307,153,22190.0,0.05903560162235241,0.04100946372239748,0.012618296529968454,0.004506534474988734,0.0018026137899954935,0.018476791347453808,0.004957187922487607,0.047769265434880574,0.005407841369986481,0.06489409643983776,0.06354213609734115,0.0067598017124831005,0.10770617395223074,0.031545741324921134,0.025236593059936908,0.09598918431726003,0.15457413249211358,0.0,0.04551599819738621,0.04957187922487607,0.05993690851735016,0.09914375844975214,11.08467779396482,10.007442080255977,2,-3.5457618606305785,-0.872306343822656
30340,"Lewiston-Auburn, ME",ME,12120.0,1010.0,67873.0,71644.35906096942,113423.0,94.736,97.171,69.003,103.191,61424.43514644352,50650.0,30846.531933876562,64837.4800988468,53464.36412768113,0.22949447020117886,0.23928923988153997,0.2174138812897888,0.22669305429417572,5.068022701851775,52044.03304598411,40670.91707481844,1.7873617021276598,1.07,0.3872340425531915,3.7314000000000003,240,42320.0,0.057892249527410206,0.038988657844990546,0.014886578449905482,0.003544423440453686,0.0007088846880907373,0.027646502835538753,0.005434782608695652,0.06143667296786389,0.013468809073724008,0.06474480151228733,0.07348771266540642,0.015595463137996219,0.08742911153119093,0.030245746691871456,0.019612476370510397,0.09120982986767485,0.1285444234404537,0.0016540642722117202,0.048676748582230624,0.03993383742911153,0.058128544423440454,0.1167296786389414,11.6388882880948,10.653038695742612,2,-2.1628647238931484,0.8293382888327043
30460,"Lexington-Fayette, KY",KY,13656.0,1138.0,71966.0,77475.26617791127,522560.0,92.889,96.246,77.093,96.892,61008.73333333333,54620.0,28296.07748154983,65679.17980959354,58801.36507013747,0.2637648845559352,0.2500189871319569,0.24500856361516263,0.23224013695700346,4.467540519429798,50977.761988322985,44099.94724886693,1.1103131991051454,0.95,0.2595078299776286,2.1229440715883667,459,268620.0,0.06596679323952051,0.049214503759958304,0.02248529521256794,0.017869108778199687,0.008338917429826521,0.019320973866428413,0.006924279651552379,0.053756235574417395,0.010833147196783561,0.08707467798376889,0.03920035738217557,0.022969250241977514,0.0969399151217333,0.028106619015709926,0.025351798079070807,0.08044821681185317,0.1321569503387685,0.0018241381877745514,0.031605986151440696,0.04042885861067679,0.07058297967388877,0.08860099769190678,13.166497002418254,12.501056743187132,4,0.5466237557634058,1.947639131530194
30500,"Lexington Park, MD",MD,21000.0,1750.0,126256.0,125303.69194124652,209439.0,100.76,99.663,103.809,100.322,75225.42307692308,62885.0,38699.46680134427,74658.02210889546,62410.67884080984,0.35243029390746733,0.3339468152172841,0.3551087641411641,0.3364848110129355,3.5821630036630037,53816.418297859345,41569.07502977372,1.8938076923076923,0.99,0.3769230769230769,3.5359923076923074,262,65860.0,0.07212268448223505,0.14136046158518067,0.08123291831157,0.08244761615548132,0.00516246583662314,0.014424536896447009,0.005314303067112056,0.06650470695414516,0.006529000911023383,0.044336471302763435,0.024293956878226542,0.016853932584269662,0.0870027330701488,0.03051928332827209,0.017613118736714242,0.07986638323716976,0.09990889766170664,0.0,0.034467051320983905,0.03203765563316125,0.010173094442757364,0.047828727604008504,12.252192581143726,11.095301739538133,1,7.556677886397927,2.2357908122093972
30620,"Lima, OH",OH,11064.0,922.0,64038.0,71415.9854576275,101348.0,89.669,93.628,57.275,98.939,57996.818181818184,51490.0,27201.017672736903,64678.78328276013,57422.297561030005,0.22672824193499586,0.21487748556781675,0.20330494726069143,0.1926784925338056,5.241939459672648,52340.07090724574,45083.58518551562,1.319909090909091,1.08,0.34545454545454546,3.984236363636364,221,43480.0,0.062557497700092,0.041168353265869366,0.009659613615455382,0.012419503219871205,0.001609935602575897,0.017939282428702852,0.002529898804047838,0.050827966881324745,0.006669733210671573,0.0890064397424103,0.050597976080956765,0.02046918123275069,0.11016559337626496,0.03173873045078197,0.010809567617295308,0.09383624655013799,0.10533578656853726,0.0,0.03150873965041398,0.04576816927322907,0.09613615455381785,0.10924563017479301,11.526325285033245,10.680079340050709,2,-4.046243678952616,1.7443492330499528
30700,"Lincoln, NE",NE,12984.0,1082.0,75049.0,81948.22070080039,344337.0,91.581,94.101,84.208,92.98,60478.61902552204,55580.0,25119.01269291265,66038.39117887121,60689.444317052665,0.24763292461288774,0.23360921194674344,0.22678470868972875,0.21394165239294713,4.657934305724125,51860.77791847877,46511.83105666022,1.3249074074074074,1.07,0.40046296296296297,2.2184606481481484,437,173300.0,0.07657241777264859,0.06462781304096941,0.03877668782458165,0.015060588574725909,0.009405654933641084,0.018753606462781305,0.008713214079630698,0.05683785343335257,0.013560300057703404,0.06312752452394692,0.04045008655510675,0.01569532602423543,0.09428736295441431,0.028101557991921523,0.031852279284477786,0.08390075014425852,0.12192729371032891,0.0006347374495095211,0.04512406231967686,0.034045008655510675,0.0569532602423543,0.08159261396422389,12.749379012100782,12.062785246027499,4,0.3576050693395823,2.43557495903658
30780,"Little Rock-North Little Rock-Conway, AR",AR,12660.0,1055.0,67154.0,75146.59146860032,758629.0,89.364,93.577,68.295,95.295,54260.2620967742,48085.0,23339.385443075793,60718.25578171768,53808.02112707577,0.2692428810447293,0.26328377117364177,0.24060620821681197,0.23528090927161327,4.285960671151201,46551.47721316659,39641.24255852468,1.137171717171717,0.97,0.29292929292929293,1.9724727272727274,502,344620.0,0.07451685914920782,0.059282688178283326,0.022198363414775695,0.01102663803609773,0.006180720793917939,0.01537925831350473,0.009140502582554697,0.0530439324473333,0.009662817015843537,0.0882421217572979,0.045760547849805586,0.025419302420056876,0.08548546224827346,0.027305437873599906,0.018019847948464975,0.09143404329406303,0.12669026754105972,0.0004932969647727932,0.03812895363008531,0.04396146480181069,0.05028727293830886,0.09834020080088213,13.53926945398808,12.750200541439732,4,-0.7860877244347839,0.18871710640161232
30860,"Logan, UT-ID",UT,14412.0,1201.0,81126.0,84570.55886246833,155102.0,95.927,96.43,90.959,98.96,56246.117647058825,48910.0,25486.992271067913,58634.29237551348,50986.68779384323,0.3017569074435835,0.29466366796156207,0.2894663486034064,0.2826620167654877,3.902728118724592,43610.36793296863,35962.76335129838,1.2913333333333334,1.06,0.34901960784313724,3.457070588235294,258,58800.0,0.06428571428571428,0.05510204081632653,0.033843537414965985,0.01717687074829932,0.004591836734693878,0.01479591836734694,0.0039115646258503405,0.06054421768707483,0.008843537414965987,0.03945578231292517,0.042346938775510205,0.007993197278911564,0.08554421768707483,0.03435374149659864,0.01989795918367347,0.08673469387755102,0.1391156462585034,0.0,0.04829931972789116,0.036904761904761905,0.10884353741496598,0.08741496598639456,11.951844691337337,10.981914140544825,3,-0.3750370862975153,-2.0291699148526994
30980,"Longview, TX",TX,12720.0,1060.0,66647.0,74478.40420182153,291044.0,89.485,93.757,66.749,96.24,55432.01754385965,46585.0,28005.412993109872,61945.59707644817,52059.00430239705,0.2785181405920559,0.27305065195457345,0.2492319581088012,0.24433937590155008,4.3578630144543755,47730.924226249816,37844.33145219869,1.4910355029585798,0.96,0.3224852071005917,2.7647100591715974,344,109910.0,0.07242289145664635,0.03912291875170594,0.011463925029569649,0.01401146392502957,0.0040032754071513054,0.012009826221453917,0.0040032754071513054,0.06523519243017013,0.004731143662996998,0.05768355927577109,0.04021472113547448,0.016740969884450913,0.09271221908834501,0.02502047129469566,0.00918933673005186,0.09889909926303339,0.12291875170594123,0.000727868255845692,0.07578928213993268,0.06014011463925029,0.07515239741606769,0.09780729687926486,12.581233173373482,11.607426226374754,2,-2.371868224771174,-0.7327614113824612
31020,"Longview-Kelso, WA",WA,14472.0,1206.0,76531.0,78457.12235378542,112360.0,97.545,105.028,82.536,99.472,69955.41463414633,60540.0,32094.494082941706,71716.04350212347,62063.66292480393,0.24305237252199086,0.2390485629335976,0.237085436776576,0.2331799207135778,4.833845676765225,56879.81406955389,47227.433492234355,1.976844660194175,1.08,0.4029126213592233,4.175126213592233,206,35230.0,0.03888731195004258,0.04569968776610843,0.011637808685779166,0.009367016747090548,0.003973885892705081,0.02214022140221402,0.0036900369003690036,0.06216292932160091,0.004541583877377235,0.04598353675844451,0.0709622480840193,0.013624751632131706,0.09906329832529094,0.02753335225659949,0.008515469770082317,0.0959409594095941,0.11524269088844735,0.008515469770082317,0.0610275333522566,0.05705364745955152,0.08430315072381493,0.11013340902639795,11.629472181142976,10.469681655831673,5,-1.510970031592638,2.221586834519397
31080,"Los Angeles-Long Beach-Anaheim, CA",CA,24756.0,2063.0,95958.0,84495.35952661888,12974487.0,113.566,106.623,170.433,104.362,75985.21360544217,65740.0,35014.99536573718,66908.41766500729,57887.043657432674,0.3914032318341939,0.37657438393672044,0.4445009942648206,0.427660464861576,3.0693655520052583,45109.63986179153,36088.26585421693,1.119733520336606,0.92,0.26788218793828894,1.3818569424964937,755,6108670.0,0.06960434922822807,0.06953559449110853,0.029279695907619824,0.015275010763390395,0.007739818978599269,0.023622163253212237,0.010819048991024233,0.055535820399530506,0.027541183269025826,0.05057074616896968,0.0793904401449088,0.025442526769329493,0.09666261231986668,0.02665883080932511,0.02298863746118222,0.08118788541531954,0.11834327275822724,0.0007137396520028091,0.03034703135052311,0.027855490638715136,0.048390238791750084,0.0824958624381412,16.378495525736678,15.625219795213594,1,10.593516725522289,-1.410865203294515
31140,"Louisville/Jefferson County, KY-IN",KY,13392.0,1116.0,73863.0,79359.43442851923,1372558.0,93.074,96.23,78.558,96.796,60873.12862190812,54415.0,26878.166189559008,65402.935966981255,58464.232761028856,0.2548875194337051,0.2461086118362622,0.23723400983772663,0.22906312938048268,4.545484514778086,51014.384921576515,44075.68171562412,1.0432682060390763,0.87,0.21847246891651864,1.7465914742451154,575,674640.0,0.06235918415747658,0.049626467449306294,0.02236748488082533,0.012584489505514052,0.004921143128186885,0.014674493062966915,0.006240365231827345,0.04203723467330724,0.009056682082295743,0.06938515356338196,0.03975453575240128,0.018691450254950788,0.08806178109806712,0.027110755365824735,0.01766868255662279,0.08109510257322423,0.1290466026325151,0.00045950432823431756,0.037056800664057865,0.04492766512510376,0.09283469702359777,0.13003972489031188,14.132187438691442,13.421935976519451,4,0.5044288784468096,2.3232761496744017
31180,"Lubbock, TX",TX,13908.0,1159.0,63629.0,69679.24920880012,358708.0,91.317,93.757,76.357,96.24,55197.61538461538,47590.0,26856.99698590756,60446.15502547761,52115.15928030926,0.30262482152632064,0.2922464766857566,0.27634790827319017,0.26687071511513233,3.968767283909648,45215.69410363392,36884.69835846557,1.1217179487179487,0.95,0.2794871794871795,2.407420512820513,392,155370.0,0.07240780073373237,0.038102593808328505,0.014996460063075239,0.007980948703095835,0.005663899079616399,0.016154984874814957,0.006050074016862972,0.07163545085923924,0.008431486129883503,0.07260088820235566,0.045761730063718864,0.022848683787088885,0.12428396730385531,0.02928493274119843,0.0211752590590204,0.09718735920705412,0.14365707665572505,0.0020595996653150544,0.03778078136062303,0.048400592134903775,0.025680633326897084,0.08785479822359529,12.790266753810572,11.953571084314289,3,-1.0555704961727255,-1.9487909012499982
31340,"Lynchburg, VA",VA,11892.0,991.0,68996.0,77208.6881595291,263798.0,89.363,96.773,63.912,98.612,59628.96656534955,50540.0,29347.600166182612,66726.68393557685,56555.84526034265,0.23931646222428965,0.23529877324891174,0.213860370137492,0.210270042738425,5.01420842291873,53419.16292576295,43248.32425052874,1.242909090909091,1.0350000000000001,0.3181818181818182,2.811509090909091,333,90200.0,0.049113082039911306,0.054767184035476715,0.02394678492239468,0.018736141906873616,0.0033259423503325942,0.020288248337028823,0.004988913525498891,0.054767184035476715,0.008203991130820399,0.06784922394678493,0.04944567627494457,0.022838137472283814,0.1049889135254989,0.03503325942350333,0.01917960088691796,0.11031042128603104,0.11008869179600887,0.0009977827050997783,0.04478935698447894,0.04434589800443459,0.07017738359201774,0.08181818181818182,12.482942728507597,11.409795792463761,4,-1.788992599281036,1.528475197866611
31420,"Macon-Bibb County, GA",GA,12528.0,1044.0,59526.0,67239.74335803361,234943.0,88.528,96.269,58.916,98.667,55512.47422680412,48060.0,27446.832165589858,62706.12035379103,54287.908910175305,0.2700999257002899,0.2606741573033708,0.23911406222395262,0.23076961797752812,4.43107233611144,48554.66544686892,40136.4540032532,1.2293898305084747,1.0,0.3050847457627119,3.1418305084745763,298,88100.0,0.05925085130533485,0.07298524404086265,0.016572077185017027,0.005448354143019296,0.0009080590238365494,0.013734392735527809,0.010556186152099887,0.05766174801362089,0.004767309875141884,0.0887627695800227,0.05300794551645857,0.03234960272417707,0.10079455164585698,0.03246311010215664,0.015437003405221339,0.09568671963677639,0.12656072644721908,0.0015891032917139615,0.027695800227014757,0.041657207718501704,0.04562996594778661,0.09648127128263337,12.367102466856506,11.386239162597649,2,-2.1654637844426037,-0.261390664353005
31540,"Madison, WI",WI,16248.0,1354.0,88804.0,91280.4382908302,691830.0,97.287,93.787,99.748,99.411,68845.69815498155,62192.2,30245.532271404725,70765.56801523487,63926.52666851686,0.2777887735363412,0.26125488810641984,0.2702523641103003,0.2541670429920927,4.2371798470569635,54064.46714872649,47225.42580200848,1.3309328358208956,1.01,0.3302238805970149,1.83267723880597,553,398230.0,0.05978956884212641,0.08216357381412752,0.05052356678301484,0.019586671019260225,0.02018933781985285,0.01607111468246993,0.00753333500740778,0.06358134746252166,0.01710067046681566,0.07086357130301585,0.043166009592446576,0.01469000326444517,0.08241468498104111,0.02837556186123597,0.017904226200939156,0.08377068528237451,0.11930291540064787,0.001808000401777867,0.03661200813600181,0.03133867363081636,0.061672902593978354,0.07154157145368255,13.447096985120151,12.894787517908522,1,4.07831660442156,3.621234360032392
31700,"Manchester-Nashua, NH",NH,19476.0,1623.0,103545.0,98001.07896305971,426378.0,105.657,97.687,134.22,103.687,67476.69703872438,60250.0,31290.927752520947,63863.91534751542,57024.144164608115,0.34212374074494756,0.323253112033195,0.3614776807588893,0.34153954058091285,3.464607570277489,45430.6832852763,38590.91210236899,1.2195899772209566,1.01,0.3234624145785877,2.216635535307517,450,196830.0,0.07996748463140782,0.06401463191586648,0.04247320022354316,0.03017832647462277,0.0053345526596555405,0.02123660011177158,0.006553878981862521,0.057765584514555705,0.007620789513793629,0.0700604582634761,0.03673220545648529,0.016105268505817203,0.08311741096377585,0.027892089620484683,0.023827668546461414,0.09851140578163897,0.13366864807194026,0.00030483158055174517,0.03495402123660011,0.038916831783772796,0.0527866686988772,0.06797744246303918,12.963083901090018,12.19010077152047,1,5.011893326560274,-1.237254674706924
31740,"Manhattan, KS",KS,12756.0,1063.0,65469.0,72612.63059825647,133965.0,90.162,94.027,71.971,93.816,57550.411522633745,49740.0,27132.69813517286,63830.00767799487,55167.365408930586,0.2657730092269942,0.25645355850422197,0.23962626057924255,0.23122365741857664,4.511634644295527,49682.14050557191,41019.498236507614,1.3808641975308642,1.06,0.35802469135802467,3.5536213991769547,246,45630.0,0.062458908612754764,0.07538899846592154,0.023449484987946526,0.01490247644093798,0.010300241069471838,0.02081963620425159,0.0046022353714661405,0.0747315362699978,0.007012930089853167,0.052816129739206664,0.039886039886039885,0.01797063335524874,0.12163050624589086,0.03550295857988166,0.026079333771641466,0.09511286434363357,0.12053473591935131,0.002849002849002849,0.0458031996493535,0.042077580539119,0.030900723208415515,0.07516984440061363,11.805341315394521,10.72834258908784,2,-1.7921609500940976,-0.05938324917223257
31860,"Mankato, MN",MN,12828.0,1069.0,75808.0,83346.7099114947,104282.0,90.955,95.433,79.884,92.193,64716.88524590164,60310.0,28136.6069443472,71152.64168644015,66307.51470507393,0.23238643102177742,0.21270105045066445,0.21136707833585763,0.19346224043740184,5.044970786241163,57048.96404364976,52203.83706228355,1.3641025641025641,1.05,0.32051282051282054,3.74291452991453,248,48500.0,0.058969072164948455,0.0488659793814433,0.01134020618556701,0.018969072164948454,0.002268041237113402,0.027422680412371135,0.004536082474226804,0.047835051546391755,0.009896907216494845,0.05835051546391753,0.0868041237113402,0.009278350515463918,0.11257731958762887,0.030103092783505155,0.024948453608247424,0.09876288659793814,0.11608247422680412,0.0012371134020618556,0.03505154639175258,0.04,0.06577319587628866,0.09092783505154639,11.554863636333282,10.789339695269716,4,-1.6474436923478077,3.8785616177477995
31900,"Mansfield, OH",OH,9888.0,824.0,59509.0,66960.34746601855,125099.0,88.872,93.628,54.919,98.939,55650.48034934498,48540.0,24588.15465482629,62618.687943722405,54617.87739670537,0.20843290776580617,0.20370828182941902,0.18523849378962726,0.1810396242274413,5.628082559602041,51492.57398206969,43491.76343505266,1.3731304347826088,1.05,0.39565217391304347,3.8279826086956525,231,43290.0,0.062370062370062374,0.03511203511203511,0.009471009471009472,0.012705012705012704,0.001155001155001155,0.02286902286902287,0.002541002541002541,0.059136059136059134,0.01155001155001155,0.06745206745206746,0.04227304227304227,0.01824901824901825,0.11503811503811504,0.026565026565026566,0.010395010395010396,0.10164010164010163,0.10787710787710787,0.0,0.03164703164703165,0.04111804111804112,0.11272811272811273,0.10810810810810811,11.736868696455003,10.675700040192325,2,-4.758395911245502,1.6545750688440353
32420,"Mayaguez, PR",PR,6048.0,504.0,21163.0,,209892.0,,,,,32936.683673469386,25030.0,17580.941071102487,,,0.2200711591994767,0.24163100815580696,,,5.445880237015441,,,1.9958974358974357,1.14,0.46153846153846156,4.646312820512821,199,47230.0,0.029006987084480202,0.03472369256828287,0.0067753546474698285,0.004022866821935211,0.0059284353165360995,0.014397628625873385,0.0006351894982002964,0.07304679229303408,0.002117298327334321,0.08384501376243912,0.02667795892441245,0.020326063942409486,0.10438280753758204,0.047215752699555365,0.006563624814736396,0.1344484437857294,0.17150116451408004,0.0,0.03768791022655092,0.029853906415413932,0.08998517891170867,0.07685792928223587,12.254353156038716,10.762805735649291,2,-7.608982366261563,-2.038513574249858
32580,"McAllen-Edinburg-Mission, TX",TX,11484.0,957.0,54338.0,63260.9581465743,891977.0,85.895,93.757,55.892,96.24,52457.4504950495,44645.0,25981.51430427889,61071.5996216887,51976.25007276326,0.2659319697794923,0.2572316050440161,0.22842226544209493,0.22094908715255762,4.567872735549417,47701.787641945986,38606.43809302055,0.9400731707317074,0.79,0.21951219512195122,2.374090243902439,410,282860.0,0.05391359683235523,0.03347945980343633,0.009085766810436258,0.004631266350844941,0.0033231987555681257,0.016227108817082656,0.00537368309411016,0.09534752174220462,0.005196917202856537,0.06331754224704801,0.17655377218411936,0.043307643357137805,0.09205967616488722,0.022095736406702964,0.012868556883263806,0.08972636640033939,0.1274482075938627,0.002156543873294209,0.022838153149968184,0.02810577670932617,0.017959414551368166,0.07498409106978718,13.701196747580862,12.552710889886066,2,-2.2053731960878102,0.5980439373346914
32780,"Medford, OR",OR,16296.0,1358.0,73999.0,72953.57526643202,222645.0,101.433,105.261,97.658,100.298,63035.058139534885,54640.0,25711.919675661888,62144.5270666695,53868.07054903236,0.29616088827104076,0.2982430553776139,0.30040487379996483,0.3025168783611752,3.868130715484468,46078.74965695077,37802.293139313624,1.6645058139534885,1.04,0.35174418604651164,2.719668604651163,349,82890.0,0.06249245988659669,0.05030763662685487,0.01520086862106406,0.00579080709373869,0.007117867052720473,0.027385691880805887,0.004705030763662686,0.05368560743153577,0.009289419712872482,0.06985161056822295,0.05778742912293401,0.013753166847629388,0.10749185667752444,0.03872602243937749,0.02847146821088189,0.09385933164434793,0.12896609965013875,0.005549523464832911,0.046567740378815295,0.03390034986126191,0.04644709856436241,0.09265291349981904,12.313338345171895,11.325281770694245,5,0.8647325201250358,-2.049473912893689
32820,"Memphis, TN-MS-AR",TN,14640.0,1220.0,66401.0,72034.84524674817,1341924.0,92.179,96.221,79.807,95.372,59959.424390243905,50830.0,28650.356817979075,65046.729070877205,55142.71146356546,0.2899381216865517,0.28801943271700414,0.26726206118944645,0.26549343288420724,4.095589097694256,49164.58671741275,39260.569110101,0.9745115452930728,0.83,0.1936056838365897,1.7301278863232683,582,603990.0,0.06044802066259375,0.05273266113677379,0.019470521035116477,0.009851156476100598,0.0033278696667163364,0.014834682693422077,0.005563006010033279,0.04779880461597046,0.008079603966953095,0.06329574992963459,0.031656153247570325,0.03168926637858243,0.0824516962201361,0.02567923309988576,0.01851024023576549,0.08327952449543867,0.13308167353764136,0.0014238646335204225,0.030281958310568055,0.04524909352803854,0.054520770211427344,0.17677444990811106,14.109615708215827,13.311314576143685,4,0.6331028231372277,0.7715012305299243
32900,"Merced, CA",CA,16116.0,1343.0,65510.0,66659.88298142965,290201.0,98.275,105.168,78.63,100.267,64891.722846441946,55380.0,30500.617916056108,66030.75334158426,56352.07326380055,0.29416172248390293,0.29100758396533044,0.28908743277105564,0.2859877031419285,4.026540261010298,49631.87264964838,39953.19257186466,1.9224163568773234,0.91,0.3159851301115242,3.3964832713754647,271,72050.0,0.04718945176960444,0.033310201249132546,0.007494795281054823,0.002914642609299098,0.005968077723802915,0.02498265093684941,0.002498265093684941,0.09770992366412214,0.0033310201249132547,0.036502428868841086,0.08258154059680778,0.02387231089521166,0.09285218598195698,0.028036086051353225,0.013879250520471894,0.08341429562803608,0.09882026370575989,0.06564885496183206,0.030673143650242887,0.03900069396252602,0.06578764746703678,0.1135322692574601,12.578332511207236,11.185129480581873,5,-0.008434147379024632,-0.004942223534783319
33100,"Miami-Fort Lauderdale-West Palm Beach, FL",FL,22428.0,1869.0,76527.0,67037.79948315886,6249291.0,114.155,103.556,155.551,109.113,62752.159411764704,54360.0,29126.570779897927,54971.01258093355,47619.46476282248,0.4222538627638956,0.41258279541910103,0.4820238970381251,0.47098389011067476,2.797938265193718,35324.04135759686,27972.493539485786,0.9779268292682927,0.87,0.21951219512195122,1.4982271341463413,700,2734480.0,0.07078128199877125,0.0715821655305579,0.024395863198853163,0.009789795500424213,0.005119803399549457,0.012419180246335683,0.016533307978116498,0.04402665223369708,0.014163570404610748,0.0641291945817852,0.032715543723121035,0.033351862145636464,0.10007387144905064,0.033425002194201456,0.020343904508352592,0.11190427430443814,0.13796773061057313,0.0017297621485620667,0.03857406161317691,0.04104619525467365,0.030338492144758783,0.08558848483075393,15.64797873529592,14.821452213491032,3,7.58612557697052,-6.926674764121026
33140,"Michigan City-La Porte, IN",IN,11712.0,976.0,71055.0,77501.58155363103,111917.0,91.682,94.318,68.451,99.141,55291.76470588235,48340.0,24068.356140359425,60308.200852819915,52725.725878580306,0.24751796376976304,0.24228382292097642,0.22692941954339416,0.22213065453040962,4.720949855351977,47533.61042067401,39951.13544643441,1.454438502673797,1.07,0.34759358288770054,4.549679144385027,188,35110.0,0.04955853033323839,0.03047564796354315,0.007974935915693534,0.011677584733694105,0.0014240956992309882,0.01338649957277129,0.0031330105383081744,0.05411563657077756,0.00484192537738536,0.04386214753631444,0.03958986043862148,0.01708914839077186,0.12104813443463401,0.03076046710338935,0.015949871831387068,0.11535175163771005,0.10823127314155512,0.0,0.05126744517231558,0.04414696667616064,0.12731415551125036,0.10880091142124751,11.625521739272617,10.466269750670861,2,-4.190261680857776,-1.1640184875362263
33220,"Midland, MI",MI,12192.0,1016.0,77705.0,84534.54596882104,83757.0,91.921,93.711,66.684,99.561,66366.56976744186,58525.0,35056.16850360289,72199.57329385217,63668.8025587189,0.22757529891206305,0.20832141422595754,0.20918949051295752,0.19149112717064246,5.4434522447048765,58936.010016690256,50405.239281556984,1.510340909090909,1.06,0.3693181818181818,4.522284090909091,176,30080.0,0.09640957446808511,0.08244680851063829,0.021941489361702128,0.01695478723404255,0.01761968085106383,0.02127659574468085,0.006648936170212766,0.04055851063829787,0.007978723404255319,0.03623670212765957,0.11768617021276596,0.00964095744680851,0.09640957446808511,0.0355718085106383,0.016289893617021278,0.078125,0.12234042553191489,0.0,0.04188829787234043,0.0339095744680851,0.041223404255319146,0.05884308510638298,11.3356869675134,10.311649022192036,4,-0.13936077857294923,4.458749282861048
33260,"Midland, TX",TX,16800.0,1400.0,92952.0,97044.36069031038,180019.0,95.783,93.757,101.497,96.24,67028.88888888889,56685.0,34758.753814044896,69979.9430889499,59180.64792290907,0.3101737914410237,0.2963782096528791,0.2970937626559558,0.2838799405518172,3.9898148148148147,52440.296178746634,41641.001012705805,3.6556643356643357,0.81,0.2867132867132867,3.2614930069930073,289,111190.0,0.09200467667955751,0.044068711215037325,0.014749527835236982,0.032826693047935965,0.014389783253889739,0.004766615702850975,0.003957190394819678,0.03552477740804029,0.0041370626854933,0.024552567676949365,0.02185448331684504,0.00728482777228168,0.08409029588991816,0.021404802590160987,0.00836406151632341,0.0810324669484666,0.09874988757981833,0.0002698084360104326,0.1541505531072938,0.08507959348862308,0.04676679557514165,0.1199748178793057,12.100823234811076,11.619004722271386,4,1.4726799679402875,0.5245624444547902
33340,"Milwaukee-Waukesha, WI",WI,13668.0,1139.0,78218.0,80689.51999752417,1568938.0,96.937,93.787,97.111,99.411,66342.29949409781,60730.0,30512.989783199067,68438.57298461662,62648.936938423925,0.2432016245299029,0.2250617487238597,0.23575235877055198,0.21816810736044787,4.853841051660654,54338.69368156412,48549.05763537143,1.0523076923076924,0.95,0.24273504273504273,1.6857675213675214,608,808080.0,0.05446242946242946,0.07083457083457083,0.028623403623403623,0.019564894564894564,0.006187506187506187,0.014454014454014454,0.007722007722007722,0.05016830016830017,0.01244926244926245,0.07149044649044649,0.05982080982080982,0.0185996435996436,0.08306108306108306,0.030417780417780416,0.01881001881001881,0.08724383724383725,0.1177977427977428,0.00038362538362538364,0.034254034254034255,0.034204534204534204,0.09100584100584101,0.08844421344421344,14.265910152692978,13.602417580003538,4,2.1585369765906406,4.042942040364846
33460,"Minneapolis-St. Paul-Bloomington, MN-WI",MN,17280.0,1440.0,99833.0,95240.50294785445,3713668.0,104.822,103.065,111.838,104.419,72970.88808446455,65680.0,31752.91928351568,69614.09635807802,62658.60220182785,0.2774938216482202,0.2630937880633374,0.29087457372809744,0.27578017052375153,4.2228523197028105,53129.00735004536,46173.51319379519,0.9840548780487804,0.89,0.19969512195121952,1.513810975609756,677,1918270.0,0.07235165018480193,0.08196447841023421,0.03834183926141784,0.022442096263821047,0.009503354585120968,0.019658337981618854,0.008872577895708111,0.057551856620809375,0.013324505935035215,0.05890203151798235,0.06218624072732201,0.016212524827057713,0.08299665844745525,0.026544751260250122,0.021806106543917174,0.08357009180146695,0.11579704629692379,0.0005734333540116876,0.03488560004587467,0.03261793178228299,0.06562162782090113,0.07427525843598659,15.127530894682993,14.466934817458158,1,6.541731287586357,3.403546263381238
33500,"Minot, ND",ND,12468.0,1039.0,78200.0,89856.13825435491,76484.0,87.028,95.701,63.234,91.158,60749.93464052288,58120.0,23056.25102179256,69805.0450895377,66783.10428827503,0.23432690166054504,0.2145216792842395,0.2039300159771391,0.18669392704748797,4.872468290064395,55478.62140980245,52456.68060853978,1.3648366013071895,1.12,0.42483660130718953,5.263477124183007,153,27030.0,0.0680725120236774,0.040695523492415835,0.011468738438771735,0.003329633740288568,0.0022197558268590455,0.011838697743248243,0.005549389567147614,0.07214206437291898,0.008139104698483167,0.05068442471328154,0.04698483166851646,0.01072881982981872,0.12541620421753608,0.038845726970033294,0.01701812800591935,0.12023677395486497,0.11394746577876434,0.0,0.07214206437291898,0.058453570107288196,0.01849796522382538,0.10358860525342212,11.244849922157366,10.204739634516608,2,-3.8707011112953777,1.663896969841529
33540,"Missoula, MT",MT,14208.0,1184.0,74989.0,77753.12354191509,125631.0,96.445,96.006,94.945,98.715,59238.77281553399,50610.0,26908.01651268726,61422.33689204623,52475.504173363064,0.279610042926258,0.2807350326022525,0.26966990590022955,0.27075490219324244,4.169395609201435,46690.62451711751,37743.791798434344,1.7395081967213113,1.2,0.46885245901639344,2.975052459016393,311,60450.0,0.06220016542597188,0.06385442514474772,0.01753515301902399,0.012572373862696443,0.021339950372208438,0.027626137303556658,0.014061207609594707,0.04201819685690653,0.015053763440860216,0.06699751861042183,0.04201819685690653,0.01455748552522746,0.12009925558312655,0.04152191894127378,0.02564102564102564,0.10140612076095946,0.12489660876757651,0.0024813895781637717,0.04698097601323408,0.03672456575682382,0.025475599669148058,0.0749379652605459,11.741112277636132,11.009588398503299,3,0.24446423484509208,-1.904664734204745
33660,"Mobile, AL",AL,12624.0,1052.0,58880.0,66834.66139980477,412590.0,88.098,96.397,60.116,96.693,56042.103896103894,49440.0,25473.061178871118,63613.36681434754,56119.32166450998,0.269627839278571,0.25533980582524274,0.2375367338476355,0.22494926213592234,4.43933015653548,49283.870117487226,41789.82496764966,1.278005249343832,1.02,0.34908136482939633,2.4798162729658793,387,159770.0,0.05608061588533517,0.04481442072979908,0.01908994179132503,0.022782750203417412,0.006258997308631158,0.012205044751830757,0.006822307066407961,0.039181323152031045,0.006884897039494273,0.06690868122926708,0.0405583025599299,0.02347123990736684,0.08987920135194342,0.029542467296739063,0.015772673217750516,0.10245978594229205,0.1173561995368342,0.0,0.06046191400137698,0.06027414408211804,0.06396695249421043,0.11522814045189961,12.93021206648754,11.981496818999338,2,-2.257430612666646,0.21408232088701304
33700,"Modesto, CA",CA,19476.0,1623.0,81468.0,78253.35228800861,553990.0,104.108,105.168,108.476,100.267,70559.13580246913,61410.0,32184.377921160827,67774.94121726394,58986.82137779998,0.3266800405031649,0.31714704445530045,0.34010005656703485,0.3301754450415242,3.6228761451257516,49067.44515548194,40279.32531601798,1.3598275862068967,0.97,0.3374384236453202,2.369709359605911,407,187180.0,0.05075328560743669,0.043327278555401215,0.009562987498664388,0.0060369697617266805,0.007426007052035474,0.02265199273426648,0.0037397157816005983,0.07351212736403462,0.004060262848594935,0.06640666737899348,0.07201624105139438,0.017576664173522813,0.10359012715033658,0.026712255582861416,0.01944652206432311,0.08852441500160274,0.10487231541831392,0.03002457527513623,0.040442354952452186,0.038038251949994654,0.06165188588524415,0.10962709691206325,13.224903720110097,12.139831342148094,5,2.8938860143252816,-0.5135774161247529
33740,"Monroe, LA",LA,11172.0,931.0,51660.0,61796.4759500939,223674.0,83.597,93.691,42.815,95.705,52400.89219330855,46640.0,28184.032156595447,62682.74243490622,55791.47577066163,0.26206553733126503,0.2395368782161235,0.21907892724281763,0.20024564408233275,4.690377031266429,49318.626497731435,42427.35983348685,1.370451127819549,1.07,0.40601503759398494,3.3920263157894737,270,78640.0,0.054933875890132246,0.035096642929806715,0.0076297049847405905,0.008774160732451679,0.0013987792472024414,0.019455747711088503,0.0038148524923702952,0.06002034587995931,0.005213631739572736,0.0871057985757884,0.09003051881993897,0.020981688708036624,0.09638860630722279,0.04018311291963377,0.008519837232960325,0.10160223804679552,0.1396236012207528,0.000508646998982706,0.040437436419125124,0.046414038657171926,0.03814852492370295,0.09371820956256358,12.317949384415797,11.272648470915174,2,-4.742312017860358,0.03331436183128074
33780,"Monroe, MI",MI,12708.0,1059.0,77335.0,82718.30744876566,155505.0,93.492,93.711,74.641,99.561,62132.020725388604,55300.0,28984.425048197332,66457.0452288844,59149.44594189877,0.24608840979640453,0.22980108499095842,0.23007297608685456,0.21484563037974685,4.889205282136339,52864.43837482201,45556.839087836386,1.6512244897959183,1.05,0.34183673469387754,4.396010204081633,196,35160.0,0.060580204778156996,0.040955631399317405,0.010238907849829351,0.01877133105802048,0.002844141069397042,0.012798634812286689,0.0022753128555176336,0.06228668941979522,0.006541524459613196,0.04607508532423208,0.04436860068259386,0.022753128555176336,0.11405005688282138,0.024744027303754267,0.010523321956769055,0.10238907849829351,0.10494880546075085,0.0019908987485779293,0.040955631399317405,0.04579067121729238,0.10494880546075085,0.11916951080773606,11.95443959506604,10.467692792805359,2,-2.4793130253692355,1.572885639920175
33860,"Montgomery, AL",AL,13140.0,1095.0,64010.0,71374.41181061974,386024.0,89.682,96.397,64.347,96.693,55450.50666666667,50020.0,24330.211419355073,61830.14057075741,55774.84891059521,0.28340972491274713,0.26269492203118755,0.2541675094962499,0.23559005997600962,4.219977676306443,47178.37098488734,41123.079324725135,1.2187667560321715,1.02,0.3485254691689008,2.5640991957104555,378,155930.0,0.05297248765471686,0.0591290963894055,0.02687103187327647,0.017956775476175208,0.005835952029756942,0.013339318925158725,0.011928429423459244,0.044699544667478996,0.009683832488937344,0.061373693323927406,0.035913550952350416,0.03052651830949785,0.09145129224652088,0.02725581991919451,0.02122747386647855,0.08991214006284871,0.12601808503815815,0.0008978387738087603,0.030847175014429552,0.04655935355608286,0.09433720259090618,0.10126338741743089,12.863657413189065,11.957168880692466,4,-1.0788584872380742,0.05518142511041543
34060,"Morgantown, WV",WV,11604.0,967.0,64640.0,69264.81146126892,141323.0,93.323,96.27,69.126,99.806,59016.324110671936,50290.0,29769.276286812335,63238.77726891756,53888.10904064379,0.24081274226244528,0.2307416981507258,0.22473367546158182,0.21533507496520182,5.085860402505338,50804.54347874793,41453.87525047416,1.4293103448275863,0.96,0.3486590038314176,3.409551724137931,261,59550.0,0.07388748950461797,0.055415617128463476,0.02653232577665827,0.009907640638119228,0.006045340050377834,0.01528127623845508,0.00654911838790932,0.060453400503778336,0.0068849706129303105,0.1455919395465995,0.06213266162888329,0.00906801007556675,0.10478589420654912,0.03408900083963056,0.012426532325776658,0.08413098236775819,0.12241813602015113,0.0,0.040806045340050376,0.041981528127623846,0.01746431570109152,0.06414777497900924,11.85881040562955,10.994588367253703,2,-2.0359092953987563,0.931216131856612
34100,"Morristown, TN",TN,10476.0,873.0,60553.0,70113.7047844009,122533.0,86.364,96.247,59.024,95.142,52153.188405797104,46160.0,23277.821718525913,60387.64810082568,53448.196007595754,0.23531920622132108,0.22694974003466203,0.20323107926098175,0.19600287348353554,4.978349408724427,48257.59391158017,41318.14181835023,1.8170388349514563,1.0550000000000002,0.4077669902912621,4.168402912621359,210,41200.0,0.04951456310679612,0.03470873786407767,0.00849514563106796,0.009223300970873786,0.0007281553398058253,0.01262135922330097,0.0014563106796116505,0.03616504854368932,0.002669902912621359,0.04563106796116505,0.033737864077669905,0.0191747572815534,0.10121359223300971,0.02063106796116505,0.007766990291262136,0.08616504854368932,0.12087378640776698,0.0,0.04174757281553398,0.04733009708737864,0.17475728155339806,0.14538834951456311,11.716143821477168,10.626217806887722,2,-5.766734281419654,0.34568522918099165
34580,"Mount Vernon-Anacortes, WA",WA,18432.0,1536.0,89263.0,87134.30883515712,131328.0,102.443,105.028,108.165,99.472,72205.56420233463,62330.0,32179.41151667225,70483.64866543798,60843.591070156086,0.2974167363049318,0.2957163484678325,0.3046826271728613,0.30294069886090164,3.917402571741245,52491.204086501406,42851.14649121951,1.6124710424710424,1.17,0.4555984555984556,3.499930501930502,259,46860.0,0.045454545454545456,0.04972257789159198,0.01579172001707213,0.021553563807084935,0.0076824583866837385,0.023474178403755867,0.0038412291933418692,0.06316688006828852,0.004694835680751174,0.05953905249679898,0.051429790866410585,0.02069995731967563,0.10243277848911651,0.03286384976525822,0.01195049082373026,0.09965855740503628,0.11459667093469911,0.003201024327784891,0.06594110115236876,0.04374733247972685,0.06615450277422108,0.09240290226205719,11.78546090414376,10.754941051996274,5,1.3075792556130685,-0.05391925401569945
34620,"Muncie, IN",IN,10872.0,906.0,58127.0,65942.50578572402,112280.0,88.148,94.318,57.474,99.141,56745.09708737864,48725.0,29924.239880564244,64374.798166014705,55276.35340563598,0.23166642453710123,0.22312981250865582,0.20420931990096397,0.1966844671301299,5.219379790965658,52040.99592433027,42942.55116395154,1.27,1.04,0.375609756097561,4.1147024390243905,207,37590.0,0.05320563979781857,0.03990422984836393,0.015695663740356476,0.005054535780792764,0.0013301409949454642,0.02181431231710561,0.0031923383878691143,0.05613194998669859,0.006650704974727321,0.0779462623038042,0.03910614525139665,0.016227720138334664,0.13993083266826284,0.04628890662410216,0.019952114924181964,0.11465815376429901,0.1263633945198191,0.0,0.028465017291832935,0.035381750465549346,0.0627826549614259,0.08991753125831338,11.628759936741822,10.534519939024273,2,-4.1969379549432455,0.11202903854217341
34740,"Muskegon-Norton Shores, MI",MI,12336.0,1028.0,65024.0,70281.77995871118,175961.0,92.519,93.711,74.228,99.561,56838.1512605042,49130.0,26897.35182066007,61434.03112928609,53102.60595121002,0.2543614238559642,0.25108894768980256,0.23533264573729953,0.23230498351312845,4.6075025340875655,48100.55368141052,39769.12850333445,1.8103781512605042,0.94,0.36134453781512604,3.6757605042016808,238,54650.0,0.05434583714547118,0.036596523330283626,0.006038426349496798,0.017017383348581886,0.001646843549862763,0.0172003659652333,0.0025617566331198535,0.04958828911253431,0.004940530649588289,0.06020128087831656,0.04867337602927722,0.012076852698993596,0.12479414455626715,0.022506861848124428,0.0172003659652333,0.11399817017383349,0.09826166514181153,0.0005489478499542544,0.0344007319304666,0.04062214089661482,0.14473924977127173,0.09204025617566332,12.078023341617657,10.908722791698938,2,-3.1966017067398615,-0.37067303587348044
34820,"Myrtle Beach-Conway-North Myrtle Beach, SC",SC,15060.0,1255.0,66880.0,71420.94359368659,383016.0,93.642,96.339,83.129,98.284,52921.7076923077,46125.0,25071.002889426116,56514.926734059176,49256.74376882168,0.3376817872436972,0.3265077521340155,0.31621197921074296,0.3057483892533348,3.514057615691082,40432.39966287316,33174.216697635675,1.0810289389067524,0.91,0.2861736334405145,2.994855305466238,316,134360.0,0.045623697529026494,0.03304554927061625,0.009154510270913963,0.004391187853527836,0.000967549866031557,0.00841024114319738,0.007219410538850848,0.020541827924977673,0.009601071747543911,0.06445370646025603,0.03304554927061625,0.027463530812741888,0.1910538850848467,0.04770765108663293,0.03274784161952962,0.15071449836260792,0.12496278654361417,0.0005954153021732659,0.04413515927359333,0.045623697529026494,0.022030366180410838,0.07651086632926467,12.855834653600711,11.80828548638981,3,-1.3272819992297102,-6.593259395525943
34900,"Napa, CA",CA,26844.0,2237.0,111471.0,99037.79519164134,134869.0,112.554,105.168,197.44,100.267,74642.3396226415,66440.0,34918.09004924598,66316.91421241495,59029.44364482826,0.4264370894730248,0.40403371462974114,0.4799720016854683,0.4547561071643588,2.780596767346204,42467.02882406801,35179.55825648133,2.1528731343283583,0.925,0.30970149253731344,3.4520485074626865,272,72520.0,0.06839492553778267,0.04936569222283508,0.009652509652509652,0.003861003861003861,0.01006618863761721,0.02013237727523442,0.002482073910645339,0.03612796469939327,0.004964147821290678,0.04164368450082736,0.05405405405405406,0.021373414230557088,0.1403750689464975,0.045366795366795366,0.026061776061776062,0.10865968008825151,0.09942084942084942,0.06274131274131274,0.03667953667953668,0.029095421952564808,0.060810810810810814,0.06867071152785438,11.812066630510904,11.19163145407322,1,6.949131046379685,-5.3914002114429875
34940,"Naples-Marco Island, FL",FL,22344.0,1862.0,90045.0,87252.90697674418,398291.0,103.2,96.24,129.441,98.864,64055.36842105263,56645.0,30610.443076440573,62069.15544675643,54888.56589147287,0.41385420867850703,0.39446408335608474,0.42709754335621924,0.4070869340234794,2.8667816156933688,40417.99265605875,33237.40310077519,1.254356725146199,0.97,0.3157894736842105,2.7032017543859648,350,158220.0,0.04430539754771837,0.04986727341676147,0.013462267728479332,0.006320313487548982,0.0026545316647705727,0.008595626343066615,0.009101251422070534,0.0366578182277841,0.01080773606370876,0.06035899380609278,0.03419289596764,0.019213753002148906,0.15693338389584124,0.0652256351915055,0.026798129187207684,0.11155353305523955,0.12135001896094046,0.0024017191252686133,0.07875110605486033,0.04462141322209581,0.029515863986853748,0.06731133864239666,12.89494068360523,11.971748068868902,3,3.6777639420387875,-6.780687258167415
34980,"Nashville-Davidson--Murfreesboro--Franklin, TN",TN,18336.0,1528.0,85447.0,88695.0113143308,2079596.0,96.338,96.247,104.626,95.142,63555.398058252424,55045.0,30700.182810314083,65971.2658122988,57137.37050800307,0.3405239575125513,0.33310929896640595,0.32805397018844173,0.32091083643825624,3.466153908063505,46938.27779095728,38104.38248666155,1.0785,0.925,0.24666666666666667,1.642895,630,1080830.0,0.07819916175531767,0.06644893276463458,0.031559079596236224,0.011130335020308467,0.005958383834645597,0.014525873634151532,0.007864326489827262,0.04262464957486376,0.015423332068872996,0.06619912474672243,0.02820980172645097,0.023010094094353412,0.09584300953896542,0.024000074017190492,0.018393271837384234,0.08084527631542426,0.1357752838096648,0.000592137523939935,0.0402375951814809,0.04156990461034575,0.06173958901954979,0.10985076283966952,14.547684682905544,13.89324074767423,1,4.187584029774915,-0.24281391891295126
35300,"New Haven, CT",CT,18300.0,1525.0,88197.0,84351.41881617077,570598.0,104.559,97.33,124.293,102.658,72932.44553571429,66400.0,32695.104706338854,69752.43215382156,63504.81546304001,0.2981927492560833,0.2756026346733662,0.31178735669466817,0.288167358788125,3.985379537470726,52250.351988556016,46002.73529777446,1.0755835240274598,0.92,0.28832951945080093,2.155096109839817,456,267270.0,0.08650428405732032,0.0484154600217009,0.017809705541213007,0.013394694503685411,0.008081715119542036,0.02454446814083137,0.007445654207355858,0.06731021064840798,0.010513712724959778,0.09133086392038015,0.055861114229056756,0.021775732405432707,0.08178995023758746,0.036928948254574025,0.02218730123096494,0.07748718524338684,0.1215250495753358,0.0004489841733078909,0.027200957832903057,0.03169079956598197,0.04063306768436412,0.10712014068170764,13.254441965218817,12.496018403910577,1,4.37036368090958,2.0683917494021493
35380,"New Orleans-Metairie, LA",LA,14604.0,1217.0,62655.0,67664.1791850708,981662.0,92.597,93.691,86.009,95.705,61801.70597609562,56340.0,30111.36541417066,66742.66550330531,60844.30381113859,0.29028893709403236,0.25921274420752205,0.26879884708096113,0.2400232247538392,4.231834153389182,50971.096230002724,45072.734537836004,1.6134631147540983,0.975,0.3319672131147541,1.969485655737705,515,423980.0,0.06429548563611491,0.05186565404028492,0.014694089343836973,0.017453653474220482,0.008278692391150526,0.013137412142082174,0.016368696636633803,0.0486815415821501,0.017500825510637294,0.07663097315911128,0.03415255436577197,0.032926081418934855,0.11571300533044011,0.02846832397754611,0.02044907778668805,0.09248077739516015,0.12316618708429643,0.00040096230954290296,0.04346903155809236,0.044954950705221944,0.04033209113637436,0.09457993301570829,13.797003351248426,12.957443921889283,4,1.1982407848224323,1.221791297504068
35620,"New York-Newark-Jersey City, NY-NJ",NY,21960.0,1830.0,99155.0,88088.44824675958,19798537.0,112.563,110.261,148.616,105.836,80090.10039840637,72240.0,37511.03453326869,71151.35559500579,64177.39399269741,0.3293776483100348,0.30398671096345514,0.37075736226722456,0.34217656146179404,3.647090182076793,51642.2806769599,44668.319074651525,1.0310242587601077,0.89,0.27088948787061995,1.336710242587601,771,9286540.0,0.07250278359862769,0.07619845496815822,0.03525317287170464,0.008818138940875719,0.008489706607627814,0.017524287840250515,0.013930915066321796,0.07095645956405723,0.021011054709288927,0.0621113999401284,0.08629586476771758,0.03379407185022624,0.07204297833208062,0.03170071953601664,0.02351252457858363,0.08112817044884317,0.12088571200899366,0.00037796639006562187,0.03065835068820034,0.03153811861037588,0.026575021482705078,0.0746941271991506,16.801118654554738,16.044076705610824,1,10.267730462196544,1.99584624645415
35660,"Niles, MI",MI,11304.0,942.0,65425.0,70829.2735736711,153288.0,92.37,93.711,71.599,99.561,60074.75409836065,51530.0,29631.379824599015,65037.08357514415,55786.510771895635,0.22494694787872416,0.21942566649362344,0.20778349575557753,0.20268348814016,5.314468692353207,52799.34404932408,43548.771246075565,1.48276,1.045,0.372,3.575308,252,53390.0,0.0696759692826372,0.048510957108072676,0.013860273459449336,0.027158643940812886,0.0014984079415620902,0.012923768495973029,0.0028095148904289193,0.05038396703502528,0.009177748642067803,0.058063307735531,0.0406443154148717,0.02921895486046076,0.12755197602547294,0.03802210151713804,0.015358681401011426,0.0895298745083349,0.11593931447836674,0.0037460198539052258,0.025847536991946057,0.038771305487919086,0.10601236186551789,0.07529499906349503,11.940080307556123,10.885397471418095,2,-2.6308997706346546,1.39131854509043
35840,"North Port-Bradenton-Sarasota, FL",FL,20964.0,1747.0,80859.0,78950.76012771318,889339.0,102.417,96.24,127.95,98.864,59704.15809935205,50910.0,28373.864336745864,58295.16398581491,49708.544479920325,0.4099315419670332,0.4117855038302887,0.4198395873363764,0.4217383594578668,2.847937325861098,37825.90595248059,29239.286446586015,1.0832599118942732,0.91,0.2753303964757709,2.125160792951542,473,322840.0,0.06083508858877462,0.05225498699045967,0.018677982901746996,0.008022549869904597,0.0029426341221657788,0.011925411968777104,0.007619873621608227,0.03639573782678726,0.01158468591252633,0.0744641308388056,0.041971255110890844,0.020288687894932475,0.12671911782926526,0.04138272828645769,0.025182753066534506,0.11110766943377524,0.12529426341221658,0.0011151034568207161,0.06083508858877462,0.04454218808078305,0.03949324742906703,0.07734481476892578,13.69823489357332,12.684915220943113,3,3.6932233648894,-6.584041524628695
35980,"Norwich-New London-Willimantic, CT",CT,16380.0,1365.0,86586.0,86202.3993230126,279971.0,100.445,97.33,93.662,102.658,70926.7536231884,64650.0,32398.65671400994,70612.52787414845,64363.58205983375,0.27632534853659135,0.2533642691415313,0.27755499633757913,0.2544917401392111,4.330082638778291,54305.0959462277,48056.150131913,1.1828034682080926,0.955,0.3179190751445087,2.5186965317919077,351,108600.0,0.0712707182320442,0.050460405156537755,0.023112338858195212,0.011233885819521179,0.007826887661141806,0.021915285451197055,0.004880294659300184,0.07394106813996316,0.010405156537753223,0.06519337016574586,0.05165745856353591,0.028821362799263353,0.11988950276243093,0.0423572744014733,0.024769797421731122,0.08922651933701657,0.11464088397790055,0.00036832412523020257,0.039779005524861875,0.033793738489871085,0.04318600368324125,0.0712707182320442,12.542444877151054,11.595435894542709,5,2.5455663554430834,2.0009694942157705
36100,"Ocala, FL",FL,15324.0,1277.0,61010.0,64063.25471995296,400078.0,95.234,96.24,86.23,98.864,53703.64820846906,47310.0,23849.22123076026,56391.25544287655,49677.63613835395,0.3291928952142377,0.32390615091946734,0.3135035618283271,0.3084687837666455,3.504545041012076,40300.3635345245,33586.74423000189,1.1811935483870968,1.025,0.33225806451612905,2.998838709677419,314,110540.0,0.05934503347204632,0.042789940293106565,0.012303238646643748,0.009227428984982812,0.0008141849104396599,0.014112538447620771,0.00578975936312647,0.040980640492129544,0.005699294373077619,0.074724081780351,0.04233761534286231,0.028677401845485798,0.10448706350642302,0.03546227609914963,0.02388275737289669,0.12131355165550932,0.12529401121765876,0.0017188348109281708,0.05002713949701466,0.04921295458657499,0.042428080332911164,0.10937217296906097,12.899417306589562,11.61314177184534,3,-1.4796983375461386,-4.736015853533995
36220,"Odessa, TX",TX,15108.0,1259.0,71536.0,76186.41901678452,164654.0,93.896,93.757,89.709,96.24,57800.82987551867,48980.0,28843.303428036295,61558.351660900014,52164.096447133,0.3141721919283585,0.308452429563087,0.2949951213330515,0.2896244932625562,3.8258425917076164,45468.209375818646,36073.95416205163,2.645020746887967,0.92,0.31950207468879666,3.740804979253112,244,71310.0,0.07544523909690086,0.03000981629504978,0.005328845884167719,0.014584209788248493,0.005889777029869584,0.006731173748422381,0.003085121301360258,0.03800308512130136,0.005048380311316786,0.034357032674239237,0.024961435983733,0.0068714065348478475,0.11583228158743514,0.01921189174028888,0.007292104894124247,0.10166877015846305,0.10952180619828916,0.0,0.13251998317206562,0.08329827513672697,0.05875753751227037,0.12158182583087926,12.011607654789527,11.174805872202667,3,-1.9997352644875073,-2.982681752758848
36260,"Ogden, UT",UT,18000.0,1500.0,101203.0,100851.02990562936,653374.0,100.349,96.446,117.903,98.959,60409.32166301969,52090.0,27133.49938347866,60199.226363012785,51908.838154839614,0.3500046634875995,0.34555576886158573,0.3512261797631713,0.34676175849491264,3.356073425723316,42261.82788370556,33971.43967553239,1.274922048997773,0.94,0.3028953229398664,2.1633875278396437,462,262670.0,0.0584002741081966,0.08223245897894697,0.03491072448319184,0.03156051319145696,0.004606540526135455,0.01587543305288004,0.0038451288689229832,0.06612860242890319,0.007652187154985343,0.04541820535272395,0.03475844215174934,0.013743480412685118,0.08329843529904443,0.02961891346556516,0.02379411428788975,0.0753416834811741,0.12487151178284539,0.000380705828606236,0.06555754368599383,0.04538013476986333,0.07381886016674916,0.07880610652149084,13.389906516015223,12.478657577497755,3,3.7380568294922165,-2.3120323819466146
36420,"Oklahoma City, OK",OK,13488.0,1124.0,72094.0,79742.94310238032,1463267.0,90.408,93.778,73.885,95.458,59677.42130584193,50875.0,28830.947874641894,66009.0050723851,56272.67498451464,0.27197005468478924,0.265120600544705,0.24588268703942426,0.23969023254045685,4.4244825997806885,51089.97135855447,41353.641270684006,1.173199300699301,0.96,0.2937062937062937,1.7199877622377622,593,658550.0,0.06400425176524181,0.0681952775036064,0.029959760078961353,0.01800926277427682,0.007015412649001594,0.015230430491230735,0.010143497076911397,0.05307114114342115,0.010249791207956875,0.06341204160655986,0.03574519778300812,0.022306582643686887,0.10266494571406878,0.02874497000987017,0.01791815351909498,0.08962113734720219,0.13323210082757572,0.0011844203173639056,0.04689089666691975,0.047999392604965455,0.039738820135145396,0.0946625161339306,14.196182848461712,13.397797245913626,4,0.8520295014387209,1.284742765570686
36500,"Olympia-Lacey-Tumwater, WA",WA,20832.0,1736.0,96563.0,93144.5934214334,299067.0,103.67,105.028,116.675,99.472,74208.69186046511,69255.0,30468.072880437165,71581.64547165536,66803.31822127907,0.3273678181700215,0.3008037709719973,0.3393822170968613,0.3118432693666696,3.5622451929946775,51487.114749170556,46708.78749879425,1.7076811594202899,0.99,0.336231884057971,2.750310144927536,348,120760.0,0.06790327923153362,0.11303411725736999,0.056558463067240806,0.015402451142762504,0.024014574362371647,0.029976813514408746,0.010433918516064922,0.05539913878767804,0.01391189135475323,0.045544882411394504,0.0483603842331898,0.024511427625041403,0.08264325935740312,0.02393176548526002,0.01987413050679033,0.08032461079827757,0.12711162636634646,0.00182179529645578,0.03477972838688308,0.02989400463729712,0.02210997018880424,0.07245776747267307,12.6084262512649,11.7015686646742,1,6.537331887722016,2.29552783194122
36540,"Omaha, NE-IA",NE,14304.0,1192.0,84829.0,92294.71989206951,982064.0,91.911,94.063,86.404,92.975,63913.2643761302,57900.0,30236.011703048116,69538.21019913851,62995.72412442472,0.26226383373999673,0.24704663212435232,0.24104931222876835,0.22706303005181347,4.4682091985549635,53975.32871596457,47432.842641250776,1.1452833638025595,0.98,0.28884826325411334,1.7957915904936015,568,482550.0,0.07742202880530515,0.06397264532172832,0.035954823334369494,0.012475391151176045,0.0050979173142679515,0.0155838773184126,0.00669360688011605,0.05236763029737851,0.01112838047870687,0.07070769868407419,0.03869029116153767,0.01780126411770801,0.09768935861568749,0.02905398404310434,0.027126722619417676,0.08962801782198736,0.1178945187027251,0.0010361620557455186,0.05019168998031292,0.03800642420474562,0.050958449901564604,0.0905191171899285,13.797412776592074,13.086841893657246,4,1.9135032030129966,3.0895426107662796
36740,"Orlando-Kissimmee-Sanford, FL",FL,21120.0,1760.0,78533.0,77434.9720956832,2793746.0,101.418,96.24,123.374,98.864,59797.903921568635,50240.0,27752.674131308704,58961.82523967011,49537.55743556371,0.4124475879134673,0.42038642933211623,0.4182960947100803,0.4263475089000457,2.8313401478015447,38137.11956612103,28712.85176201463,1.0484166666666666,0.88,0.23,1.6477883333333334,621,1381720.0,0.06605535130127667,0.06562834727730654,0.031048258692064963,0.014489187389630316,0.003720001157977014,0.011131054048577135,0.009394088527342732,0.04381495527313783,0.020532379932258343,0.05582172943867064,0.026966389717164113,0.02627884086500883,0.11723069797064528,0.03997191905740671,0.03235822018932924,0.10578843759951365,0.12798540948962164,0.0007237356338476681,0.044191297802738616,0.040869351243377816,0.02649596155516313,0.08950438583794111,14.842894263517936,14.13884038159757,3,5.60051627348277,-5.7549077256988745
36780,"Oshkosh-Neenah, WI",WI,11580.0,965.0,74925.0,80626.06936478386,171769.0,92.929,93.787,74.442,99.411,63477.05685618729,59660.0,27221.374128240543,68307.04823702751,64199.5501942343,0.21430529948188135,0.19409989943010392,0.19915177175551754,0.18037509554140127,5.481611127477313,55845.92200086871,51738.42395807552,1.389403973509934,0.985,0.32450331125827814,3.076092715231788,305,87190.0,0.056887257713040484,0.06537446954926024,0.026379171923385708,0.021103337538708567,0.0027526092441793786,0.014565890583782545,0.003440761555224223,0.041633214818213096,0.01158389723592155,0.05126734717284092,0.046106204840004585,0.020415185227663724,0.0817754329624957,0.023397178575524716,0.013533662117215278,0.08544557862140154,0.12512902855832092,0.0,0.04278013533662117,0.034178231448560616,0.14107122376419315,0.0911801812134419,12.05391165163107,11.375856393561273,4,-1.315914054979945,4.716044558017175
36980,"Owensboro, KY",KY,10884.0,907.0,68002.0,76743.03126058007,112762.0,88.61,96.246,55.698,96.892,54910.346534653465,48575.0,26449.091951396873,61968.56622802557,54818.869202121656,0.23782500534711193,0.2240658798830581,0.2107367372380759,0.19854477616437777,5.045052052062979,49685.52819620073,42535.831170296806,1.320742574257426,1.11,0.36633663366336633,4.3641980198019805,205,42740.0,0.05615348619560131,0.033926064576509124,0.006551240056153486,0.004211511464670099,0.001169864295741694,0.01941974730931212,0.003743565746373421,0.05779129620963968,0.004445484323818437,0.07697707065980346,0.05404773046326626,0.018951801591015442,0.10879737950397754,0.03673373888628919,0.013804398689751989,0.09803462798315396,0.12985493682732804,0.0,0.034160037435657466,0.048900327562002806,0.08773982218062705,0.10458586803930744,11.633043550053278,10.662913925885341,2,-4.647081922663617,0.10179194840808291
37100,"Oxnard-Thousand Oaks-Ventura, CA",CA,27804.0,2317.0,109797.0,99333.23683210596,837469.0,110.534,105.168,171.096,100.267,71083.20083160083,61200.0,33391.52949227787,64308.90118117578,55367.57920639803,0.46738508313352656,0.45431372549019605,0.5166194277908122,0.5021711333333333,2.5565818167026624,39154.650000543574,30213.32802576583,1.229648033126294,1.0,0.2981366459627329,2.011006211180124,489,311100.0,0.06875602700096432,0.06499517839922854,0.02780456444873031,0.020250723240115717,0.008807457409193186,0.02070073931211829,0.005593056894889103,0.05438765670202507,0.010414657666345226,0.0486660237865638,0.07004178720668595,0.020025715204114433,0.10437158469945355,0.03008678881388621,0.01996142719382835,0.09164255866280939,0.11125040180006429,0.018772099003535842,0.04108003857280617,0.033686917389906784,0.0530697524911604,0.07563484410157506,13.638140721144252,12.647872897281076,1,8.815873109436389,-5.298623094068736
37140,"Paducah, KY-IL",KY,10488.0,874.0,64160.0,74531.8526090795,102748.0,86.084,96.025,48.794,96.897,56155.9693877551,52155.0,24734.390313562875,65233.921968954855,60586.17164629896,0.2219871318089273,0.20109289802304584,0.19109540254639698,0.17310881033415879,5.35430676847398,53050.47324445321,48402.72292179731,2.043737373737374,1.045,0.36363636363636365,4.382136363636364,198,43860.0,0.06269949840401277,0.034427724578203374,0.00980392156862745,0.008891928864569083,0.0025079799361605107,0.012311901504787962,0.0047879616963064295,0.04833561331509348,0.0047879616963064295,0.08527131782945736,0.04970360237118103,0.012311901504787962,0.11627906976744186,0.028499772001823985,0.0084359325125399,0.1069311445508436,0.13087095303237575,0.0,0.05722754217966256,0.04468764249886001,0.04263565891472868,0.12859097127222982,11.540044399951023,10.68878082152957,2,-5.011955992704472,1.6963838738917423
37340,"Palm Bay-Melbourne-Titusville, FL",FL,18672.0,1556.0,78476.0,78472.0763961802,632780.0,100.005,96.24,111.731,98.864,61957.47663551402,51365.0,30044.654684594883,61954.3789165682,51362.43187840609,0.36083188905335234,0.3635161816308755,0.36084993064780496,0.363534357439957,3.3182024761950526,43283.31246989053,32691.365431728416,1.3504872389791183,1.01,0.31786542923433875,2.2524222737819026,438,235220.0,0.0688291811920755,0.0703171499022192,0.04863532012583964,0.05573505654281099,0.006206955190885129,0.010033160445540345,0.006632089108069041,0.0400476149987246,0.009608026528356432,0.06530056967944903,0.0371141909701556,0.018875945922965733,0.11151262647734037,0.02958932063600034,0.017260437037666866,0.09046849757673667,0.1210781396139784,0.00017005356687356519,0.04935804778505229,0.0424708783266729,0.04332114616104073,0.057435592211546635,13.357879669700363,12.368280776735162,3,3.627659984420058,-2.856802173557365
37460,"Panama City-Panama City Beach, FL",FL,17472.0,1456.0,71514.0,73501.48001973359,211922.0,97.296,96.24,96.424,98.864,56776.338983050846,48380.0,25732.665524324108,58354.237566858705,49724.55188291399,0.36177488698844124,0.3611409673418768,0.3519924940442738,0.35137571558495245,3.2495615260445767,40396.6647992218,31766.979115277092,1.3064309764309765,1.07,0.3771043771043771,3.155326599326599,299,82440.0,0.06344007763221737,0.05931586608442504,0.018680252304706452,0.024866569626394955,0.004002911208151383,0.014434740417273169,0.0054585152838427945,0.05021834061135371,0.006307617661329452,0.055312954876273655,0.028990781174187286,0.02789907811741873,0.1319747695293547,0.04148471615720524,0.015526443474041727,0.11972343522561864,0.11656962639495391,0.0009704027171276079,0.06368267831149928,0.04742843279961184,0.030810286268801553,0.07290150412421155,12.263978280131143,11.319838164964791,3,0.18865216543291582,-5.613241216830999
37620,"Parkersburg-Vienna, WV",WV,9816.0,818.0,57391.0,65916.66092389681,88460.0,87.066,96.27,45.884,99.806,54304.17647058824,47250.0,31130.988208416704,62371.27750280045,54269.175108538344,0.22727224291638012,0.2077481254535193,0.19787685101757552,0.18087798290736112,5.532210316889592,51097.07172787109,42994.969333608984,1.5853571428571427,1.145,0.43452380952380953,5.031779761904762,170,31400.0,0.055414012738853505,0.07101910828025478,0.014012738853503185,0.005732484076433121,0.0022292993630573248,0.019426751592356687,0.009554140127388535,0.04203821656050955,0.0028662420382165603,0.06910828025477707,0.07070063694267516,0.013057324840764332,0.12006369426751592,0.027707006369426752,0.012420382165605096,0.12006369426751592,0.11942675159235669,0.0,0.042993630573248405,0.045859872611464965,0.050955414012738856,0.08535031847133757,11.390317055902848,10.354595018522993,2,-4.938161744340901,0.317878987657567
37860,"Pensacola-Ferry Pass-Brent, FL",FL,16248.0,1354.0,75967.0,77741.84635222121,524395.0,97.717,96.24,98.77,98.864,57225.886889460155,48800.0,25763.631544452506,58562.87738004662,49940.133241912874,0.3324508354890374,0.33295081967213114,0.32486098291482274,0.32534955245901637,3.522026519538414,41935.26908261629,33312.52494448254,1.104948717948718,1.025,0.3230769230769231,2.448297435897436,394,180410.0,0.0647968516157641,0.06623801341389059,0.025054043567429744,0.010254420486669254,0.005154924893298597,0.01596363837924727,0.01075328418602073,0.04212626794523585,0.007094950390776565,0.0788204644975334,0.039853666648190234,0.027825508563826838,0.1247159248378693,0.03353472645640485,0.014633335180976665,0.10731112466049554,0.1313120115292944,0.00033257579956765145,0.0469486170389668,0.05116124383349038,0.02522033146721357,0.0708940746078377,13.170002403077525,12.10299286036148,3,0.8320310204723805,-4.0859796846028615
37900,"Peoria, IL",IL,11460.0,955.0,71857.0,78763.79739342986,365202.0,91.231,93.643,63.763,99.59,63479.54869109948,57175.0,30321.268992791403,69581.11682553023,62670.58346395414,0.21445568399867354,0.20045480544158548,0.19565006506882984,0.18287692355241283,5.539227634476394,57019.59716664234,50109.06380506627,1.1851724137931035,0.97,0.30238726790450926,2.5390159151193634,390,158230.0,0.07887252733362826,0.05277128231056057,0.01763256019718132,0.02559565189913417,0.003981545850976427,0.019022941287998484,0.00455033811540163,0.05612083675662011,0.007141502875560892,0.0815900903747709,0.0467041648233584,0.015546988560955571,0.09081716488655754,0.04107944131959805,0.01845414902357328,0.08133729381280415,0.10668014914997156,0.0005687922644252038,0.03766668773304683,0.04070024647664792,0.08727801301902294,0.08588763192820578,12.8082086423461,11.971811269607107,4,-0.85471320422521,4.53682879674918
37980,"Philadelphia-Camden-Wilmington, PA-NJ-DE-MD",PA,17760.0,1480.0,91289.0,89015.54303098854,6272014.0,102.554,96.833,113.141,103.052,68677.91484593837,60770.0,31315.189502410318,66967.56327977296,59256.586773797215,0.30524714301644423,0.2922494651966431,0.31304315504908425,0.2997135165377654,3.8669997097938276,49649.85748575226,41938.880979776506,0.9741540577716644,0.92,0.20220082530949107,1.3726024759284732,741,2862660.0,0.0750386004625069,0.06976029287445942,0.031002633913912236,0.014797426170065603,0.012540783746585344,0.020110666303368194,0.011213347026891073,0.06787742868520887,0.010968819210105287,0.07167459635443958,0.0726142818218021,0.02424318640704799,0.08141378997156491,0.027732947678033717,0.024589018605073603,0.07736510797649739,0.11930162855525979,0.0010933886664850174,0.030691734261141735,0.03164888600113182,0.03814983267310823,0.08617160263531122,15.651608232591153,14.867262169804452,1,6.150996672109401,1.737073152949524
38060,"Phoenix-Mesa-Chandler, AZ",AZ,20424.0,1702.0,88301.0,85466.91703124394,5028754.0,103.316,95.024,121.236,104.016,65911.41092043681,58820.0,29637.625197263085,63795.93762867011,56932.13055093112,0.36109507456401635,0.3472288337300238,0.3730689872365591,0.3587429418565114,3.227154862927772,44027.46033570484,37163.65325796585,0.9748848684210527,0.89,0.23355263157894737,1.617891447368421,660,2305050.0,0.07632806229799788,0.07451465261057244,0.03579965727424568,0.016637383137025227,0.005605084488405891,0.01382616429144704,0.007249300449014121,0.044072796685538276,0.010628836684670614,0.05976876857334982,0.04523112296913299,0.023726166460597383,0.08971605821999523,0.028394178000477215,0.019925815058241685,0.09205006398993515,0.13135940652046593,0.0009891325567775102,0.05485347389427561,0.0418515867334765,0.04026376868180734,0.08720852042255049,15.430682996528514,14.650613359981563,1,5.927981632973696,-1.6642898734344618
38240,"Pinehurst-Southern Pines, NC",NC,15048.0,1254.0,86080.0,97446.11483426914,104876.0,88.336,96.621,59.318,98.186,54363.4375,47170.0,26352.434395951605,61541.65628962144,53398.38797319326,0.33214123591237915,0.3190163382724599,0.29340028215555924,0.28180627257636015,3.6126686270600743,44506.698854374205,36363.43053794603,1.3858947368421053,1.0950000000000002,0.4052631578947368,4.5432999999999995,193,34590.0,0.05117085862966175,0.04278693263949118,0.012431338537149466,0.0014455044810638912,0.0014455044810638912,0.011274934952298352,0.005203816131830009,0.055507372072853424,0.006360219716681122,0.11506215669268574,0.059554784619832324,0.0265972824515756,0.15091066782307025,0.053772766695576756,0.03700491471523562,0.11043654235328129,0.11274934952298352,0.0,0.03266840127204394,0.028620988725065046,0.022260769008383925,0.06273489447817288,11.560543513909483,10.451348811602948,3,-1.600062041600813,-4.24817706794485
38300,"Pittsburgh, PA",PA,12636.0,1053.0,75762.0,80026.6184998574,2439940.0,94.671,100.684,71.986,97.726,62921.545929339474,56600.0,29067.221076060592,66463.37941855424,59785.99571146391,0.23725910596419883,0.22325088339222615,0.22461556820736667,0.21135384381625444,4.979546211565327,53116.103061486065,46438.71935439575,1.051177394034537,0.94,0.24960753532182103,1.5505824175824177,660,1095500.0,0.07345504335919671,0.060073026015518026,0.02939297124600639,0.0181926061159288,0.0072113190324052945,0.020146052031036057,0.008443633044272023,0.05915107256960292,0.010506617982656322,0.0759926973984482,0.056558649018712916,0.021533546325878596,0.09047010497489731,0.026252852578731174,0.023413966225467823,0.08241898676403468,0.12173436786855317,0.0006389776357827476,0.041853035143769965,0.03928799634869922,0.051857599269739846,0.0814148790506618,14.707484416649168,13.906722350842436,4,1.8442995469802415,3.516648362786941
38340,"Pittsfield, MA",MA,13164.0,1097.0,76013.0,79924.50528883561,129430.0,95.106,97.015,73.452,101.197,69366.42570281125,60390.0,32588.599240828637,72935.90909386499,63497.57113115892,0.22577645314782158,0.21798310978638846,0.21472695353076718,0.2073150163934426,5.269403350259134,59094.51107481257,49656.17311210649,1.3934262948207172,1.09,0.398406374501992,3.5562629482071713,253,51190.0,0.07345184606368431,0.052549326040242234,0.016409454971674155,0.012111740574330924,0.0042977143973432315,0.026958390310607542,0.004493065051767923,0.07931236569642508,0.008790779449111155,0.06407501465129908,0.07814026176987693,0.018362961515921077,0.10490330142605978,0.04278179331900762,0.03008400078140262,0.09337761281500292,0.1250244188318031,0.001172103926548154,0.042391092010158234,0.03184215667122485,0.03360031256104708,0.055870287165462,11.770903199590675,10.843319014326264,5,-0.29501789818145885,3.341833440585099
38540,"Pocatello, ID",ID,11520.0,960.0,66499.0,74796.97658200796,89454.0,88.906,96.179,66.396,98.974,55178.245614035084,47910.0,24952.54176298351,62063.57907681719,53888.37648752615,0.24592540601312957,0.24045084533500313,0.21864244147003298,0.2137752285535379,4.789778265107213,49106.07339666061,40930.87080736958,1.2054335260115607,1.03,0.3468208092485549,4.339121387283237,174,28190.0,0.06420716566158212,0.05143667967364313,0.014189428875487761,0.010287335934728628,0.002837885775097552,0.023412557644554806,0.005321035828307911,0.004966300106420717,0.006385242993969493,0.0656261085491309,0.07591344448385952,0.020574671869457255,0.12096488116353317,0.04611564384533522,0.027669386307201137,0.10819439517559418,0.13479957431713374,0.0,0.05143667967364313,0.04398722951401206,0.03299042213550905,0.08868393047179851,11.401490984523923,10.246758057051174,2,-3.419624533310137,-1.2613704967967794
38660,"Ponce, PR",PR,6396.0,533.0,22247.0,,270459.0,,,,,35685.625,27640.0,20488.89706027722,,,0.22019577939120014,0.23140403527003134,,,5.579366010006254,,,1.6039366515837103,1.07,0.4117647058823529,4.097452488687783,226,57670.0,0.03294607248135946,0.03849488468874632,0.005722212588867696,0.011097624414773712,0.005375411825906017,0.0136986301369863,0.0012138026703658747,0.08635338997745795,0.0017340038148083927,0.07473556441824172,0.01872724119993064,0.0185538408184498,0.09918501820704005,0.07664296861453095,0.00936362059996532,0.1387203051846714,0.1532859372290619,0.0,0.02861106294433848,0.04439049765909485,0.0653719438182764,0.07577596670712676,12.507879492027351,10.96250972649727,2,-6.775905967528997,-2.1255142367784017
38860,"Portland-South Portland, ME",ME,17820.0,1485.0,92175.0,90493.62838461387,562843.0,101.858,97.171,105.164,103.191,66718.94093686354,60660.0,28517.914908226234,65501.915349666735,59553.49604351155,0.3058479428735404,0.29376854599406527,0.31153059765213076,0.29922676557863503,3.7440483129553055,48006.971408101024,42058.55210194585,1.2537316561844862,1.0,0.3081761006289308,2.0192620545073376,502,273750.0,0.07810045662100457,0.05621917808219178,0.02568036529680365,0.02352511415525114,0.006940639269406392,0.018520547945205478,0.0073059360730593605,0.05833789954337899,0.011141552511415525,0.06535159817351598,0.055378995433789956,0.01819178082191781,0.09768036529680366,0.03671232876712329,0.023050228310502283,0.09117808219178082,0.11707762557077625,0.0006575342465753425,0.049534246575342465,0.040365296803652966,0.051579908675799084,0.0674703196347032,13.240757781692375,12.519974213074212,1,3.6944653502445446,-0.05108269168464468
38900,"Portland-Vancouver-Hillsboro, OR-WA",OR,20688.0,1724.0,97436.0,92425.60780110223,2520987.0,105.421,105.222,125.114,100.136,73340.86306306307,64705.0,30140.382246814777,69569.50044399414,61377.71411768053,0.3268104331421303,0.31972883823780207,0.34452682672276524,0.3370613385586733,3.5450919887404804,49945.326892235,41753.5405659214,1.2219069069069068,0.98,0.3063063063063063,1.4666066066066066,690,1185520.0,0.062158377758283284,0.0787924286389095,0.03932451582427964,0.02466428234023888,0.010855995681220055,0.022218098387205613,0.008376071259869087,0.053596733922666846,0.015841149875160266,0.05665024630541872,0.041382684391659354,0.017890883325460558,0.08776739321141777,0.02531378635535461,0.02707672582495445,0.0802010931911735,0.11316553073756663,0.0027245428166542953,0.04959848842701937,0.03553714825561779,0.058919292799784063,0.0879445306700857,14.740161446142862,13.985692898375412,1,7.086836410280911,1.1218109739024757
38940,"Port St. Lucie, FL",FL,18960.0,1580.0,74514.0,74344.49455242048,522676.0,100.228,96.24,113.642,98.864,59156.20879120879,49695.0,28922.5539724082,59021.63945325537,49581.95314682524,0.3778380640189969,0.3815273204937008,0.3786995348049603,0.38239720278442646,3.1200532062873836,40104.76991580076,30665.08360937063,1.2043922651933703,0.965,0.31767955801104975,2.6426740331491714,370,160380.0,0.0640977678014715,0.043272228457413645,0.012969198154383339,0.0076069335328594586,0.003616411023818431,0.015837386207756578,0.007232822047636862,0.04451926674148896,0.006359895248784137,0.0850480109739369,0.04532984162613792,0.023381967826412272,0.1192168599576007,0.03878289063474249,0.017957351290684626,0.10387828906347425,0.12451677266492081,0.003304651452799601,0.05985783763561541,0.04663923182441701,0.036725277466018204,0.08984910836762688,13.166718961437113,11.985307513533002,3,1.6262176645112447,-5.547728997240166
39150,"Prescott Valley-Prescott, AZ",AZ,16212.0,1351.0,69613.0,70849.3206452598,245480.0,98.255,96.237,98.781,99.838,59259.621212121216,49005.0,27921.00443804554,60312.06677738661,49875.32441097146,0.3176941760564194,0.33082366432811655,0.3121504126842348,0.3250507913855909,3.6552936844387625,43812.1431093799,33375.40074296473,1.3516216216216217,1.07,0.3861003861003861,3.5082046332046333,266,64380.0,0.07579993786890339,0.04193849021435228,0.010096303199751475,0.0065237651444548,0.003727865796831314,0.016309412861136997,0.00403852127990059,0.04597701149425287,0.005125815470643057,0.06508232370301335,0.04628766697732215,0.02593973283628456,0.12364088226157191,0.040229885057471264,0.017241379310344827,0.11618515066790928,0.1267474370922647,0.0013979496738117428,0.062131096613855234,0.04644299471885679,0.03619136377757067,0.08294501397949673,12.410974830146356,11.07257383750632,3,-0.7803296379566803,-4.55006921248213
39300,"Providence-Warwick, RI-MA",RI,15684.0,1307.0,87040.0,85523.66541224097,1684071.0,101.773,97.116,103.851,102.275,69783.39057239058,60745.0,31622.869630300072,68567.68550832792,59686.75385416564,0.26550380543656876,0.25819501543357676,0.2702111879069591,0.2627728130572141,4.449336302753799,53156.918408999016,44275.98675483675,1.1412477718360072,0.98,0.30124777183600715,1.7369251336898395,606,688310.0,0.059057692028301204,0.06348883497261408,0.026572329328354957,0.015429094448722232,0.00661039357266348,0.023274396710784385,0.007278697098690997,0.06924205663145966,0.012973805407447225,0.0677746945417036,0.05513504089727012,0.022417224796966482,0.10357251819674275,0.030698377184698755,0.021821562958550655,0.0900030509508797,0.11244933242289085,0.00046490680071479423,0.035855937005128506,0.035420086879458385,0.06058316746814662,0.07987679969781059,14.336725228214844,13.441996049662212,4,3.4925753123235754,2.279323069712113
39340,"Provo-Orem-Lehi, UT",UT,18408.0,1534.0,100704.0,102516.49157097483,717986.0,98.232,96.446,104.081,98.959,58212.45560538116,49405.0,26768.46883496676,59260.17550836914,50294.20148220539,0.3700684880464394,0.3725952446796089,0.36352567717777834,0.36600776075367336,3.162345480518316,40520.86448955653,31554.890463392785,1.1973529411764707,0.93,0.3235294117647059,2.199952488687783,453,290320.0,0.07987737668779278,0.06802838247451089,0.05593827500688895,0.01112565445026178,0.00475337558556076,0.01787682557178286,0.005304491595480848,0.06324056213833013,0.015327914025902452,0.042918159272526867,0.037096996417745935,0.012090107467621935,0.08387296775971342,0.03330807384954533,0.02431799393772389,0.08869523284651419,0.13047671534858088,0.0006200055111600992,0.06961284100303114,0.032653623587765225,0.05914163681454946,0.0637227886470102,13.484206742016866,12.578742486356083,3,4.403625894771021,-3.469386674702922
39380,"Pueblo, CO",CO,13332.0,1111.0,64010.0,69756.54410322355,169356.0,91.762,96.052,71.285,99.822,60023.745019920316,52320.0,25269.182042929788,65412.420195636885,57017.06588784028,0.2554319191910117,0.2548165137614679,0.23438943768805617,0.2338247293577982,4.502231099603984,50883.53024118951,42488.17593339291,1.312244094488189,1.085,0.39763779527559057,3.5233779527559053,259,56160.0,0.03881766381766382,0.050035612535612534,0.01014957264957265,0.007122507122507123,0.0023148148148148147,0.031517094017094016,0.005163817663817663,0.05733618233618234,0.005163817663817663,0.08101851851851852,0.06855413105413105,0.03685897435897436,0.11182336182336182,0.03027065527065527,0.012998575498575499,0.11004273504273504,0.12001424501424501,0.002492877492877493,0.04700854700854701,0.04291310541310541,0.04237891737891738,0.0860042735042735,12.03976419190599,10.935977844808969,2,-2.8063207834098343,-0.014929221777681278
39460,"Punta Gorda, FL",FL,17568.0,1464.0,69952.0,69586.6699825914,201064.0,100.525,96.24,113.277,98.864,55752.25352112676,48330.0,24649.9606871658,55461.082836236514,48077.592638647104,0.36401371523552833,0.36350093109869647,0.3659247872405149,0.3654093109869646,3.173511698606942,37984.833147104466,30601.342949515045,1.3870422535211266,1.16,0.4507042253521127,4.116408450704225,216,49110.0,0.0570148645896966,0.04337202199144777,0.010792099368764,0.0034616167786601505,0.0014253716147424149,0.00794135613927917,0.007126858073712075,0.016289961311341885,0.004479739360619018,0.07758094074526573,0.04724088780289147,0.03400529423742619,0.15068214212991243,0.04255752392588068,0.017511708409692527,0.1301160659743433,0.13459580533496232,0.0,0.06230910201588271,0.0492771329668092,0.012217470983506415,0.09000203624516392,12.21138351784875,10.801838321277618,3,-1.3629151465875604,-8.088998424753829
39540,"Racine-Mount Pleasant, WI",WI,12960.0,1080.0,78096.0,81383.06186888424,197532.0,95.961,93.787,92.029,99.411,61715.992217898834,56870.0,27804.254857338197,64313.61930148584,59263.65919488126,0.24865044638818126,0.22788816599261474,0.23860745485856263,0.21868376296817302,4.762036436566269,50808.132697553,45758.17259094841,1.2886590038314176,0.99,0.31417624521072796,3.517915708812261,261,70300.0,0.050497866287339974,0.04907539118065434,0.016927453769559033,0.022190611664295874,0.0029871977240398294,0.013086770981507824,0.004267425320056899,0.041536273115220484,0.006116642958748222,0.04679943100995733,0.06557610241820769,0.012233285917496443,0.09004267425320057,0.02759601706970128,0.015931721194879088,0.10341394025604551,0.1085348506401138,0.000995732574679943,0.032432432432432434,0.03940256045519203,0.1310099573257468,0.11934566145092461,12.193660937973162,11.160541302448653,4,-1.3918728331271997,1.7761189025799369
39580,"Raleigh-Cary, NC",NC,18876.0,1573.0,100103.0,101982.5381786322,1487302.0,98.157,96.621,103.476,98.186,64959.47928571428,57675.0,30860.678163071076,66179.1612271303,58757.90824902962,0.34717101034965425,0.3272824822828121,0.3407726486289101,0.32125066613433984,3.441379491720401,46948.74464960654,39527.49167150586,1.136531365313653,0.95,0.2859778597785978,1.8072859778597785,568,708740.0,0.07067471851454694,0.08622343877867765,0.05619832378587352,0.023873352710443885,0.013446397832773654,0.012176538646047915,0.009594491633038915,0.05231819849310043,0.01513954341507464,0.0554222987273189,0.03180291785422017,0.02113610068572396,0.09114767051386968,0.02758416344498688,0.02284335581454412,0.10038942348392922,0.11396280723537545,0.0008042441515929679,0.04726698083923583,0.03809577560177216,0.029277309027287864,0.08062194881056522,14.212474970656581,13.471245435530776,1,5.810586826516694,-0.10311868656744151
39660,"Rapid City, SD",SD,13680.0,1140.0,75255.0,84404.44145356663,152950.0,89.16,95.473,72.552,91.899,56867.1,50275.0,24965.53448852354,63780.95558546434,56387.39344997757,0.2789638201012201,0.27210511323173336,0.24872414200224782,0.24260891895741343,4.156951754385965,48437.75235531629,41044.19021982952,1.5669594594594594,1.18,0.46283783783783783,3.091581081081081,305,65770.0,0.036186711266534895,0.05686483199026912,0.016572905580051697,0.014596320510871218,0.007754295271400334,0.017789265622624298,0.006385890223506158,0.044397141553899955,0.007906340276721909,0.08286452790025847,0.03481830621864072,0.013988140489584917,0.12102782423597384,0.048806446708225634,0.02402311084080888,0.12300440930515433,0.1268055344381937,0.001520450053215752,0.06461912726166945,0.04302873650600578,0.029344686027064013,0.07769499771932492,11.937872887642017,11.093934290680341,2,-2.4061936796192445,-1.7315142809148918
39740,"Reading, PA",PA,14172.0,1181.0,79777.0,82193.48856377498,433015.0,97.06,100.684,85.419,97.726,62049.72839506173,55930.0,26596.874121686924,63929.24829493275,57624.1500103029,0.26702749400029324,0.25338816377614876,0.2591768856766846,0.24593855176113,4.3783325144694984,49327.970734660754,43022.87245003091,1.1853694581280787,0.945,0.2684729064039409,2.3428078817733993,411,163120.0,0.06338891613536048,0.04591711623344777,0.015510053948013733,0.013854830799411477,0.004720451201569397,0.016858754291319274,0.00435262383521334,0.0579941147621383,0.007233938205002452,0.060017165277096614,0.06063021088769004,0.014651790093182933,0.08558116723884257,0.028261402648357036,0.019494850416871014,0.08484551250613045,0.1148234428641491,0.0017165277096615988,0.03359489946051986,0.04426189308484551,0.09784207945071113,0.12444825895046592,12.978529957803092,12.002247535685651,4,0.22482156455372826,1.2781622142301319
39820,"Redding, CA",CA,15804.0,1317.0,72636.0,72142.544992253,181436.0,100.684,105.168,89.366,100.267,67847.6109215017,58650.0,32635.743521967794,67386.68598933466,58251.559334154386,0.2778129955394769,0.26946291560102303,0.27971323642896695,0.27130604194373403,4.293065737882922,51690.050972847435,42554.92431766716,1.4572789115646259,1.0550000000000002,0.38095238095238093,3.1033469387755104,295,63490.0,0.06237202709088045,0.04929910222082218,0.01055284296739644,0.011655378799810994,0.007717750826901874,0.026775870215782014,0.004567648448574579,0.05685934792880769,0.004725153567490943,0.06237202709088045,0.1145062214521972,0.023940778075287446,0.09450307134981886,0.03102850842652386,0.02142069617262561,0.09938573003622618,0.11875885966293905,0.0039376279729091196,0.04599149472357852,0.04331390770200032,0.026775870215782014,0.07954008505276422,12.108663764993295,11.05865344255235,5,0.5581049481592535,0.2965451498720024
39900,"Reno, NV",NV,19104.0,1592.0,87485.0,86606.80697725067,563020.0,101.014,96.271,123.478,98.744,63870.861296660114,57180.0,27368.055019981024,63229.712016809666,56606.01500782069,0.34879671340643237,0.334102833158447,0.3523335120803736,0.33749063588667366,3.343323979096531,44317.4820288872,37693.78501989823,1.3428542510121457,0.985,0.30364372469635625,1.9735910931174088,516,266200.0,0.08031555221637866,0.05003756574004508,0.018482344102178812,0.018782870022539443,0.00912847483095417,0.010518407212622089,0.005597295266716754,0.036927122464312546,0.009466566491359879,0.051126972201352365,0.025131480090157775,0.01994740796393689,0.09552967693463561,0.03546205860255447,0.029676934635612322,0.0761457550713749,0.11769346356123216,0.00067618332081142,0.06649135987978963,0.04560480841472577,0.07306536438767844,0.12419233658903081,13.241072206603812,12.492006941510096,3,3.535281850998288,-2.103703935665763
40060,"Richmond, VA",VA,17364.0,1447.0,86679.0,88576.30444112897,1341248.0,97.858,96.773,99.136,98.612,66779.57811965812,58990.0,31933.296371845554,68241.30691375065,60281.22381409797,0.3106618908925918,0.2943549754195626,0.3040075131896725,0.2880498918460756,3.8458637479646463,50497.22875969068,42537.14566003801,1.0734895833333333,0.995,0.2777777777777778,1.7054427083333334,593,641320.0,0.059190419759246556,0.0929489178569201,0.03603505270379841,0.012864092808582299,0.008607247551924156,0.020161541819996256,0.01007297449011414,0.05878500592527911,0.012786128609742407,0.06506892035177446,0.0385922784257469,0.025759371296700556,0.0822678226158548,0.0295796170398553,0.023280109773591965,0.0913428553608183,0.12017401609181064,0.0008887918667747771,0.043737915549179815,0.04029189796045656,0.03374290525790557,0.0938221168839269,14.109111827353608,13.371285390585534,1,4.282103783574725,1.3211282310371633
40140,"Riverside-San Bernardino-Ontario, CA",CA,22152.0,1846.0,89662.0,84235.54611901318,4675704.0,106.442,101.431,129.312,101.281,72108.98383233533,61325.0,35210.03966992258,67744.85995409268,57613.536010221535,0.37097449344453437,0.36122301386577815,0.3948726703122312,0.3844930004190115,3.255190674988052,46933.52608212485,36802.2021382537,0.9683738601823709,0.795,0.21124620060790272,1.5042644376899696,679,1678100.0,0.05112329420177582,0.042726893510517845,0.012168523925868542,0.00949287885108158,0.006465645670699005,0.018932125618258744,0.004028365413265002,0.06407842202490913,0.008724152315118288,0.051975448423812645,0.07559740182349085,0.027852928907693225,0.10097729575114713,0.029372504618318335,0.020624515821464753,0.08055539002443239,0.10711518979798582,0.0038436326798164592,0.04934747631249627,0.03738156248137775,0.04490793158929742,0.152708420237173,15.357890511474462,14.333173354901119,1,6.321598651835798,-1.1253246554906622
40220,"Roanoke, VA",VA,12516.0,1043.0,68761.0,73448.482129505,314986.0,93.618,96.773,78.531,98.612,58643.37563451777,50020.0,28053.450156359253,62641.13272502912,53429.8959601786,0.25237181089584726,0.2502199120351859,0.23626544192447427,0.23425087724910035,4.68547264577483,49271.9088578241,40060.672092973575,1.1428535353535354,1.0150000000000001,0.2727272727272727,2.3998813131313135,398,144590.0,0.04917352514005118,0.06169167992253959,0.01957258454941559,0.0134172487723909,0.004564631025658759,0.01770523549346428,0.007192751919219863,0.05297738432810015,0.012103188325610347,0.0871429559443945,0.04675288747492911,0.02759526938239159,0.0849989625838578,0.029531779514489244,0.02289231620444014,0.09606473476727298,0.11667473545888374,0.0002074832284390345,0.043294833667611866,0.043640639048343595,0.07006017013624732,0.09274500311224843,12.660286647114877,11.88166434610587,4,-0.7417289784432689,0.6091914270444678
40340,"Rochester, MN",MN,15312.0,1276.0,91882.0,101168.2320168243,228522.0,90.821,95.433,78.628,92.193,69535.5081967213,61570.0,31445.963538257805,76563.24880448499,67792.69111769304,0.2620742287822324,0.24869254507065128,0.23801843532231126,0.2258650563586162,4.54124269832297,59703.71191323737,50933.154226445426,1.2934920634920635,0.92,0.27936507936507937,2.731968253968254,319,104570.0,0.05814287080424596,0.04456345032035957,0.029740843454145547,0.00946734245003347,0.004303337477287941,0.023046762933919863,0.0036339294252653725,0.054413311657263076,0.008319785789423353,0.14191450702878455,0.06942717796691211,0.016161422970259156,0.0956297217175098,0.03165343788849574,0.022281725160179785,0.078033852921488,0.13435975901310127,0.0,0.03882566701730898,0.030792770393038155,0.04207707755570431,0.06321124605527398,12.339392140706018,11.557621545519082,4,0.9564829501976251,4.644189780816418
40380,"Rochester, NY",NY,13716.0,1143.0,76284.0,78614.93275622198,1058413.0,97.035,99.693,87.481,97.754,66813.91484794275,60470.0,29928.68859818409,68855.4798247465,62317.72041016129,0.23952373161743856,0.22682321812468992,0.23242185297498147,0.22009790970729284,4.871239052780895,54720.37393511904,48182.61452053383,1.1550970017636686,1.01,0.31393298059964725,1.720278659611993,572,478760.0,0.05543487342300944,0.058129334113125576,0.02872002673573398,0.019028323168184477,0.008292254992062828,0.0243963572562453,0.007435876013033671,0.08129334113125575,0.012783022808923052,0.07375302865736486,0.055246887793466454,0.024563455593616845,0.08331940847188571,0.03260506307962236,0.02019801152978528,0.08131422842342718,0.1235901077784276,0.00041774584342885786,0.03784777341465453,0.03956053137271284,0.06109532960147047,0.07097501879856295,13.872282119208627,13.078956795714342,4,1.802227450009121,3.8435668155535065
40420,"Rockford, IL",IL,12276.0,1023.0,68033.0,73825.33585085835,336522.0,92.154,93.643,70.076,99.59,61050.14880952381,52915.0,28682.30660037801,66247.96407049483,57420.18794626386,0.23770536809852624,0.23199495913241536,0.21905500491751587,0.21379263463888604,4.973130401557821,52926.78430618726,44099.00818195629,1.1962611275964392,0.96,0.29080118694362017,2.8491097922848665,342,133700.0,0.06551982049364248,0.03709798055347793,0.011742707554225879,0.014584891548242334,0.002617801047120419,0.016903515332834705,0.003964098728496635,0.05175766641735228,0.006881077038145101,0.07367240089753178,0.04891548242333583,0.01712789827973074,0.09498878085265519,0.028197456993268512,0.013238593866866119,0.08302169035153328,0.10882572924457741,0.0002991772625280479,0.03275991024682124,0.04008975317875842,0.12587883320867613,0.1219147344801795,12.726421776399766,11.803361242493628,4,-1.7659141328520334,2.4720806672119733
40580,"Rocky Mount, NC",NC,11040.0,920.0,59636.0,67758.94196245966,144952.0,88.012,96.621,56.103,98.186,55963.455284552845,47615.0,26680.028819478364,63586.16470998596,54100.577194018995,0.23718808245067868,0.23185973108537977,0.20875397512649133,0.20406438652286446,5.06915355838341,51042.42067508163,41556.83315911467,1.505650406504065,1.0550000000000002,0.37398373983739835,3.675723577235772,248,49290.0,0.053763440860215055,0.0505173463177115,0.00953540271860418,0.021505376344086023,0.002028809089064719,0.017244877257050113,0.00426049908703591,0.05315479813349564,0.004869141813755326,0.05842970176506391,0.04382227632379793,0.024142828159870157,0.09454250355041591,0.028403327246906068,0.016433353621424222,0.10651247717589775,0.11259890444309191,0.0,0.03834449178332319,0.041996348143639686,0.10123757354432948,0.11665652262122134,11.884164830927624,10.805496787584513,2,-3.89581479259049,0.8157067051930551
40660,"Rome, GA",GA,12168.0,1014.0,65565.0,72719.91215714111,99693.0,90.161,96.269,60.276,98.667,54535.62814070352,49650.0,24579.965572758487,60486.93796730683,55068.1558545269,0.26570970700495744,0.24507552870090635,0.2395665289327397,0.22096254743202418,4.481889229183392,46991.080556674744,41572.29844389481,1.3644897959183673,1.02,0.3622448979591837,4.337030612244898,203,37600.0,0.05053191489361702,0.043617021276595745,0.010904255319148936,0.002925531914893617,0.0,0.015957446808510637,0.002127659574468085,0.05638297872340425,0.0047872340425531915,0.10398936170212766,0.05319148936170213,0.013031914893617021,0.11648936170212766,0.03377659574468085,0.007978723404255319,0.0925531914893617,0.11090425531914894,0.0,0.01675531914893617,0.043882978723404256,0.08164893617021277,0.13856382978723406,11.509860773597383,10.534785924769006,2,-4.235437477233284,-0.4723092366391936
40900,"Sacramento-Roseville-Folsom, CA",CA,21828.0,1819.0,97188.0,91110.90278428799,2426388.0,106.67,105.168,130.23,100.267,77105.67345679011,66425.0,35676.33863575352,72284.30998105383,62271.49151589013,0.34014191851906084,0.3286125729965652,0.36282938448428215,0.3505310316154361,3.532420444236308,51821.19945325783,41808.380988094126,1.1276780185758515,0.88,0.25232198142414863,1.5207229102167183,659,1047540.0,0.06481852721614449,0.08682246024018175,0.03556904748267369,0.01622849724115547,0.01455791664280123,0.0221853103461443,0.009918475666800312,0.06119098077400386,0.01109265517307215,0.058785344712373754,0.0729995990606564,0.02686293602153617,0.08750978482921894,0.030041812245833095,0.022710349962769917,0.07465108730931516,0.11157569162036772,0.004668079500544132,0.051778452374133685,0.033125226721652634,0.02885808656471352,0.07404967829390763,14.701914701881016,13.861956070823904,1,8.161921289503798,1.4388446591592667
40980,"Saginaw, MI",MI,11364.0,947.0,60622.0,66697.47279708661,188665.0,90.891,93.711,63.647,99.561,59321.05072463768,52285.0,26879.89437176825,65266.14375970962,57524.94746454544,0.2258077324135344,0.217349952646371,0.20523890606798556,0.19755154545981307,5.220085421034643,52763.25568498275,45022.05938981857,1.2208992805755396,0.965,0.3129496402877698,3.2732589928057556,281,72550.0,0.05651274982770503,0.05444521019986216,0.01764300482425913,0.025361819434872503,0.0022053756030323913,0.02343211578221916,0.0042729152308752585,0.03997243280496209,0.006202618883528601,0.0793935217091661,0.05623707787732598,0.008270158511371467,0.09731219848380428,0.03790489317711923,0.016402481047553413,0.1093039283252929,0.12915230875258443,0.0,0.035975189524465885,0.04989662301860786,0.0760854583046175,0.07401791867677464,12.147733534942063,11.19204504181486,4,-2.917933683903433,1.8353566028009956
41060,"St. Cloud, MN",MN,12504.0,1042.0,76497.0,87293.45444586451,202458.0,87.632,95.433,65.057,92.193,64866.851851851854,59530.0,28817.330386691887,74021.877683782,67931.80573306554,0.2236348658352055,0.21004550346033535,0.1959757056287073,0.18406707559236107,5.187688087960001,59753.11741356108,53663.04546284462,1.4015076923076923,1.04,0.3261538461538461,2.859003076923077,330,96200.0,0.058731808731808735,0.051871101871101874,0.016112266112266113,0.008835758835758836,0.002182952182952183,0.018607068607068608,0.004573804573804574,0.05758835758835759,0.0079002079002079,0.07453222453222454,0.0579002079002079,0.008627858627858628,0.08388773388773389,0.03024948024948025,0.015904365904365905,0.09698544698544699,0.12525987525987525,0.00031185031185031187,0.058212058212058215,0.041372141372141374,0.08471933471933472,0.09563409563409564,12.218292675893286,11.474195031610165,4,-1.7340704231823512,5.0331580491465395
41100,"St. George, UT",UT,18792.0,1566.0,80632.0,82851.59420885523,196431.0,97.321,96.446,98.148,98.959,56701.474820143885,48820.0,27164.0900600735,58262.322438265,50163.89062997708,0.38947142117700184,0.38492479279922776,0.37903748180367,0.3746126576001364,3.0173198605866265,38953.02639732831,30854.594589040393,1.3979136690647482,1.0150000000000001,0.3381294964028777,3.3319712230215828,280,80330.0,0.06311465206025146,0.04195194821361882,0.014066973733349931,0.005103946221834931,0.000995891945723889,0.01991783891447778,0.005477405701481389,0.0484252458608241,0.007967135565791112,0.05489854350802938,0.04718038092866924,0.014066973733349931,0.11166438441429105,0.04780281339474667,0.02527075812274368,0.09187103199302876,0.13432092617950953,0.0004979459728619445,0.09722395120129466,0.0403336238018175,0.03684800199178389,0.09099962654052035,12.188071594420622,11.293910877739696,3,1.1179248300214457,-6.143771276620551
41140,"St. Joseph, MO-KS",MO,10740.0,895.0,65005.0,75252.94621564678,120012.0,86.382,94.18,55.359,93.088,57845.27027027027,49395.0,28004.985442865876,66964.4952308007,57182.05181635063,0.22018524048956223,0.21743096975759402,0.19020041443969365,0.18782122029600484,5.385965574513061,54531.34943653802,44748.90602208793,1.2654260089686098,1.01,0.33183856502242154,3.875596412556054,224,46520.0,0.06534823731728288,0.04578675838349097,0.010103181427343079,0.007308684436801376,0.00408426483233018,0.015262252794496991,0.003654342218400688,0.040842648323301804,0.0066638005159071366,0.06233877901977644,0.06663800515907137,0.022570937231298365,0.09114359415305245,0.024935511607910577,0.014402407566638005,0.088134135855546,0.12016337059329321,0.0006448839208942391,0.04428202923473775,0.04621668099742046,0.10382631126397249,0.11564918314703354,11.695355349229885,10.747659102532259,2,-3.9566984610786475,2.5785099756344185
41180,"St. Louis, MO-IL",MO,13356.0,1113.0,80196.0,84338.71781928319,2810850.0,95.088,99.996,79.024,98.642,63748.50748091603,58620.0,27325.65235755449,67041.5904014345,61648.15749621404,0.24362628518226778,0.2278403275332651,0.23165936205411478,0.2166488106448311,4.7730239204040155,52995.654005674776,47602.22110045432,0.9744080996884736,0.91,0.19314641744548286,1.529177570093458,668,1315170.0,0.07694822722537771,0.06689629477558034,0.03205669229073048,0.013093364355938776,0.005809134940730096,0.014728134005489784,0.008173848247755043,0.056722705049537324,0.011009983500231909,0.06519309290814115,0.05560497882403035,0.02157135579430796,0.09218580107514618,0.029851654158777954,0.0226282533816921,0.08173848247755043,0.12168008698495252,0.0008287901944235346,0.04254202878715299,0.03852733867104633,0.05655542629469954,0.0856543260567075,14.848997842436129,14.089477253162604,4,2.5050733216412753,3.4829194195042863
41420,"Salem, OR",OR,16788.0,1399.0,78900.0,76122.297369005,438906.0,103.649,105.261,110.333,100.298,68318.69463869464,60250.0,29405.535299259147,65913.51063560153,58128.8772684734,0.2875189685609681,0.2786390041493776,0.29801053572375785,0.28880654141078843,4.0694957492670145,49716.53816119271,41931.904794064576,1.5687906976744188,0.99,0.313953488372093,2.2459744186046513,437,179940.0,0.05896409914415916,0.08124930532399689,0.027342447482494165,0.009781038123819051,0.008169389796598866,0.02750916972324108,0.007891519395354006,0.05807491386017562,0.008169389796598866,0.05729687673669001,0.05863065466266533,0.022062909858841837,0.08475047237968211,0.03067689229743248,0.03278870734689341,0.07274647104590419,0.12409692119595421,0.01689452039568745,0.052850950316772255,0.03239968878515061,0.039791041458263864,0.08786262087362454,12.99204282451246,12.100384298363693,5,3.312556110584454,0.5933302882783805
41500,"Salinas, CA",CA,24660.0,2055.0,97230.0,89167.47675207719,437613.0,109.042,105.168,145.669,100.267,72037.29867374006,61480.0,34187.68867509995,66063.80905865635,56381.94457181637,0.40936713636740585,0.4011060507482108,0.4463821128377467,0.437374059856864,2.9212205463803755,43448.669937950566,33766.80545111058,1.6246195652173914,0.83,0.25271739130434784,2.5877146739130437,378,177290.0,0.047323594111342994,0.03688871340741159,0.010942523548987535,0.0042303570421343565,0.0055276665350555585,0.017259856731908173,0.003553499915392859,0.06086073664617294,0.011055333070111117,0.04235997518190535,0.05527666535055559,0.02938688025269333,0.1045180213209995,0.03570421343561397,0.01951604715437983,0.0728749506458345,0.08855547408201252,0.17383947205144115,0.03068418974561453,0.02820238028089571,0.03333521349201873,0.0881042359975182,12.989092522265539,12.085547729352575,5,6.760726530777177,-3.6938959649678393
41540,"Salisbury, MD",MD,15288.0,1274.0,73802.0,77185.01940031584,129736.0,95.617,96.592,87.212,98.995,61384.125,51300.0,29745.68783601863,64197.91982597236,53651.54731899139,0.2976588692551509,0.29801174120230595,0.28461248101569764,0.2849498865854089,4.0151834772370485,48209.13122143551,37662.75871445454,1.4347302904564314,1.09,0.3983402489626556,3.685240663900415,243,47710.0,0.07776147558163907,0.04715992454412073,0.013623978201634877,0.003353594634248585,0.0035631942988891218,0.023475162439740096,0.005449591280653951,0.07000628798993921,0.005659190945294487,0.08006707189268497,0.0538671138126179,0.030182351708237267,0.09851184238105219,0.03835673862921819,0.020750366799413122,0.09662544539928736,0.14273737162020542,0.002934395304967512,0.026199958080067073,0.04695032487948019,0.028924753720394047,0.08383986585621463,11.773264603330286,10.77291725825696,2,-0.8616878085781627,-1.824472558530997
41620,"Salt Lake City-Murray, UT",UT,18996.0,1583.0,98083.0,97238.96577705516,1275870.0,100.868,96.446,123.311,98.959,65282.65081433225,58900.0,29511.280596547815,64720.87363121331,58393.147479874686,0.34324829679863494,0.3225128171144253,0.3462276920148471,0.32531222836697854,3.4366524960166482,45888.34002293319,39560.613871594556,1.1338666666666668,0.975,0.295,1.6286166666666666,628,797980.0,0.08472643424647235,0.08387428256347276,0.04605378580916815,0.01924860272187273,0.011228351587759092,0.013007844808140556,0.008935061029098473,0.048660367427755084,0.018396451038873156,0.053084037193914635,0.025627208701972482,0.016454046467330008,0.0683601092759217,0.026341512318604477,0.020063159477681145,0.08054086568585679,0.1488508483921903,0.0004762024110879972,0.05412416351287,0.03662999072658463,0.05318429033309106,0.08213238427028247,14.059139640597525,13.589840066624685,1,5.970003440837367,-0.08022357248328134
41660,"San Angelo, TX",TX,13860.0,1155.0,68419.0,74004.08856391897,120986.0,92.453,93.757,81.442,96.24,53710.08849557522,46825.0,25092.27658049651,58094.47881147742,50647.355953836,0.30891388764814864,0.2959964881474978,0.28560015654734294,0.27365763318700614,3.8751867601425123,43103.07777527525,35655.95491763382,1.3987665198237884,1.05,0.3392070484581498,3.868801762114537,227,44080.0,0.07554446460980037,0.0426497277676951,0.018148820326678767,0.007713248638838476,0.001134301270417423,0.014745916515426498,0.004990925589836661,0.06306715063520871,0.006125226860254083,0.06374773139745916,0.04401088929219601,0.022005444646098004,0.12522686025408347,0.028811252268602542,0.016560798548094374,0.10208711433756806,0.14292196007259528,0.002268602540834846,0.04310344827586207,0.0573956442831216,0.03312159709618875,0.08461887477313974,11.703438380790471,10.69378412959488,2,-2.520623814100442,-3.421544843234526
41700,"San Antonio-New Braunfels, TX",TX,16356.0,1363.0,76213.0,80464.75780227206,2662733.0,94.716,93.757,94.575,96.24,61994.39803278688,51880.0,30520.974134987362,65452.93090162896,54774.2725621859,0.3194721786194416,0.3152682942705721,0.3025912687011903,0.29860951760131504,3.7903153602828863,48184.465172501885,37505.80683305883,0.9825287356321839,0.92,0.20689655172413793,1.6237290640394089,620,1102080.0,0.07612877468060394,0.0705030487804878,0.028745644599303136,0.012639735772357724,0.007068452380952381,0.01328397212543554,0.007050304878048781,0.06111171602787457,0.008928571428571428,0.06275406504065041,0.05113058943089431,0.02498003774680604,0.10415759291521487,0.02498911149825784,0.01714939024390244,0.08414997096399536,0.13026277584204413,0.0005897938443670151,0.03864510743321719,0.044688225900116146,0.039253048780487805,0.09179006968641115,14.794863972461897,13.912710768716128,4,2.8943426018197966,-0.06076323151658209
41740,"San Diego-Chula Vista-Carlsbad, CA",CA,26952.0,2246.0,106268.0,94977.96884356538,3288774.0,111.887,107.963,179.267,99.597,75658.28719512194,65590.0,34912.412964381314,67620.26615703518,58621.64505259771,0.42713824840312903,0.41091638418100107,0.47791217199080904,0.4597620147685967,2.8071492726002507,43531.676776678214,34533.05567224074,1.1314723926380368,0.97,0.2852760736196319,1.5041334355828222,673,1503720.0,0.07421594445774479,0.07278615699731333,0.038810416832921024,0.025543319234963956,0.01655228366983215,0.02265714361716277,0.009004335913600937,0.05617402175937009,0.013892213976006172,0.05387971164844519,0.05630037506982683,0.021992126193706274,0.10543186231479265,0.032692256537121274,0.026387891362753706,0.07969568802702631,0.11049264490729657,0.0014031867634932036,0.043232782698906715,0.030178490676455724,0.04242146144228979,0.06625568589897056,15.006025712980115,14.223453260964533,1,10.710408338846028,-2.661287552356647
41780,"Sandusky, OH",OH,11184.0,932.0,73502.0,82326.58684378534,114575.0,89.281,93.628,59.462,98.939,57026.26728110599,49310.0,26071.55364786333,63872.79183824776,55230.11615013272,0.22899681919176987,0.2268099776921517,0.20445065014260405,0.20249821618332997,5.098915171772711,51346.05042630122,42703.37473818617,1.5011059907834101,1.05,0.41013824884792627,4.043101382488479,218,43210.0,0.06410553112705392,0.03702846563295534,0.005785697755149271,0.011571395510298541,0.0025457070122656793,0.01133996760009257,0.004165702383707475,0.03563989817171951,0.0071742652163850965,0.05276556352696135,0.0372598935431613,0.029159916685952327,0.17218236519324231,0.047905577412635965,0.027308493404304558,0.10853968988660033,0.10691969451515852,0.0,0.03540847026151354,0.049294144873871786,0.08169405230270771,0.0722055079842629,11.64899363724672,10.673850371449209,2,-3.7410480540044233,-0.8699973018895276
41860,"San Francisco-Oakland-Fremont, CA",CA,29688.0,2474.0,136027.0,117657.18388070544,4645029.0,115.613,108.465,194.718,106.207,89014.94227405248,78500.0,40357.845397398065,76993.886737696,67898.93870066514,0.4025294251359215,0.3781911073514452,0.465376344282393,0.4372380849422264,2.998347557061859,51315.113589347624,42220.16555231677,1.1043045387994144,0.9,0.30307467057101023,1.4495007320644218,702,2381660.0,0.09793169470033505,0.09043692214673799,0.07279796444496696,0.021846107336899474,0.016400325823165356,0.01955778742557712,0.011286245727769708,0.05405893368490885,0.02136744959398067,0.04801692936859166,0.06483713040484368,0.02127927579923247,0.0797552967258131,0.02651511970642325,0.02024638277503926,0.0742927202035555,0.09794009220459679,0.0007305828707708069,0.036667702358858946,0.025704760545165975,0.03411486106329199,0.0642157150894754,15.351308388766808,14.68330870138895,1,14.994955004894148,1.5726037469743026
41940,"San Jose-Sunnyvale-Santa Clara, CA",CA,34080.0,2840.0,162111.0,146809.08868623385,1969337.0,110.423,105.168,211.901,100.267,90391.96970740103,79150.0,43102.189540616346,81859.73004482854,71678.9074739864,0.46040156236799207,0.43057485786481364,0.5083892172136079,0.47545367530006316,2.652346528973035,50996.59464731173,40815.77207646958,1.1024957555178267,0.83,0.2597623089983022,1.66930220713073,600,1115600.0,0.10665112943707422,0.08744173538902833,0.14009501613481534,0.038705629257798496,0.009286482610254571,0.014835066332018644,0.008130154177124418,0.04497131588382933,0.013598063822158479,0.0484671925421298,0.056803513804230904,0.017784152025815705,0.07217640731444962,0.027689135891000357,0.019209394048045895,0.0670311939763356,0.08636608103262818,0.001389386877016852,0.0332287558264611,0.022714234492649695,0.03895661527429186,0.0444693438508426,14.493208003630736,13.9249038311137,1,17.148209698710616,1.910692687637588
41980,"San Juan-Bayamon-Caguas, PR",PR,7476.0,623.0,29276.0,,2052186.0,,,,,41407.45968992248,34870.0,22652.331865768167,,,0.2238907665200072,0.2143966113429118,,,5.538718524601723,,,1.2948015873015875,0.85,0.31547619047619047,1.9398353174603176,523,676090.0,0.04496442781286515,0.07482731588989631,0.01715747903385644,0.012557499741158721,0.008904139981363428,0.01720185182446124,0.0078096111464449995,0.05608720732446863,0.006892573473945777,0.05622032569628304,0.017837861823130057,0.06326080847224481,0.08022600541348045,0.04755284059814522,0.009451404398822642,0.11174547767309086,0.16694522918546348,0.00156783860136964,0.03821976364093538,0.038486000384564185,0.047730331760564425,0.0743540061234451,14.534416611724945,13.424082961349878,2,-2.4132177886356017,0.27017737025212923
42020,"San Luis Obispo-Paso Robles, CA",CA,23904.0,1992.0,97446.0,89732.58683561088,281555.0,108.596,105.168,144.362,100.267,71122.45108695653,61205.0,32691.035826576306,65492.69870617381,56360.271096541306,0.399979463955744,0.39055691355024325,0.4343616986773798,0.42412918583902215,2.9753368091932946,43480.838232491544,34348.41062285904,1.4436021505376344,1.01,0.3521505376344086,2.522744623655914,378,113580.0,0.06541644655749251,0.05053706638492692,0.014967423842225745,0.016288078887128014,0.009860891001936961,0.029054410987849975,0.004842401831308329,0.05141750308152844,0.010036978341257264,0.04551857721429829,0.05502729353759465,0.02579679521042437,0.13426659623173093,0.04085226272231027,0.024388096495861947,0.09711216763514703,0.1109350237717908,0.03574572988202148,0.051945765099489345,0.03636203556964254,0.037066384926923754,0.05256207078711041,12.548086641057722,11.640271517759631,1,5.906780445033907,-4.383951692533233
42100,"Santa Cruz-Watsonville, CA",CA,27168.0,2264.0,111093.0,101089.21161825726,264926.0,109.896,105.168,164.328,100.267,75407.54461538461,63150.0,36842.60681169119,68617.18771873828,57463.41996069011,0.43641147880013303,0.43021377672209027,0.4795987587421942,0.4727877320665083,2.7756016127570895,43895.63279408224,32741.86503603407,1.2641744548286604,1.01,0.3302180685358255,2.8299657320872273,330,89580.0,0.07144451886581826,0.05949988836793927,0.023219468631390936,0.012391158740790355,0.009153828979682964,0.029359231971422192,0.0041303862469301185,0.058606831882116545,0.009600357222594329,0.04967626702388926,0.07211431123018532,0.022438044206296047,0.12324179504353651,0.039852645679839246,0.02567537396740344,0.09220808216119669,0.12000446528242911,0.0053583389149363695,0.038289796829649475,0.027796383121232417,0.03784326858673811,0.06809555704398303,12.487209595320948,11.402898522905057,1,7.88530850351393,-4.415507152701822
42140,"Santa Fe, NM",NM,16668.0,1389.0,79071.0,80058.11657739934,156105.0,98.767,96.144,107.978,98.54,62278.682170542634,55290.0,29069.02346321282,63056.16468106011,55980.23631374852,0.31475592708752903,0.3014653577279933,0.31087498650653983,0.29774828986720714,3.7364220164712405,46180.08258886332,39104.15422155174,1.554396887159533,1.15,0.4396887159533074,3.539326848249027,263,55900.0,0.07495527728085867,0.07924865831842576,0.025402504472271915,0.008944543828264758,0.0075134168157423974,0.013595706618962432,0.013774597495527728,0.04382826475849732,0.012164579606440072,0.046511627906976744,0.03738819320214669,0.023971377459749553,0.14955277280858675,0.046511627906976744,0.021645796064400716,0.1,0.15456171735241503,0.0012522361359570662,0.036135957066189626,0.03309481216457961,0.017889087656529516,0.05205724508050089,11.958290542664269,10.93133754807084,3,1.2501302143230795,-3.0554659429629263
42200,"Santa Maria-Santa Barbara, CA",CA,25572.0,2131.0,98161.0,90223.16586701962,443701.0,108.798,105.168,151.394,100.267,75982.33818181818,63945.0,35865.29804610624,69837.9916743122,58774.05834666079,0.4088051883871889,0.3999064652136485,0.4447718688614937,0.4350902360231452,2.9713099554910913,46333.88314290537,35269.94981525396,1.4585972850678735,0.99,0.33710407239819007,2.1700701357466063,448,193590.0,0.06766878454465623,0.054083372075003876,0.03290459217934811,0.017562890645177954,0.01079601219071233,0.021127124334934657,0.0053721783149956095,0.07304096285965184,0.011829123405134563,0.0422025931091482,0.05248204969264941,0.015599979337775712,0.11875613409783563,0.04106617077328374,0.02195361330647244,0.08166744150007749,0.10300118807789659,0.06792706234826179,0.03920657058732373,0.028152280593005837,0.03517743685107702,0.058422439175577254,13.00290844490699,12.173502965140726,1,7.870571474896266,-2.803327831984141
42220,"Santa Rosa-Petaluma, CA",CA,25896.0,2158.0,104674.0,97114.59956950937,485040.0,107.784,105.168,139.569,100.267,74932.04275534442,63130.0,33441.824762358054,69520.56219415164,58570.84539449268,0.4065091968434686,0.41020117218438146,0.4381518727257642,0.4421312314272138,2.893575948229241,45494.73275750057,34545.015957841606,1.320683962264151,0.995,0.330188679245283,2.256320754716981,425,196160.0,0.0733584828711256,0.054700244698205544,0.014121125611745514,0.0116231647634584,0.009940864600326265,0.02161500815660685,0.004435154975530179,0.05046900489396411,0.009533034257748776,0.05077487765089723,0.07075856443719412,0.019168026101141926,0.11240823817292006,0.0432300163132137,0.0283442088091354,0.09900081566068515,0.10710644371941272,0.016109298531810767,0.055974714518760196,0.034359706362153346,0.04766517128874388,0.06530383360522023,13.091988702429122,12.186691029596272,1,7.083931548935335,-3.6726441247918933
42340,"Savannah, GA",GA,17448.0,1454.0,77180.0,81066.31934962083,418285.0,95.206,96.269,86.012,98.667,59256.901041666664,52180.0,28116.034571609765,62240.72121680006,54807.47011742958,0.3525628748734045,0.3343830643850642,0.3356610106519735,0.31835274027844424,3.396200197252789,43914.14516066914,36480.894061298655,1.1982051282051283,0.92,0.26153846153846155,2.387297435897436,394,181560.0,0.05816259087904825,0.06163251817580965,0.014210178453403834,0.011456267900418595,0.002974223397224058,0.011456267900418595,0.006994932804582507,0.04296100462656973,0.00760079312623926,0.0655981493721084,0.032275831680987,0.029356686494822648,0.11885877946684292,0.028860982595285304,0.018396122493941396,0.10183961224939414,0.11643533818021591,0.00038554747741793345,0.03133950209297202,0.05595946243666006,0.05783212161269002,0.12541308658294778,12.943920688067902,12.10934696437634,3,1.0524751920836606,-2.6362728806670943
42540,"Scranton--Wilkes-Barre, PA",PA,12036.0,1003.0,65158.0,69645.98742998845,569788.0,93.556,100.684,66.987,97.726,59318.923766816144,51295.0,27701.782187563454,63404.724193869064,54828.12433195092,0.23999877383652904,0.2346432543315118,0.2245332528505031,0.21952284302238917,4.928458272417426,50539.702174971295,41963.10231305315,1.033905191873589,0.9,0.2325056433408578,2.1773972911963884,450,245100.0,0.056140350877192984,0.043451652386780906,0.014769481844145246,0.010281517747858017,0.0030599755201958386,0.022725418196654426,0.005793553651570788,0.053039575683394534,0.00726234190126479,0.06858425132598939,0.05960832313341493,0.02386780905752754,0.08355773153814769,0.026805385556915546,0.01770705834353325,0.08053855569155446,0.1211342309261526,0.000448796409628723,0.03125254997960016,0.04173806609547124,0.07054263565891473,0.1576907384740922,13.253021395840296,12.40942564947524,4,-1.1080482621387222,1.9210974749667602
42660,"Seattle-Tacoma-Bellevue, WA",WA,24000.0,2000.0,115177.0,103638.88314002143,4061920.0,111.133,103.972,151.314,106.835,81354.29333333333,75365.0,35392.22018806953,73204.44272478322,67815.1404173378,0.346298961572771,0.3184502776642191,0.3848524249646676,0.35390334707657656,3.389762222222222,51608.69708667393,46219.394779228496,1.1430678466076696,0.925,0.2728613569321534,1.4580604719764012,710,2058740.0,0.06041073666417323,0.09964832858933134,0.07666825339770927,0.024592712047174486,0.012386216812224952,0.016446952990664194,0.008801499946569261,0.04989945306352429,0.0174232783158631,0.05150237523922399,0.04726191748350933,0.01895334039266736,0.08077270563548579,0.025977053926187862,0.019424502365524544,0.08688809660277645,0.10846440055567969,0.0007723170482916735,0.04375006071674908,0.03486112865150529,0.0409716622788696,0.07412300727629521,15.217166572385828,14.537605188879732,1,10.743903818322547,2.448562292755902
42680,"Sebastian-Vero Beach-West Vero Corridor, FL",FL,16284.0,1357.0,73491.0,74755.86930870326,166936.0,98.308,96.24,101.635,98.864,57158.813559322036,48115.0,27913.103798982123,58142.586116411716,48943.117548927854,0.3364726851604395,0.3384391598430654,0.3307795673275249,0.3327127692585207,3.51012119622464,41578.318711927845,32378.85014444399,1.308691983122363,1.1,0.42616033755274263,3.800540084388186,239,51450.0,0.06588921282798833,0.04800777453838678,0.008551992225461613,0.006219630709426628,0.0007774538386783285,0.011078717201166181,0.00816326530612245,0.029931972789115645,0.006219630709426628,0.08066083576287658,0.050923226433430516,0.02021379980563654,0.13294460641399417,0.05558794946550048,0.026433430515063167,0.12866861030126336,0.12536443148688048,0.0027210884353741495,0.058503401360544216,0.04723032069970846,0.01827016520894072,0.06763848396501458,12.025371774714921,10.84838517741928,3,-0.8509376882053197,-6.3176040408687415
42700,"Sebring, FL",FL,12420.0,1035.0,54897.0,59367.36238780145,105702.0,92.47,96.24,73.455,98.864,51344.51388888889,43555.0,28679.851528174408,55525.5908823282,47101.762733859636,0.2869409093661601,0.2851586863809055,0.26533425889088824,0.2636862372964233,4.134018831633566,42094.207731035895,33670.37958256732,1.3201388888888888,1.125,0.4097222222222222,5.615590277777778,144,22610.0,0.06368863334807608,0.03361344537815126,0.006634232640424591,0.0,0.0,0.005307386112339673,0.004865103936311367,0.06103494029190624,0.005307386112339673,0.09332153914197258,0.05218929677134011,0.020787262273330383,0.13401149933657674,0.03847854931446263,0.015037593984962405,0.13489606368863336,0.14993365767359576,0.01680672268907563,0.038920831490490936,0.04024767801857585,0.012826183104820876,0.07209199469261389,11.568388553669374,10.026191792511579,2,-4.68641579052422,-5.268555102314037
43100,"Sheboygan, WI",WI,11208.0,934.0,73094.0,77747.99497947114,117991.0,94.014,93.787,80.54,99.411,62697.87234042553,56000.0,29245.694411443994,66689.9316489305,59565.59661327037,0.21077361858534874,0.20014285714285715,0.19815670977682975,0.18816230571428572,5.594028581408416,54768.30295533169,47643.96791967154,1.600590717299578,0.95,0.29535864978902954,3.8250759493670885,238,55010.0,0.05071805126340665,0.04471914197418651,0.019632794037447738,0.01854208325758953,0.004362843119432831,0.010179967278676604,0.002544991819669151,0.044173786584257406,0.005998909289220142,0.041810579894564624,0.0425377204144701,0.006907834939101982,0.07853117614979095,0.029449191056171605,0.015451736047991275,0.07834939101981458,0.10616251590619888,0.0,0.0329031085257226,0.04108343937465915,0.22832212325031812,0.09761861479730959,11.678372104539338,10.915288444217275,4,-2.4394201590773226,3.9470304370241514
43300,"Sherman-Denison, TX",TX,15720.0,1310.0,72182.0,76976.89050985912,143337.0,93.771,93.757,89.466,96.24,54592.7802690583,46790.0,27085.201111719864,58219.257839906044,49898.156146356545,0.3476539740017317,0.3359692241932037,0.3259986079611638,0.31504170121820907,3.4728231723319527,41455.01303074329,33133.9113371938,1.2057333333333333,1.07,0.3511111111111111,3.9320666666666666,225,45980.0,0.06937799043062201,0.028055676381035233,0.007612005219660722,0.0097868638538495,0.001087429317094389,0.010439321444106133,0.004784688995215311,0.07329273597216181,0.004784688995215311,0.08003479773814702,0.05980861244019139,0.015876468029578077,0.117442366246194,0.04436711613745106,0.009569377990430622,0.09634623749456285,0.12005219660722052,0.0,0.04088734232274902,0.056111352762070466,0.058068725532840364,0.09221400608960417,11.872960756611166,10.735983546667017,3,-1.9169556886738093,-4.532262914605524
43340,"Shreveport-Bossier City, LA",LA,12168.0,1014.0,55925.0,65975.74499209588,386819.0,84.766,93.691,52.286,95.705,53805.8357771261,47990.0,26527.897739749358,63475.7282131115,56614.68041431706,0.2779671839710722,0.25355282350489683,0.23562166316491906,0.21492658637216086,4.421912867942645,49120.916142234026,42259.868343439586,1.5880289855072465,1.08,0.3884057971014493,2.7685884057971015,348,152770.0,0.06342868364207632,0.03914381095764875,0.010342344701184787,0.007331282319827191,0.003927472671335995,0.012436996792563985,0.005236630228447994,0.05747201675721673,0.004778425083458794,0.09242652353210709,0.054133664986581134,0.030306997447142763,0.10087058977547948,0.035740001309157554,0.021208352425214374,0.10034692675263468,0.13778883288603783,0.0002618315114223997,0.05184263926163514,0.048962492635988744,0.036394580087713554,0.0856189042351247,12.86571474753272,11.93669534712613,2,-3.308749643471226,-0.44664337152267614
43420,"Sierra Vista-Douglas, AZ",AZ,11940.0,995.0,59742.0,66943.06556256514,125566.0,89.243,96.237,61.918,99.838,59299.84126984127,48700.0,27566.739469416243,66447.61075920943,54570.10633887252,0.23932826858545983,0.24517453798767966,0.21358372673372192,0.21880111293634494,4.966485868495918,53068.41014963781,41190.9057293009,1.5464062500000002,1.14,0.4114583333333333,4.451614583333334,192,29180.0,0.07813570938999315,0.07299520219328307,0.05243317340644277,0.013022618231665525,0.0013708019191226869,0.016792323509252912,0.0037697052775873888,0.06339958875942427,0.004797806716929404,0.04694996572995202,0.031528444139821796,0.07436600411240575,0.09904043865661412,0.030843043180260453,0.00616860863605209,0.10143934201507881,0.1281699794379712,0.005140507196710075,0.04489376285126799,0.04283755997258396,0.011309115832762166,0.07059629883481837,11.740594759640832,10.28127309153755,2,-2.7905209001336453,0.32176845331916293
43580,"Sioux City, IA-NE-SD",IA,12024.0,1002.0,75192.0,86973.41939065862,144682.0,86.454,94.013,57.849,92.749,58851.937716262975,49920.0,28920.96574159761,68073.12295123762,57741.68922201402,0.24084804678289062,0.24086538461538462,0.20822277036568027,0.20823775961538463,4.894539064892131,54165.14876843521,43833.7150392116,1.63625,0.935,0.2916666666666667,3.2054513888888887,291,69460.0,0.051972358191765045,0.040598905845090696,0.016556291390728478,0.005902677800172762,0.0018715807659084366,0.01540454938093867,0.003887129283040599,0.05513964871868701,0.00878203282464728,0.05254822919665995,0.039159228332853444,0.013389000863806507,0.0934350705441981,0.03656780881082637,0.0122372588540167,0.08911603800748633,0.10063345810538439,0.0018715807659084366,0.042902389864670314,0.04722142240138209,0.13705729916498705,0.13374604088684136,11.88230042126715,11.148520722969554,4,-2.72173092593212,2.415527392484031
43620,"Sioux Falls, SD-MN",SD,12264.0,1022.0,82754.0,91308.71335415034,298181.0,90.631,95.472,77.605,91.906,59629.53502538071,50865.0,29428.638287656,65793.75161410632,56123.180810098085,0.2413087358138445,0.2411088197877575,0.21870052035544543,0.21851933446184252,4.862160390197383,52261.95785700335,42591.38705299511,1.4679493670886077,1.11,0.4151898734177215,2.4196506329113925,405,166970.0,0.03946816793435946,0.0680361741630233,0.029885608193088577,0.01257710966041804,0.0014373839611906331,0.015691441576331077,0.00491106186740133,0.04204348086482602,0.010780379708929748,0.10019764029466371,0.038809366952147095,0.011499071689525065,0.09348984847577409,0.03198179313649158,0.02778942324968557,0.10007785829789782,0.12409414864945799,0.00137749296280769,0.05719590345571061,0.04186380786967719,0.051865604599628676,0.09492723243696473,12.605459317317868,12.025575423624906,4,-1.2940019806861691,1.258556512845461
43640,"Slidell-Mandeville-Covington, LA",LA,15984.0,1332.0,81202.0,87571.98628216465,272421.0,92.726,93.691,85.449,95.705,55022.57692307692,49045.0,27402.219802245687,59338.88760765797,52892.392640683305,0.35668548159307384,0.3259072506131844,0.33074017966199365,0.30220075720358136,3.4423534111034115,42101.003950431295,35654.50898345663,1.574576923076923,1.1349999999999998,0.4307692307692308,3.4785,265,91020.0,0.06240386728191606,0.052406064601186554,0.013623379477038013,0.01054713249835201,0.0034058448692595032,0.017139090309822018,0.006262359920896506,0.04900021973192705,0.004834102395078005,0.0917380795429576,0.056580971215117556,0.026477697209404526,0.13304768182816964,0.028675016479894528,0.023731048121292023,0.11162381894089211,0.13403647549989015,0.0,0.03515710832784003,0.037793891452428036,0.02131399692375302,0.08020215337288508,12.515107613579257,11.418845528106633,3,-0.7304124573703364,-4.067195103891631
43780,"South Bend-Mishawaka, IN-MI",IN,12552.0,1046.0,67217.0,72386.8702750436,324560.0,92.858,94.221,74.586,99.213,59920.631313131315,52750.0,27800.443022704905,64529.314989695355,56807.167933834455,0.24506448426998492,0.2379542827533764,0.2275619788034226,0.22095958787913028,4.773791532276236,51011.901304283216,43289.75424842232,1.2304123711340205,1.02,0.3015463917525773,2.4420283505154643,399,124070.0,0.0555331667606996,0.04578060772144757,0.0181349238333199,0.011686950914806158,0.0041911823970339325,0.02305150318368663,0.004594180704441042,0.06077214475699202,0.011928749899250423,0.06971870718142983,0.05351817522366406,0.023857499798500846,0.10760054807769807,0.03288466188442009,0.01491093737406303,0.09720319174659467,0.11517691625695171,0.00048359796888853066,0.037398242927379706,0.04207302329330217,0.07874586926734908,0.09075521882808092,12.690228778969987,11.728609261370584,4,-1.313646101214324,1.36940674538913
43900,"Spartanburg, SC",SC,12684.0,1057.0,64382.0,70709.8219679081,374737.0,91.051,96.339,68.007,98.284,59501.86781609195,49700.0,30519.5111630395,65350.0431802967,54584.793137911714,0.25919614848189526,0.2552112676056338,0.23600068515425046,0.23237241126760563,4.691096485027749,51419.38893157896,40654.138889193964,1.2955459770114943,0.87,0.27011494252873564,2.7587097701149426,353,157370.0,0.0485480078795196,0.03679227298722755,0.01258181356039906,0.015377772129376629,0.005020016521573362,0.01016712206900934,0.002986592107771494,0.048230285314863064,0.00508356103450467,0.06881870750460697,0.043718624896740166,0.01798309715956027,0.08298913388828874,0.023892736862171953,0.013916248331956536,0.09728664929783314,0.10421300120734575,0.0,0.030691999745821947,0.04562496028467942,0.16813878121624198,0.11793861600050835,12.833982394104584,11.966361354026013,4,-1.825296046499974,1.5624732462504003
44060,"Spokane-Spokane Valley, WA",WA,15168.0,1264.0,77488.0,77220.81597672055,597123.0,100.346,105.028,97.059,99.472,68499.41544885178,61650.0,26932.451364063923,68263.22469141947,61437.42650429514,0.2529602704334384,0.24603406326034064,0.2538355129691381,0.24688534111922142,4.516047959444342,53147.52501230919,46321.72682518486,1.1399586776859505,1.04,0.30165289256198347,2.0058037190082643,485,247920.0,0.043441432720232334,0.06352855759922556,0.02383833494675702,0.012988060664730558,0.007381413359148112,0.02686350435624395,0.005525976121329461,0.05901097128105841,0.01318973862536302,0.06832849306227816,0.0712729912875121,0.025129073894804777,0.0903920619554695,0.0335188770571152,0.018957728299451436,0.093054211035818,0.122297515327525,0.0012504033559212649,0.04529686995805098,0.039609551468215556,0.04473217166828009,0.0903920619554695,13.299880075999631,12.420865426012707,5,1.728753734163405,2.2192001753729276
44100,"Springfield, IL",IL,11748.0,979.0,75895.0,81831.90468488866,207042.0,92.745,93.643,71.616,99.59,61977.544126984125,58406.399999999994,26491.47163074805,66825.75246857957,62975.25473071323,0.22267191134467204,0.20114234056541752,0.20651706417661606,0.1865494637573965,5.275582578054488,54158.76233434053,50308.26459647419,1.1611356466876972,0.98,0.30914826498422715,2.909186119873817,320,94770.0,0.07059195948084837,0.08842460694312546,0.032499736203439905,0.012451197636382822,0.0049593753297457,0.02310857866413422,0.007913896802785692,0.05698005698005698,0.009813232035454257,0.10045373008335971,0.04653371320037987,0.021314762055502798,0.0942281312651683,0.03207766170729134,0.01741057296612852,0.08409834335760262,0.14192254932995674,0.0,0.029439696106362774,0.030494882346734198,0.02796243536984278,0.06732088213569695,12.240681780143326,11.459218734270975,4,-0.4650532121894049,3.7659976314345327
44140,"Springfield, MA",MA,13632.0,1136.0,71306.0,74229.91640728287,462815.0,96.061,97.015,75.781,101.197,69712.0716112532,62590.0,31431.068715034467,72570.62867475166,65156.5151310105,0.23041363977535873,0.21779837034670074,0.22133764650460738,0.20921929253874422,5.113855018431132,58379.64586174743,50965.53231800626,1.156298200514139,0.94,0.29048843187660667,2.4526915167095114,400,189550.0,0.06684252176206805,0.04911632814560802,0.018570298074386704,0.010762331838565023,0.005117383276180427,0.030387760485360064,0.00490635716169876,0.07633869691374308,0.008757583750989185,0.07860722764442099,0.11237140596148773,0.022527037720917964,0.08230018464785017,0.02701134265365339,0.019203376417831708,0.07596940121340016,0.1087839620152994,0.0004220522289633342,0.0317594302294909,0.0323925085729359,0.058770772883144286,0.07908203640200474,13.04508484587346,12.152413396583427,4,0.8646351369920953,5.232979741829943
44180,"Springfield, MO",MO,11664.0,972.0,65071.0,73456.00270926229,486785.0,88.585,94.193,65.568,93.026,55921.0071942446,48840.0,24490.999581919532,63126.94834819056,55133.48761076932,0.2404464327024649,0.2388206388206388,0.21299947240947853,0.21155926289926286,4.794325033800121,49959.933616576855,41966.47287915562,1.1331753554502368,0.96,0.28672985781990523,2.2961563981042654,426,215310.0,0.06455807904881333,0.04890622822906507,0.017834749895499512,0.007988481724025824,0.0027402350099856023,0.018206307184989085,0.00664158654962612,0.057870047838001024,0.011007384701128605,0.08531884259904324,0.05666248664715991,0.019878314987692165,0.09075286795782825,0.02424411313919465,0.01922808973108541,0.08903441549393896,0.1272119269889926,0.001068227207282523,0.034461938600157914,0.04532998931772793,0.05842738377223538,0.11262830337652686,13.095579880437912,12.27983877354756,4,-2.037333449905866,1.526080485989385
44220,"Springfield, OH",OH,10464.0,872.0,63132.0,69772.99352357375,135158.0,90.482,93.628,61.726,98.939,56584.33497536946,51050.0,24109.929529283945,62536.56525648136,56420.06144868593,0.21651752780453368,0.20497551420176296,0.19590938950809814,0.18546594476003916,5.407524366912219,50971.834149741895,44855.330341946465,1.2839613526570046,1.05,0.34782608695652173,4.288642512077295,207,41980.0,0.05979037636969986,0.041686517389232965,0.011195807527393997,0.007384468794664126,0.0011910433539780848,0.015245354930919485,0.0030967127203430206,0.06812767984754645,0.0050023820867079564,0.06908051453072891,0.04192472606002858,0.011195807527393997,0.10242972844211529,0.030728918532634587,0.011910433539780848,0.0843258694616484,0.12148642210576464,0.0021438780371605525,0.020724154359218677,0.03954263935207242,0.11291090995712244,0.1388756550738447,11.814207142162205,10.64497241395799,2,-4.553275978882075,1.7691879253321705
44300,"State College, PA",PA,14484.0,1207.0,74291.0,76777.04057377896,158576.0,96.762,100.684,85.688,97.726,61598.88,55400.0,28820.00573330041,63660.19718484529,57253.88065562928,0.28255179120848817,0.2614457129429465,0.2734027642091573,0.25298010075785393,4.252891466445734,48691.51113040243,42285.19460118641,1.2939285714285713,0.96,0.3134920634920635,3.360313492063492,252,58250.0,0.07330472103004292,0.061459227467811156,0.03776824034334764,0.029527896995708156,0.005321888412017167,0.019914163090128754,0.0034334763948497852,0.0623175965665236,0.008755364806866953,0.05819742489270386,0.04223175965665236,0.031072961373390558,0.11467811158798283,0.03502145922746781,0.017339055793991417,0.08085836909871244,0.1296137339055794,0.0017167381974248926,0.04068669527896996,0.04240343347639485,0.03828326180257511,0.06609442060085836,11.973995558751115,10.972516538662564,4,0.42776199242210616,0.21075333533036622
44420,"Staunton-Stuarts Draft, VA",VA,12816.0,1068.0,73544.0,80704.0646124133,126822.0,91.128,96.773,68.232,98.612,58647.97235023041,50430.0,29486.094722440157,64357.79601245547,55339.741901501184,0.2596089907875784,0.2541344437834622,0.23657648112490443,0.23158763593099346,4.576152649050438,50294.061485197104,41276.00737424282,1.2070370370370371,1.025,0.3611111111111111,3.8916296296296298,219,42490.0,0.047775947281713346,0.04424570487173453,0.009884678747940691,0.009413979759943516,0.002824193927983055,0.016003765591903977,0.003059543421981643,0.06636855730760179,0.00564838785596611,0.06495646034361026,0.04989409272770064,0.020475405977877146,0.09108025417745352,0.04024476347375853,0.016239115085902565,0.09908213697340551,0.10826076723935044,0.0009413979759943516,0.038361967521769826,0.05154153918569075,0.07837138150152977,0.13532595904918804,11.750547692549064,10.657047567781314,2,-2.6799583607225284,0.09693494477905902
44700,"Stockton-Lodi, CA",CA,20808.0,1734.0,92179.0,87715.17475663485,797334.0,105.089,105.168,115.614,100.267,68400.87123287671,60995.0,29419.348430470913,65088.516621983945,58041.279296596214,0.35533272668518,0.34114414936303183,0.3734156091461888,0.3585049751241166,3.287239101926024,45288.156926868374,38240.91960148065,1.1730751708428246,0.86,0.2505694760820046,2.2019202733485193,443,276940.0,0.051346862136202785,0.04058640860836282,0.010363255578825739,0.007655087744637828,0.007257889795623601,0.018018343323463568,0.003249801401025493,0.059326930020943164,0.005957969235213404,0.05196071351195205,0.06098793962591175,0.02191810500469416,0.0786090850003611,0.024517946125514552,0.01610457138730411,0.07467321441467466,0.11446522712500903,0.02220697624034087,0.038022676391998265,0.03643388459594136,0.05488553477287499,0.20145157795912472,13.58903019568337,12.53155976609263,5,3.951302449623739,-1.097585308171726
44940,"Sumter, SC",SC,12684.0,1057.0,56693.0,64409.22517609634,104725.0,88.02,96.339,60.833,98.284,54607.34104046243,47090.0,28282.480029335464,62039.69670581962,53499.20472619859,0.289801782055298,0.2693565512847738,0.25508352856507327,0.2370876364408579,4.305214525422771,47629.335424292694,39088.843444671664,1.2201724137931034,1.03,0.3563218390804598,4.723890804597701,174,28980.0,0.046583850931677016,0.048654244306418216,0.011387163561076604,0.00966183574879227,0.001725327812284334,0.01621808143547274,0.005521048999309869,0.05624568668046929,0.0,0.056935817805383024,0.05555555555555555,0.013457556935817806,0.10524499654934437,0.031055900621118012,0.018978605935127676,0.1069703243616287,0.15424430641821946,0.0,0.046583850931677016,0.04416839199447895,0.0841959972394755,0.08661145617667357,11.55910269458798,10.274395721835582,2,-3.8904767622253384,-1.6523803172759377
45060,"Syracuse, NY",NY,12924.0,1077.0,75492.0,78849.40778341793,656410.0,95.742,99.693,80.656,97.754,67576.85250965251,61635.0,30304.296749832673,70582.2444795936,64376.135865137556,0.22411724162820085,0.20968608949928985,0.21457432947967206,0.2007576558084101,5.22878772126683,57083.466513810556,50877.35789935451,1.1716470588235293,0.99,0.30980392156862746,1.8974392156862745,529,285570.0,0.05305179115453304,0.05431242777602689,0.023321777497636306,0.019784991420667437,0.008124102671849284,0.02465244948699093,0.007213642889659278,0.07409741919669433,0.010610358230906608,0.07406240151276394,0.048324403823931085,0.02430227264768708,0.08131106208635361,0.034807577826802535,0.017578877333053192,0.082711769443569,0.1397555765661659,0.000455229891095003,0.037679027909094095,0.04356199880939875,0.049234863606121095,0.0910459782190006,13.394542396132003,12.562245963675723,4,0.8060240896346053,4.6012776648814215
45220,"Tallahassee, FL",FL,15024.0,1252.0,65261.0,69486.47238577924,391730.0,93.919,96.24,78.528,98.864,56124.24,48850.0,26163.53902323463,59758.13200736805,52012.90473706066,0.31134613008110407,0.307553735926305,0.2924131719108722,0.2888513932446264,3.735638977635783,43761.368839106035,36016.141568798645,1.3356914893617022,0.97,0.31117021276595747,2.447164893617021,379,169440.0,0.08209395656279508,0.12163597733711048,0.044558545797922566,0.011154390934844192,0.0113314447592068,0.02307601510859301,0.01935788479697828,0.025495750708215296,0.012924929178470254,0.06232294617563739,0.03771246458923513,0.030866383380547688,0.10015344664778092,0.032754957507082155,0.01333805476864967,0.08929414542020775,0.1419971671388102,0.0005901794145420207,0.035351746931067046,0.03440745986779981,0.01587582625118036,0.05370632672332389,12.878330658723007,12.040260062611964,3,2.0868627854724995,-1.64872637067607
45300,"Tampa-St. Petersburg-Clearwater, FL",FL,19536.0,1628.0,74392.0,73735.75180890078,3304691.0,100.89,95.47,125.839,97.565,59994.30985915493,51110.0,26827.72013334327,59465.07072966093,50659.133709981164,0.37957932846007064,0.38223439639992174,0.3829575844833653,0.38563628252788107,3.0709618068772997,40101.40733388336,31295.470314203583,1.0085055643879173,0.91,0.24006359300476948,1.5607631160572337,656,1415940.0,0.06731217424467138,0.08245405878780174,0.036541096374140145,0.012677090837182367,0.006313826857070215,0.013708207974914191,0.011645973699450541,0.041618995155161945,0.012486404791163468,0.07231238611805585,0.0346554232523977,0.02170289701541026,0.09865531025325931,0.029874147209627527,0.01955591338616043,0.09690382360834499,0.1386640676864839,0.0007415568456290521,0.045849400398321964,0.0400723194485642,0.036887156235433705,0.07936776982075512,15.010853834792135,14.163304885701056,3,4.688813997519003,-3.8869360357985396
45460,"Terre Haute, IN",IN,10704.0,892.0,56594.0,64460.0612777202,168719.0,87.797,94.318,51.923,99.141,56765.41818181818,49720.0,26491.956211156416,64655.30505805231,56630.63658211556,0.22269635004934,0.21528559935639582,0.19552071445281904,0.18901429766693484,5.303196765864927,52463.544519537325,44438.876043600576,1.3962454873646208,1.08,0.3898916967509025,3.2933249097472923,278,58960.0,0.0473202170963365,0.034430122116689284,0.008480325644504749,0.008310719131614654,0.0030529172320217096,0.02103120759837178,0.005427408412483039,0.064280868385346,0.008310719131614654,0.0676729986431479,0.044097693351424695,0.03069877883310719,0.125,0.02628900949796472,0.014416553595658074,0.09701492537313433,0.11024423337856173,0.0005088195386702849,0.04358887381275441,0.04901628222523745,0.09854138398914518,0.09226594301221167,12.035995815152656,10.984631487370677,2,-4.266807268482073,1.406708741161585
45500,"Texarkana, TX-AR",TX,11400.0,950.0,55646.0,66235.77584154645,146296.0,84.012,93.693,49.885,95.895,52568.76651982379,46990.0,24434.486224511962,62572.92591513569,55932.485835356856,0.25881687835164313,0.2426048095339434,0.21743723584078245,0.20381715258565652,4.611295308756473,49003.43584228894,42362.995762510116,1.240472103004292,1.06,0.3648068669527897,3.809523605150215,233,50980.0,0.06747744213417026,0.037857983522950174,0.009415457041977247,0.0029423303256178894,0.0017653981953707335,0.00961161239701844,0.0033346410357002745,0.06571204393879954,0.004119262455865045,0.07375441349548843,0.05217732444095724,0.0319733228717144,0.11416241663397411,0.029619458611220086,0.010200078462142017,0.10533542565712044,0.12397018438603374,0.0,0.03746567281286779,0.0584542958022754,0.05766967438211063,0.10298156139662613,11.893394080987989,10.839208293273229,2,-4.976965645883525,-0.4132777155945136
45780,"Toledo, OH",OH,11268.0,939.0,65486.0,71604.61429118145,602322.0,91.455,93.628,67.317,98.939,60982.58064516129,56260.0,27972.75349609875,66680.42277093793,61516.592859876444,0.21694709413389476,0.20028439388553146,0.19840896494015345,0.1831700924280128,5.412014611746653,54359.609256094576,49195.77934503308,1.176831896551724,0.995,0.2801724137931034,2.1040431034482756,472,284740.0,0.06440963686169839,0.04456697337922315,0.013205029149399453,0.018718831214441244,0.005267963756409356,0.016822364262133876,0.005373323031537543,0.06472571468708295,0.00916625693615228,0.0777551450446021,0.042670506426915784,0.02163377115965442,0.09815972466109434,0.028095806700849896,0.015487813443843507,0.07761466601109784,0.1027604130083585,0.0013696705766664326,0.03336377045725925,0.04245978787665941,0.10212825735758937,0.1142445739973309,13.308549125252734,12.559335274137407,4,-1.3061610253453204,4.187595835233895
45820,"Topeka, KS",KS,11652.0,971.0,69888.0,78684.98086016663,232468.0,88.82,94.027,64.987,93.816,59608.24074074074,53800.0,26585.891105504677,67111.28207694297,60571.94325602342,0.23044157947003216,0.21658354729885204,0.2046782108852826,0.19236950671084035,5.115708954749462,53992.61511004362,47453.27628912407,1.2800920245398772,1.05,0.3374233128834356,2.8572239263803683,328,104830.0,0.05952494514928933,0.07898502337117237,0.032051893541925024,0.010111609272154917,0.005341982256987504,0.01879233043975961,0.010016216731851569,0.05704473910140227,0.008966898788514739,0.07917580845177907,0.06477153486597348,0.02699608890584756,0.08413622054755318,0.02775922922827435,0.018029190117332825,0.07555089192025184,0.13087856529619385,0.0009539254030334828,0.039587904225889536,0.04111418487074311,0.04159114757225985,0.08861966994181054,12.356512161786535,11.56010480865515,4,-1.4425140935879968,3.3037205239182237
45900,"Traverse City, MI",MI,14700.0,1225.0,80889.0,86630.8957717517,155449.0,93.372,93.711,78.146,99.561,59613.36956521739,54595.0,25794.27605048028,63845.01731270337,58470.41939767811,0.28270572947977574,0.26925960214694666,0.2639679937298562,0.251413075716647,4.0553312629399585,48101.539610608525,42726.94169558326,1.3262093862815885,1.09,0.3971119133574007,3.2835451263537907,280,61090.0,0.0631854640694058,0.050744802750040924,0.014732362088721558,0.008839417253232935,0.0019643149451628746,0.01947945653953184,0.00474709445081028,0.04174169258471108,0.007366181044360779,0.07464396791618923,0.04501555082664921,0.01947945653953184,0.12293337698477656,0.04092322802422655,0.014732362088721558,0.10721885742347356,0.13308233753478474,0.0022917007693566867,0.05352758225568833,0.042560157145195614,0.05614666884923883,0.07464396791618923,11.9540794154869,11.020119834801047,2,-1.3463786076359434,-1.1301102633847258
45940,"Trenton-Princeton, NJ",NJ,19476.0,1623.0,100645.0,97543.12851327776,385864.0,103.18,99.79,135.082,97.925,75781.83295711062,72610.0,35058.64615815359,73446.24244728689,70372.16514828455,0.3101935244890882,0.2682275168709544,0.3200576785678412,0.27675715190745076,3.8910368123388075,54570.491332729805,51496.414033727466,1.377359813084112,0.96,0.3411214953271028,2.149135514018692,450,220060.0,0.0990638916659093,0.11369626465509407,0.053985276742706534,0.017858765791147868,0.02517495228574025,0.02708352267563392,0.014132509315641188,0.05943833499954558,0.01295101335999273,0.055166772698354995,0.039398345905662095,0.026401890393529037,0.06325547577933291,0.027810597109879123,0.019358356811778606,0.07357084431518676,0.1313278196855403,0.0008179587385258566,0.022857402526583658,0.026810869762791966,0.023220939743706263,0.06661819503771699,12.863242846340702,12.301660059628793,1,7.60469647276753,4.529653129209893
46060,"Tucson, AZ",AZ,14544.0,1212.0,70315.0,72567.49504623514,1060490.0,96.896,96.237,91.765,99.838,61019.059459459466,50400.0,29343.362254608885,62973.76512906566,52014.53104359313,0.2787791107961612,0.2885714285714286,0.2701258071970483,0.2796141714285715,4.19547988582642,47963.857599343064,37004.62351387054,1.1255323590814197,0.96,0.25260960334029225,1.997473903966597,490,369340.0,0.07640656305842855,0.056533275572643094,0.03332972329019332,0.02279742242919803,0.00809552174148481,0.021795635457843722,0.007581090594032599,0.04930416418476201,0.011371635891048898,0.06674067255103698,0.05103698489196946,0.031380299994584936,0.09757946607461959,0.03105539611198354,0.023501380841501055,0.08804895218497862,0.12944712189310661,0.0007851843829533763,0.039854876265771375,0.048112849948556885,0.029403801375426437,0.0758379812638761,13.87424256638792,12.819475615528553,4,1.7545401633614341,-0.366282759811779
46140,"Tulsa, OK",OK,12936.0,1078.0,69359.0,77744.52440199968,1037534.0,89.214,93.778,68.235,95.458,58689.75923076923,50070.0,27878.397970965714,65785.36914696037,56123.478377833075,0.2634387283725328,0.2583588033506183,0.2350242271302714,0.23049222282122062,4.53693253175396,51285.40277396959,41623.51200484228,1.1696267190569745,0.98,0.2770137524557957,1.9273909626719057,526,444770.0,0.059896126087640805,0.05665849765047103,0.022348629628796905,0.016615329271308765,0.005126245025518807,0.015581086853879534,0.007149762798749916,0.045574116959327296,0.00969040178069564,0.06160487442948041,0.04305596150819525,0.021561706050318142,0.09715133664590687,0.025249005103761494,0.01670526339456348,0.09418351057850124,0.1233221665130292,0.001236594194752344,0.049216448951143285,0.058996784855093645,0.07900712727926794,0.090069024439598,13.85235826545774,13.00531482195131,4,-0.5112384748746868,1.371855590374845
46220,"Tuscaloosa, AL",AL,12060.0,1005.0,61517.0,70127.22008162149,278526.0,87.722,96.397,58.246,96.693,57643.86075949367,49650.0,28125.10696077712,65711.97733692081,56599.25674289232,0.25317329157969176,0.242900311968282,0.2220886748395372,0.2130770116648163,4.779756281881731,51964.00077459893,42851.28018057044,1.5620322580645163,0.95,0.3193548387096774,2.9412806451612905,318,98860.0,0.04612583451345337,0.03641513251062108,0.01375682783734574,0.013655674691482905,0.002731134938296581,0.014161440420797087,0.003641513251062108,0.052903095286263406,0.006979567064535707,0.0665587699777463,0.04521545620068784,0.02124216063119563,0.10509811855148696,0.02892979971677119,0.01406028727493425,0.09012745296378717,0.09670240744487153,0.002225369208982399,0.04784543799312159,0.056342302245599836,0.14464899858385596,0.09063321869310136,12.537270281585696,11.501470102124378,4,-2.8964564054138404,1.4623802758411377
46300,"Twin Falls, ID",ID,12852.0,1071.0,68810.0,74705.78017110348,118907.0,92.108,96.179,73.833,98.974,55253.08823529412,48025.0,24574.10882221306,59987.28474757254,52139.87927215877,0.27227558436631183,0.26761243244297894,0.2507875952481225,0.24649245927457902,4.299182091137109,46034.099356509876,38186.6938810961,1.7503940886699507,1.17,0.4236453201970443,4.281576354679803,205,43100.0,0.05962877030162413,0.031322505800464036,0.00788863109048724,0.0064965197215777265,0.00788863109048724,0.011832946635730859,0.00394431554524362,0.04593967517401392,0.0034802784222737818,0.053132250580046406,0.04918793503480278,0.013689095127610209,0.1037122969837587,0.03480278422273782,0.016009280742459397,0.10348027842227378,0.12807424593967517,0.00788863109048724,0.05011600928074246,0.055452436194895594,0.08793503480278422,0.11809744779582367,11.686105363846899,10.67130147767883,2,-3.7541158712942346,-2.3204629051175725
46340,"Tyler, TX",TX,14856.0,1238.0,74192.0,80506.96644819653,241740.0,92.156,93.757,79.911,96.24,55128.93292682927,47660.0,26748.613346924274,59821.31703505932,51716.65436867919,0.32118232163227556,0.31171062085288026,0.2959887803234399,0.2872600397531804,3.7108867075140863,43700.82569428932,35596.16302790919,1.2156534954407294,1.0,0.3069908814589666,2.8266808510638297,331,104820.0,0.07193283724480061,0.03987788589963747,0.013451631368059531,0.010112573936271704,0.004960885327227629,0.011257393627170388,0.007345926349933219,0.05991223049036443,0.006201106659034536,0.09397061629460027,0.08185460789925587,0.01526426254531578,0.10265216561724862,0.03176874642243847,0.011448196908986834,0.09587864911276474,0.11257393627170387,0.0007632131272657889,0.037492844876931886,0.04054569738599504,0.05189849265407365,0.09883609998091968,12.39562218408066,11.560009412474741,3,-0.8338416709866053,-2.2072659374442285
46520,"Urban Honolulu, HI",HI,24996.0,2083.0,106195.0,95704.79718099152,1001146.0,110.961,111.562,135.538,102.898,70462.33178947368,62790.0,30196.001511358874,63501.889663461654,56587.44964446968,0.4167379570982066,0.398088867654085,0.462416604575741,0.4417233884376493,2.818944302667374,40975.05591106216,34060.615892070186,1.4257263157894737,1.05,0.40210526315789474,2.018071578947368,493,424860.0,0.07456573930235842,0.058372169655886645,0.026243939179965165,0.015463917525773196,0.01176858259191263,0.019088640964082287,0.007602504354375559,0.06531563338511509,0.01633479263757473,0.062185190415666336,0.0342936496728334,0.02930377065386245,0.12926611118956832,0.04361436708562821,0.027444334604340252,0.07755495928070423,0.1250529586216636,0.0007767264510662336,0.047403850680224076,0.041284187732429506,0.02066563103139858,0.06639834298357106,13.816656900662343,12.959517335587623,1,7.806297498065548,-4.846731653920954
46540,"Utica-Rome, NY",NY,11100.0,925.0,69779.0,75291.87077839402,288881.0,92.678,99.693,66.063,97.754,63555.08813559322,57870.0,28448.572926698693,68576.24046223832,62442.00349597532,0.20433289516250724,0.1918101955257217,0.18937164057870845,0.17776585300932835,5.725683615819209,56599.28800318654,50465.05103692354,1.3028808864265928,0.98,0.33240997229916897,2.57416620498615,362,108980.0,0.04808221692053588,0.05285373463020738,0.021380069737566527,0.011745274362268306,0.003303358414387961,0.024958708019820152,0.005046797577537163,0.07643604331069921,0.005689117269223711,0.06478252890438613,0.08102404110846027,0.03587814277849147,0.09139291613140026,0.03202422462837218,0.017250871719581576,0.08368507983116168,0.1349788952101303,0.0,0.02890438612589466,0.04092494035602863,0.062396770049550375,0.0772618829142962,12.57377357921732,11.598928834090586,4,-1.7385267291993514,4.249292831052275
46660,"Valdosta, GA",GA,12300.0,1025.0,57085.0,64670.163473847584,150188.0,88.271,96.269,58.758,98.667,52113.82978723404,46170.0,24952.9810281883,59038.44953295425,52304.8339771839,0.2825291611788849,0.2664067576348278,0.24939131586421348,0.23515990903183884,4.236896730669434,45104.08830446471,38370.47274869436,1.2749789029535865,1.06,0.35864978902953587,3.7943628691983124,240,48800.0,0.05635245901639344,0.04795081967213115,0.00819672131147541,0.0036885245901639345,0.0012295081967213116,0.01721311475409836,0.005942622950819672,0.06434426229508197,0.0034836065573770492,0.06372950819672131,0.036885245901639344,0.02110655737704918,0.13094262295081968,0.029508196721311476,0.020491803278688523,0.11209016393442622,0.1223360655737705,0.000819672131147541,0.03401639344262295,0.04733606557377049,0.05307377049180328,0.11926229508196722,11.919649779944555,10.795506083434564,2,-3.874259889275787,-2.299242881438555
46700,"Vallejo, CA",CA,25956.0,2163.0,100401.0,92553.397431761,451918.0,108.479,105.168,142.042,100.267,77314.79569892473,66415.0,35669.343746271625,71271.670737124,61223.831340628145,0.402143202664394,0.39081533007770974,0.43624092481830795,0.42395256191499875,2.978686843077698,47344.459018726884,37296.61962223104,1.178787061994609,1.01,0.2884097035040431,2.5113288409703505,378,133150.0,0.062110401802478406,0.05129553135561397,0.01374389785955689,0.01066466391288021,0.007885843034171986,0.019902365752910253,0.002778820878708224,0.053323319564401055,0.006909500563274502,0.07577919639504319,0.08208787082238077,0.02057829515583928,0.10244085617724372,0.027863312054074354,0.024633871573413443,0.0917761922643635,0.10401802478407811,0.0015771686068343973,0.054675178370259106,0.047239954938039806,0.04836650394292152,0.09034923019151334,13.021258239215673,11.799239101540575,1,6.355908373829048,-2.283685546387629
47020,"Victoria, TX",TX,13812.0,1151.0,70236.0,78179.85507407696,98554.0,89.839,93.757,69.318,96.24,54239.476439790575,47410.0,25110.357136327555,60374.08746734778,52772.181346631194,0.30440067181058594,0.29133094283906347,0.2734705195479123,0.2617288057371862,3.9269820764400936,44999.91811995968,37398.01199924309,1.3937628865979381,1.11,0.4020618556701031,4.392190721649484,194,32640.0,0.07383578431372549,0.035845588235294115,0.008272058823529412,0.005821078431372549,0.001838235294117647,0.01133578431372549,0.0030637254901960784,0.06740196078431372,0.0030637254901960784,0.08547794117647059,0.05116421568627451,0.013174019607843137,0.11274509803921569,0.026041666666666668,0.012254901960784314,0.11642156862745098,0.13357843137254902,0.0,0.04871323529411765,0.06066176470588235,0.03615196078431373,0.09313725490196079,11.49837004696103,10.393324445863634,2,-3.720656078252274,-2.9133369427337734
47220,"Vineland, NJ",NJ,15384.0,1282.0,67436.0,70269.25641880627,153305.0,95.968,99.79,83.883,97.925,64787.458333333336,57090.0,30778.981032990978,67509.43891019229,59488.57952650883,0.2838642923153302,0.2694704496308465,0.27241888404917614,0.2586054011017308,4.211353245796499,51479.09546237635,43458.23607869289,1.6956846473029046,1.05,0.42738589211618255,3.723643153526971,242,54900.0,0.044444444444444446,0.030601092896174863,0.006193078324225865,0.004553734061930784,0.002185792349726776,0.021311475409836064,0.004189435336976321,0.07632058287795992,0.003825136612021858,0.06429872495446266,0.06284153005464481,0.04189435336976321,0.07449908925318761,0.028233151183970857,0.02331511839708561,0.07795992714025501,0.11293260473588343,0.01238615664845173,0.03788706739526412,0.03770491803278689,0.07358834244080145,0.1588342440801457,11.940191203037246,10.91328684226798,5,-1.27677685765352,0.7352123654918452
47260,"Virginia Beach-Chesapeake-Norfolk, VA-NC",VA,17736.0,1478.0,82330.0,84060.8121215834,1787235.0,97.941,96.767,99.805,98.599,64533.49196581196,58400.0,29367.12567599957,65890.17057801326,59627.735064988105,0.3266761783574887,0.3036986301369863,0.319949915845108,0.29744547534246574,3.6385595379912026,47781.30912060523,41518.87360758008,1.3152787456445993,0.96,0.2770034843205575,1.7033588850174215,594,738100.0,0.05156482861400894,0.07954206747053245,0.03309849613873459,0.023736621054057716,0.009361875084676874,0.016637312017341824,0.006340604254166102,0.06023574041457797,0.0116921826310798,0.05996477442081019,0.04140360384771711,0.02971142121663731,0.10116515377320147,0.03231269475680802,0.02460371223411462,0.09202005148353881,0.10959219617937949,0.0006096734859775098,0.05235062999593551,0.043422300501287085,0.03960167998916136,0.08103238043625526,14.396180850335025,13.511835950587194,1,3.849436854770694,0.13724757200430954
47300,"Visalia, CA",CA,15360.0,1280.0,71300.0,71424.99373904332,478693.0,99.825,105.168,84.053,100.267,65140.42253521127,54310.0,31635.127120023604,65254.618116915866,54405.209115952915,0.2797930015027988,0.2828208433069416,0.27930336375016895,0.2823259068311545,4.240912925469484,49867.69099445155,39018.2819934886,1.5866005665722378,0.84,0.24362606232294617,2.70128328611898,358,162260.0,0.043202267964994455,0.03420436336743498,0.007395538025391347,0.004498952298779736,0.00702576112412178,0.021755207691359548,0.0018488845063478368,0.07981018119068162,0.00437569333168988,0.04671514852705534,0.07099716504375693,0.0170097374584001,0.08159743621348453,0.026439048440774066,0.01405152224824356,0.07685196598052509,0.0921360778996672,0.14926660914581535,0.024959940835695797,0.033772956982620485,0.05035128805620609,0.11173425366695428,13.078816841355946,11.99696142887842,5,1.1417127145112032,0.5519981581072914
47380,"Waco, TX",TX,13812.0,1151.0,66205.0,71534.30578065911,302045.0,92.55,93.757,83.531,96.24,58557.78097982709,49640.0,29761.49841382796,63271.5083520552,53635.87250135062,0.28515605049146603,0.2782433521353747,0.2639119247298518,0.2575142224012893,4.239630826804741,48347.68339257384,38712.04754186926,1.1814814814814814,0.95,0.2621082621082621,2.620866096866097,353,119560.0,0.0744396119103379,0.059718969555035126,0.01714620274339244,0.01020408163265306,0.0051856808297089324,0.015306122448979591,0.005269320843091335,0.060388089662094344,0.009869521579123453,0.05729340916694547,0.04156908665105386,0.02191368350618936,0.10597189695550352,0.03011040481766477,0.012378721980595517,0.08389093342254934,0.13792238206758112,0.00117096018735363,0.0466711274673804,0.05035128805620609,0.06339913014386082,0.0898293743726999,12.61833460263861,11.691581980364234,4,-0.5997211994239395,-0.27412211671466824
47460,"Walla Walla, WA",WA,14616.0,1218.0,74202.0,75317.4514560643,62161.0,98.519,105.028,86.579,99.472,65637.51592356688,58090.0,28800.370338075885,66624.22063111367,58963.24566834823,0.2601921760862579,0.2516095713547943,0.25633872995842044,0.2478832336030298,4.4907988453452985,51788.503662813135,44127.528700047704,1.416687898089172,1.01,0.3057324840764331,4.763019108280255,157,19230.0,0.0327613104524181,0.0655226209048362,0.013520540821632865,0.019760790431617263,0.0015600624024961,0.015080603224128965,0.0046801872074883,0.05876235049401976,0.0093603744149766,0.0686427457098284,0.08996359854394176,0.008840353614144566,0.11648465938637545,0.04160166406656266,0.004160166406656267,0.10868434737389496,0.11908476339053563,0.014560582423296931,0.044201768070722826,0.03692147685907436,0.047321892875715026,0.07852314092563703,11.037499159556099,9.864278839310847,5,-1.300238469317676,0.2773092931520146
47580,"Warner Robins, GA",GA,14004.0,1167.0,79345.0,84599.47328577978,198209.0,93.789,96.269,79.172,98.667,59975.330739299614,51380.0,29437.802426583945,63947.08413491946,54782.543795114565,0.28586451062981416,0.2725574153367069,0.2681094658745964,0.255628874270144,4.282728558933134,49015.695592553086,39851.15525274819,1.481828793774319,0.88,0.2529182879377432,3.4185758754863818,258,66610.0,0.042335985587749585,0.12760846719711755,0.027923735174898663,0.042486113196216785,0.0027022969524095482,0.010508932592703798,0.0028524245608767453,0.06230295751388681,0.004353700645548716,0.043386878847019965,0.02912475604263624,0.02146824801080919,0.12565680828704398,0.022068758444677976,0.016063654105990092,0.09247860681579342,0.09968473202221889,0.0006005104338687885,0.04113496472001201,0.06950908272031227,0.029274883651103437,0.08647350247710554,12.197082353692041,11.106625008055381,4,0.013354491808000449,0.20473386408677463
47900,"Washington-Arlington-Alexandria, DC-VA-MD-WV",DC,24324.0,2027.0,126684.0,116347.6727526542,6318377.0,108.884,104.847,151.134,102.321,78322.13446327685,68570.0,37783.81274157508,71931.72042106905,62975.276440983056,0.37781714585353016,0.3547348347047017,0.4113824210911578,0.38624947741986737,3.2199529050845603,49592.35008199261,40635.906101906614,1.2255523672883788,0.85,0.2611190817790531,1.4275724533715926,721,3103200.0,0.10145978344934262,0.1228538283062645,0.07542214488270173,0.01668600154679041,0.019850476927043052,0.014791183294663572,0.021735627739108018,0.06115944831142047,0.022650812064965196,0.04918149007476154,0.031960556844547565,0.029882057231245165,0.08028486723382315,0.03258249548852797,0.02394947151327662,0.0704111884506316,0.09220804331013148,0.0005574890435679299,0.03546339262696571,0.02765532353699407,0.013963005929363238,0.0552913121938644,15.65897308761431,14.947944717355844,1,13.465776477130987,1.473924632442759
47930,"Waterbury-Shelton, CT",CT,15960.0,1330.0,86191.0,86382.76974884242,454969.0,99.778,97.33,89.111,102.658,67860.7241025641,60685.0,30769.67441478644,68011.71009898384,60820.020445388756,0.27924712171290555,0.2629982331784144,0.27862719310270295,0.2624143771007583,4.251925069082964,52016.20006671219,44824.51041311711,1.2505128205128204,0.995,0.3435897435897436,2.4854717948717946,397,153730.0,0.07909972028881805,0.042086775515514215,0.021791452546672738,0.014571001105834905,0.002992259155662525,0.02712547973720159,0.005138879854289989,0.06908215702855657,0.01749821114941781,0.06726078189032719,0.06290249138099265,0.025629350159370325,0.08254732322903792,0.03499642229883562,0.025629350159370325,0.07942496584921616,0.12430885318415404,0.0,0.031548819358615754,0.03389058739348208,0.0705132374943082,0.08196188122032134,13.027986761693407,11.942959600796696,5,2.5326967793350414,1.9216670020484945
47940,"Waterloo-Cedar Falls, IA",IA,11724.0,977.0,70811.0,81338.66317470162,168637.0,87.057,93.73,63.13,92.927,59769.49367088608,54065.0,26993.809162031033,68655.5861916745,62102.9899950607,0.23019771670532055,0.21685062385884174,0.20040322623215095,0.18878364761279187,5.098046201883834,55188.54735505022,48635.95115843642,1.3398417721518987,1.025,0.3227848101265823,2.938911392405063,319,79230.0,0.06020446800454373,0.046194623248769405,0.01792250410198157,0.011990407673860911,0.002271866717152594,0.012495266944339266,0.004038874163826834,0.06664142370314274,0.009718540956708318,0.06424334216837056,0.044553830619714754,0.013504985485295974,0.09213681686229963,0.044680045437334344,0.022213807901047582,0.09036980941562539,0.1080398838823678,0.002271866717152594,0.03735958601539821,0.041777104632083804,0.09655433547898523,0.11081660986999874,12.035509684682266,11.2801229153614,4,-2.412967293657681,3.1235944495531354
48060,"Watertown-Fort Drum, NY",NY,14556.0,1213.0,66301.0,75608.3932033299,115040.0,87.69,99.693,53.185,97.754,61601.666666666664,56450.0,27843.061442774368,70249.36328733797,64374.50108336184,0.27582096910209875,0.25788010830958147,0.2418674078056304,0.226135066976672,4.232046349729779,53649.979093017064,47775.11688904094,1.5386528497409326,1.19,0.44559585492227977,4.4703108808290155,193,33670.0,0.04603504603504603,0.0498960498960499,0.011286011286011286,0.006237006237006237,0.002376002376002376,0.025542025542025542,0.003564003564003564,0.09563409563409564,0.002673002673002673,0.06682506682506682,0.04633204633204633,0.024354024354024353,0.11909711909711909,0.03771903771903772,0.011286011286011286,0.11078111078111078,0.1277101277101277,0.0,0.05167805167805168,0.05702405702405702,0.020196020196020195,0.08375408375408376,11.653043865545744,10.424392211743783,2,-3.1280941794922246,0.5910752394780747
48140,"Wausau, WI",WI,11988.0,999.0,77884.0,84061.6938834983,138403.0,92.651,93.787,71.464,99.411,61256.742424242424,54690.0,28609.326818064645,66115.57611276988,59027.96515957734,0.23153445639447356,0.21920077128062915,0.21451898919404366,0.20309170659921572,5.109838373727263,53176.697957110475,46089.08700391793,1.3746969696969698,0.95,0.29545454545454547,3.4900454545454545,266,64480.0,0.04838709677419355,0.057847394540942926,0.018300248138957816,0.014733250620347395,0.0010856079404466502,0.012096774193548387,0.004032258064516129,0.038616625310173694,0.004807692307692308,0.057692307692307696,0.04357940446650124,0.013182382133995037,0.08095533498759305,0.02869106699751861,0.01163151364764268,0.09305210918114144,0.12329404466501241,0.0006203473945409429,0.03815136476426799,0.04575062034739454,0.16470223325062036,0.09879032258064516,11.837932223482163,11.074125885745115,4,-2.2443286908510403,2.6593788923420663
48260,"Weirton-Steubenville, WV-OH",WV,9420.0,785.0,58784.0,66031.63191948239,114754.0,89.024,96.446,52.383,99.651,55003.220338983054,48880.0,27385.217941977087,61784.71012197054,54906.542056074766,0.20762400003583392,0.19271685761047463,0.18483518979190075,0.17156425531914896,5.838983050847458,51203.293874666444,44325.12580877067,1.5170391061452515,1.04,0.40782122905027934,4.62195530726257,180,30530.0,0.0586308548968228,0.03570258761873567,0.008843760235833607,0.0052407468064199145,0.0013101867016049786,0.018015067147068457,0.003930560104814936,0.06223386832623649,0.006223386832623649,0.09335080248935473,0.053717654765804125,0.02292826727808713,0.11431378971503439,0.028169014084507043,0.013429413691451031,0.09826400262037341,0.1172617097936456,0.0,0.04552898788077301,0.040288241074353096,0.05568293481821159,0.11693416311824435,11.650554699958267,10.32649783986004,2,-5.266952982650491,1.176190691583935
48300,"Wenatchee-East Wenatchee, WA",WA,15012.0,1251.0,81938.0,78896.53844302152,124538.0,103.855,105.028,114.958,99.472,67665.08620689655,58445.0,31743.73173958033,65153.42179663622,56275.576524962686,0.26201727484369114,0.25688173816715,0.27211804078891544,0.26678452917349366,4.507399827264625,50698.653128781996,41820.80785710846,1.852844827586207,1.085,0.3706896551724138,3.8922499999999998,233,46590.0,0.037990985189954925,0.042927666881305004,0.01159047005795235,0.0068684267010088,0.01159047005795235,0.0128783000643915,0.0030049366816913502,0.05945481863060743,0.0070830650354153256,0.05988409529942048,0.0506546469199399,0.01674179008370895,0.11869499892680833,0.0455033268941833,0.015239321742863276,0.10581669886241683,0.11032410388495385,0.02790298347284825,0.058166988624168275,0.04421549688774415,0.040137368534020175,0.11332904056664521,11.732374198845466,10.749162668413938,5,-0.2590167610042748,-1.0017112583366825
48540,"Wheeling, WV-OH",WV,9744.0,812.0,57418.0,65009.11427374523,136920.0,88.323,96.42,51.443,99.675,56146.53846153846,48945.0,28792.74468112837,63569.55545162468,55415.91657892056,0.2104281474137525,0.19908095178144278,0.1858564526402486,0.1758342690419237,5.762165277251484,52537.32149218037,44383.68261947624,2.8957414448669203,1.14,0.4068441064638783,3.4325057034220534,263,53280.0,0.060810810810810814,0.0365990990990991,0.00975975975975976,0.006569069069069069,0.004129129129129129,0.019331831831831833,0.006569069069069069,0.04973723723723724,0.004129129129129129,0.07845345345345345,0.04973723723723724,0.028716216216216218,0.11542792792792793,0.03753753753753754,0.01951951951951952,0.10548048048048048,0.12030780780780781,0.0,0.07094594594594594,0.057432432432432436,0.027777777777777776,0.09102852852852852,11.827159396152362,10.883335073806908,2,-4.873041822796959,0.5526208933615917
48620,"Wichita, KS",KS,11844.0,987.0,70655.0,79435.83747442267,652622.0,88.946,94.027,66.245,93.816,59057.3093220339,49500.0,28416.52947708341,66396.8130349132,55651.743754637646,0.24047063980016656,0.2392727663336829,0.21388901527665616,0.21282355474315762,4.986263873863045,53080.868529258085,42335.79924898253,1.6504935622317596,0.96,0.27467811158798283,2.0984463519313303,478,300050.0,0.04919180136643893,0.060589901683052824,0.020029995000833193,0.026695550741543075,0.005699050158306949,0.01579736710548242,0.005732377937010498,0.059023496083986,0.010064989168471922,0.06532244625895683,0.0450591568071988,0.019563406098983504,0.08981836360606565,0.023996000666555575,0.021763039493417763,0.08568571904682552,0.1154140976503916,0.0011664722546242292,0.04379270121646392,0.04622562906182303,0.1098816863856024,0.07948675220796533,13.388754906161136,12.611707739189976,4,-0.9053015551377872,2.6900390357775312
48660,"Wichita Falls, TX",TX,11940.0,995.0,65379.0,73038.55305933216,149358.0,89.513,93.757,68.208,96.24,53743.181818181816,46675.0,26419.973084786252,60039.527016390704,52143.264106889495,0.26803627407771496,0.2558117000196828,0.23992731001518502,0.22898472703861866,4.5011040048728495,46700.68237929889,38804.41946979768,1.3880246913580248,1.01,0.3374485596707819,3.6859670781893,244,50750.0,0.06798029556650247,0.0374384236453202,0.009064039408866995,0.00729064039408867,0.001379310344827586,0.013990147783251231,0.0031527093596059115,0.06975369458128079,0.003349753694581281,0.07467980295566502,0.06463054187192119,0.030541871921182268,0.11665024630541872,0.03625615763546798,0.013793103448275862,0.09201970443349754,0.12886699507389163,0.0,0.03270935960591133,0.05300492610837439,0.05714285714285714,0.08630541871921182,11.914108082960198,10.834686601143401,2,-3.6728766927580567,-1.348917652111565
48680,"Wildwood-The Villages, FL",FL,15228.0,1269.0,76508.0,89562.65218205655,143408.0,85.424,96.24,51.733,98.864,59928.882681564246,47950.0,32260.336204122425,70154.62010859272,56131.766248361106,0.3108438069844399,0.3175808133472367,0.265535213678388,0.2712902339937435,3.9354401550803946,52328.24812882122,38305.39426858962,1.5248022598870055,1.15,0.4463276836158192,4.797220338983051,181,33780.0,0.06127886323268206,0.046773238602723505,0.012137359384251036,0.005920663114268798,0.0041444641799881585,0.006808762581409118,0.0041444641799881585,0.017169923031379514,0.0020722320899940793,0.0793368857312019,0.0526939017169923,0.04914150384843102,0.145352279455299,0.044997039668442866,0.013025458851391355,0.11900532859680284,0.12551805802249852,0.0,0.07134399052693902,0.03848431024274719,0.019242155121373596,0.08140911782119598,11.873455966684512,10.427653793239193,2,-2.2626408377005864,-2.6894469320192185
48700,"Williamsport, PA",PA,10956.0,913.0,63917.0,69211.69463995668,113489.0,92.35,100.684,64.392,97.726,57181.80257510729,49900.0,26797.954361174932,61918.573443537956,54033.567948023825,0.22641284961979163,0.21955911823647295,0.20909226662387756,0.20276284569138275,5.219222578961966,50055.0109096993,42170.005414185165,1.2766239316239316,1.11,0.358974358974359,3.7831923076923073,235,44300.0,0.062302483069977425,0.040857787810383746,0.009029345372460496,0.012415349887133182,0.003160270880361174,0.017607223476297968,0.005417607223476298,0.04695259593679458,0.004514672686230248,0.07900677200902935,0.062302483069977425,0.01851015801354402,0.09751693002257336,0.029571106094808126,0.016930022573363433,0.08939051918735892,0.12415349887133183,0.0,0.0381489841986456,0.04672686230248307,0.0997742663656885,0.09571106094808127,11.639470006295184,10.698762529141884,2,-3.679648339318778,0.6952404964310631
48900,"Wilmington, NC",NC,16668.0,1389.0,76471.0,79308.66399784281,453347.0,96.422,96.621,93.215,98.186,59772.52380952381,49655.0,29460.429272147303,61990.545528534785,51497.58353902637,0.33401982090631044,0.3356803349658848,0.32206859171428265,0.32366969258080547,3.586064543407956,44704.034151463165,34211.07216195474,1.2113908872901678,1.02,0.33093525179856115,2.311441247002398,428,180150.0,0.05317790729947266,0.05373300027754649,0.018817651956702746,0.012878157091312795,0.010602275881210103,0.01620871495975576,0.00588398556758257,0.05312239800166528,0.01154593394393561,0.07377185678601166,0.04623924507354982,0.022481265611990008,0.13916180960310853,0.03363863447127394,0.02375797946155981,0.11235081876214266,0.11507077435470442,0.0007216208714959756,0.04746044962531224,0.042520122120455174,0.030141548709408827,0.07671384956980294,13.024415321461957,12.101550667090613,3,1.3298107740352878,-3.269617603828005
49020,"Winchester, VA-WV",VA,16296.0,1358.0,84298.0,87400.72576464489,146386.0,96.45,96.699,90.009,98.797,61752.72727272727,51080.0,31520.078077182803,64025.637400442996,52960.08294453085,0.3182636255664705,0.3190633241665838,0.30696526685886083,0.30773657615867006,3.7894407997500785,47129.83646731703,36064.282011404866,1.1578775510204082,1.01,0.2653061224489796,3.551040816326531,245,59430.0,0.0508160861517752,0.07689718997139491,0.02288406528689214,0.008076728924785462,0.0028605081608615176,0.01884570082449941,0.00370183409052667,0.020191822311963654,0.010264176341914857,0.06511862695608278,0.045263335015985194,0.01144203264344607,0.09305064782096584,0.03398956755847215,0.014470805990240618,0.10466094565034495,0.12569409389197375,0.0,0.031297324583543666,0.0430758875988558,0.05821975433282854,0.15917886589264682,11.894009078752381,10.992571254737735,3,0.38664013717100515,-1.64491631711867
49180,"Winston-Salem, NC",NC,12192.0,1016.0,65975.0,71678.45463533347,689766.0,92.043,96.621,71.377,98.186,58889.02127659575,50110.0,28049.608891297765,63979.902085542344,54441.94561237682,0.24631398755916462,0.24330481680049854,0.2267147835690819,0.22394505252768288,4.830136259563299,50733.91922970323,41195.9627565377,1.22,0.96,0.2692307692307692,2.064709401709402,477,264200.0,0.05639666919000757,0.05711582134746404,0.021423164269492808,0.00927327781983346,0.004466313398940197,0.012452687358062074,0.00696442089326268,0.060787282361847085,0.009538228614685845,0.09023467070401212,0.0420893262679788,0.019947009841029522,0.09784254352763058,0.028425435276305828,0.01733535200605602,0.09436033308099924,0.11529144587433762,0.0003028009084027252,0.03557910673732021,0.03868281604844814,0.0823996971990916,0.09909159727479182,13.444109138386901,12.484465456074554,4,-0.838930837116996,1.3698130872286154
49340,"Worcester, MA",MA,17112.0,1426.0,95939.0,93578.02639407742,867788.0,102.523,97.015,113.001,101.197,72826.72233820459,64790.0,33411.00536979143,71034.52136418616,63195.575626932485,0.27836628366176264,0.2641148325358852,0.2853894649985489,0.2707784497607656,4.255886064644962,54343.63249047002,46504.686753216345,1.2299579831932774,1.0,0.35084033613445376,2.0473466386554624,491,342980.0,0.07341535949618054,0.053385037028398155,0.021488133418858243,0.01766866872703948,0.013586798064027057,0.029331156335646393,0.004227651758120007,0.08394075456294828,0.009504927401014636,0.07755554259723599,0.07003323808968454,0.021867164266137967,0.07945069683363462,0.025045192139483353,0.020292728438976032,0.08096682022275352,0.11210566213773397,0.00014578109510758646,0.03624118024374599,0.03285905883724999,0.05880809376640037,0.0780803545396233,13.673703876534315,12.745430331027789,5,4.069399612064066,3.3124873922187676
49420,"Yakima, WA",WA,13308.0,1109.0,70656.0,73950.49453137265,257152.0,95.545,105.028,72.628,99.472,65215.0505050505,57390.0,29327.859726938503,68255.84855832382,60065.93751635355,0.237783662979341,0.23188708834291688,0.22719040079361136,0.22155651855723993,4.9004396231627965,54327.33319906903,46137.42215709875,1.7661694915254236,0.96,0.31864406779661014,3.163328813559322,299,91910.0,0.03361984550103362,0.03895114786203895,0.008377760853008377,0.004896094005004896,0.0058753128060058755,0.026765313894026765,0.004243281471004243,0.07703187901207703,0.005331302361005331,0.04678489827004678,0.08421281688608422,0.019693178109019695,0.08747687955608748,0.030355782831030357,0.010118594277010118,0.08845609835708845,0.10608203677510608,0.044717658579044715,0.03536067892503536,0.041453595909041456,0.05799151343705799,0.1422043303231422,12.457426517477613,11.428575996501866,5,-1.235846282247029,2.5616289132680166
49620,"York-Hanover, PA",PA,14316.0,1193.0,84829.0,88363.54166666667,462924.0,96.0,100.684,79.762,97.726,61200.42929292929,52525.0,29274.16117454894,63750.44718013469,54713.54166666667,0.27805188096679934,0.27256452342887016,0.26692980572812736,0.26166194249171537,4.274967120210205,48837.94718013469,39801.04166666667,1.1483165829145727,0.96,0.2964824120603015,2.426319095477387,403,176710.0,0.06298455095919869,0.050251825024050706,0.014996321656952069,0.019014204063154322,0.004017882406202252,0.0158451700526286,0.003848112727066946,0.04770527983702111,0.006111708448871032,0.06123026427480052,0.04102767245769905,0.013411804651689209,0.08482824967460811,0.025465451870295964,0.017825816309207175,0.08431894063720219,0.10786033614396469,0.00045271914436081716,0.041650161281195176,0.048893667590968255,0.09558032935317752,0.15267953143568558,13.045320332906016,12.082270908775394,4,0.28917220123562193,0.6222941084418955
49660,"Youngstown-Warren, OH",OH,9540.0,795.0,56713.0,64893.47094766231,427420.0,87.394,93.628,53.448,98.939,55538.760330578516,48730.0,25439.47050370149,63549.85505936163,55758.976588781836,0.20069441219467554,0.19577262466652987,0.17539487459341477,0.1710935276010671,5.821672990626679,52633.77386385622,44842.89539327643,1.2112777777777777,1.005,0.3277777777777778,2.615908333333333,368,151050.0,0.060642171466401856,0.039920556107249254,0.009665673618007282,0.009069844422376697,0.0025819265143992055,0.02058920887123469,0.004766633565044687,0.058854683879510095,0.008076795762992387,0.07706057596822244,0.05190334326381993,0.026481297583581597,0.11506123800066204,0.03184376034425687,0.01661701423369745,0.0988414432307183,0.10830850711684872,0.0004634227077126779,0.03634558093346574,0.038728897715988087,0.07461105594174114,0.10956636875206885,12.965524754960555,11.9253728071173,2,-3.8383346786556825,2.2750957660084845
49700,"Yuba City, CA",CA,16632.0,1386.0,78179.0,75004.07740350945,183364.0,104.233,105.168,108.279,100.267,67047.86666666667,57310.0,32429.66322729414,64324.98984646577,54982.587088542015,0.2964625706140576,0.29021113243762,0.3090118312281507,0.30249576967370445,4.031257014590348,48368.430983149934,39026.028225226175,1.4256194690265487,1.05,0.3672566371681416,3.934504424778761,228,45210.0,0.05662464056624641,0.039150630391506305,0.0081840300818403,0.014156160141561602,0.004423800044238001,0.0247732802477328,0.0019907100199071004,0.0878124308781243,0.0028754700287547,0.05706702057067021,0.0953328909533289,0.022119000221190004,0.10506525105065251,0.029860650298606503,0.013271400132714002,0.09776598097765982,0.11103738111037381,0.025658040256580403,0.0362751603627516,0.0409201504092015,0.021455430214554302,0.1041804910418049,12.119233980897633,10.719095699044251,5,0.4337598485779094,-1.2498620863239083
49740,"Yuma, AZ",AZ,11916.0,993.0,62876.0,67823.01037689038,211741.0,92.706,96.237,73.776,99.838,57689.75,48620.0,27552.955660466163,62228.71227320777,52445.36491704959,0.24257213737629682,0.24508558194465965,0.22487892567606974,0.22720903959761618,4.8413687479019805,49375.17528531056,39591.82792915238,1.4279411764705883,0.92,0.25630252100840334,3.672449579831933,242,60280.0,0.0617120106171201,0.05009953550099536,0.012939615129396152,0.00829462508294625,0.0034837425348374254,0.015262110152621102,0.0036496350364963502,0.05557398805573988,0.0046449900464499,0.05474452554744526,0.03135368281353683,0.06735235567352356,0.09671532846715329,0.029528865295288653,0.007133377571333776,0.09223623092236231,0.1300597213005972,0.06337093563370935,0.04031187790311878,0.05391506303915063,0.02903118779031188,0.08858659588586595,12.263123831399186,11.006772241852998,2,-2.519097596677216,-0.39550993056226214
