source_cbsa_code,source_metro,source_cluster,neighbor_rank,neighbor_cbsa_code,neighbor_metro,neighbor_cluster,distance,neighbor_annual_rent,neighbor_rpp_all_items,neighbor_rpp_housing,neighbor_median_household_income,neighbor_real_household_income,neighbor_mean_real_occ_wage,neighbor_mean_real_income_after_rent,neighbor_mean_rent_burden,neighbor_share_high_lq
10180,"Abilene, TX",2,1,41660,"San Angelo, TX",2,2.555761313549976,13860.0,92.453,81.442,68419.0,74004.08856391897,58094.47881147742,43103.07777527525,0.30891388764814864,0.3392070484581498
10180,"Abilene, TX",2,2,31180,"Lubbock, TX",3,3.1298040059575016,13908.0,91.317,76.357,63629.0,69679.24920880012,60446.15502547761,45215.69410363392,0.30262482152632064,0.2794871794871795
10180,"Abilene, TX",2,3,11100,"Amarillo, TX",2,3.19848831254776,13032.0,91.82,78.38,69611.0,75812.45915922457,61035.46924106171,46842.48296356226,0.2803830781797324,0.2767857142857143
10180,"Abilene, TX",2,4,48660,"Wichita Falls, TX",2,3.340391000080835,11940.0,89.513,68.208,65379.0,73038.55305933216,60039.527016390704,46700.68237929889,0.26803627407771496,0.3374485596707819
10180,"Abilene, TX",2,5,17300,"Clarksville, TN-KY",2,3.4389141830222076,14484.0,90.947,73.801,68967.0,75832.07802346422,62072.269197078145,46146.51023856385,0.3053920742170733,0.33663366336633666
10180,"Abilene, TX",2,6,41540,"Salisbury, MD",2,3.7633423696897284,15288.0,95.617,87.212,73802.0,77185.01940031584,64197.91982597236,48209.13122143551,0.2976588692551509,0.3983402489626556
10180,"Abilene, TX",2,7,47380,"Waco, TX",4,3.8087943247232423,13812.0,92.55,83.531,66205.0,71534.30578065911,63271.5083520552,48347.68339257384,0.28515605049146603,0.2621082621082621
10180,"Abilene, TX",2,8,47020,"Victoria, TX",2,3.8407027621307734,13812.0,89.839,69.318,70236.0,78179.85507407696,60374.08746734778,44999.91811995968,0.30440067181058594,0.4020618556701031
10180,"Abilene, TX",2,9,28660,"Killeen-Temple, TX",2,4.060757523881028,14604.0,91.132,77.884,69923.0,76727.16499144098,62653.03964041871,46627.93320140717,0.308148462556426,0.30158730158730157
10180,"Abilene, TX",2,10,43340,"Shreveport-Bossier City, LA",2,4.247640319289124,12168.0,84.766,52.286,55925.0,65975.74499209588,63475.7282131115,49120.916142234026,0.2779671839710722,0.3884057971014493
10380,"Aguadilla, PR",2,1,11640,"Arecibo, PR",2,3.7143782007389414,6600.0,,,25084.0,,,,0.23296854931898064,0.45454545454545453
10380,"Aguadilla, PR",2,2,32420,"Mayaguez, PR",2,3.8920398587993623,6048.0,,,21163.0,,,,0.2200711591994767,0.46153846153846156
10380,"Aguadilla, PR",2,3,38660,"Ponce, PR",2,4.846209191456583,6396.0,,,22247.0,,,,0.22019577939120014,0.4117647058823529
10380,"Aguadilla, PR",2,4,44940,"Sumter, SC",2,8.125724839130775,12684.0,88.02,60.833,56693.0,64409.22517609634,62039.69670581962,47629.335424292694,0.289801782055298,0.3563218390804598
10380,"Aguadilla, PR",2,5,33140,"Michigan City-La Porte, IN",2,8.180969470197656,11712.0,91.682,68.451,71055.0,77501.58155363103,60308.200852819915,47533.61042067401,0.24751796376976304,0.34759358288770054
10380,"Aguadilla, PR",2,6,22520,"Florence-Muscle Shoals, AL",2,8.18118672663049,10236.0,84.817,47.677,61891.0,72970.04138321328,60980.613091131,48912.27773383236,0.2468446353120323,0.4383561643835616
10380,"Aguadilla, PR",2,7,40580,"Rocky Mount, NC",2,8.254767661553771,11040.0,88.012,56.103,59636.0,67758.94196245966,63586.16470998596,51042.42067508163,0.23718808245067868,0.37398373983739835
10380,"Aguadilla, PR",2,8,24140,"Goldsboro, NC",2,8.261345360659586,11580.0,88.462,57.684,59733.0,67523.9085709118,60073.05161161477,46982.68512657035,0.26023030310527223,0.27835051546391754
10380,"Aguadilla, PR",2,9,36980,"Owensboro, KY",2,8.292741319870942,10884.0,88.61,55.698,68002.0,76743.03126058007,61968.56622802557,49685.52819620073,0.23782500534711193,0.36633663366336633
10380,"Aguadilla, PR",2,10,34620,"Muncie, IN",2,8.323343357807937,10872.0,88.148,57.474,58127.0,65942.50578572402,64374.798166014705,52040.99592433027,0.23166642453710123,0.375609756097561
10420,"Akron, OH",4,1,45780,"Toledo, OH",4,2.8954138780812837,11268.0,91.455,67.317,65486.0,71604.61429118145,66680.42277093793,54359.609256094576,0.21694709413389476,0.2801724137931034
10420,"Akron, OH",4,2,17140,"Cincinnati, OH-KY-IN",4,2.9174885861250304,13260.0,95.37,87.608,81120.0,85058.19440075495,67151.80475042066,53248.06143491264,0.24356120073391233,0.215311004784689
10420,"Akron, OH",4,3,19430,"Dayton-Kettering-Beavercreek, OH",4,2.940438278650053,12468.0,92.694,72.712,71739.0,77393.3587934494,69465.98837606114,56015.2795923211,0.2309123392681901,0.2871900826446281
10420,"Akron, OH",4,4,30460,"Lexington-Fayette, KY",4,3.000916270315919,13656.0,92.889,77.093,71966.0,77475.26617791127,65679.17980959354,50977.761988322985,0.2637648845559352,0.2595078299776286
10420,"Akron, OH",4,5,17410,"Cleveland, OH",4,3.0041146496356848,12600.0,93.923,79.434,70678.0,75251.00348157533,67255.02311467905,53839.77871234947,0.23579692944191716,0.25938009787928223
10420,"Akron, OH",4,6,49180,"Winston-Salem, NC",4,3.1116243085712796,12192.0,92.043,71.377,65975.0,71678.45463533347,63979.902085542344,50733.91922970323,0.24631398755916462,0.2692307692307692
10420,"Akron, OH",4,7,43780,"South Bend-Mishawaka, IN-MI",4,3.2710102872332443,12552.0,92.858,74.586,67217.0,72386.8702750436,64529.314989695355,51011.901304283216,0.24506448426998492,0.3015463917525773
10420,"Akron, OH",4,8,23060,"Fort Wayne, IN",4,3.27965541782395,12036.0,92.572,72.277,71213.0,76927.14859784815,63424.868905130206,50423.097311127705,0.23763223462009603,0.3185840707964602
10420,"Akron, OH",4,9,24580,"Green Bay, WI",4,3.309587847901976,12120.0,93.086,74.696,79267.0,85154.5882302387,65835.59204587441,52815.37418282305,0.22732122905949836,0.3058252427184466
10420,"Akron, OH",4,10,24660,"Greensboro-High Point, NC",4,3.342336472343567,13116.0,92.865,74.519,65565.0,70602.48748182846,64513.973821422944,50390.245829176136,0.2594799531728843,0.278
10500,"Albany, GA",2,1,31420,"Macon-Bibb County, GA",2,3.767043635426977,12528.0,88.528,58.916,59526.0,67239.74335803361,62706.12035379103,48554.66544686892,0.2700999257002899,0.3050847457627119
10500,"Albany, GA",2,2,17980,"Columbus, GA-AL",2,3.7740329225126863,12828.0,89.296,61.185,59336.0,66448.66511377889,62088.856915922086,47723.15184514624,0.2837119690139352,0.28152492668621704
10500,"Albany, GA",2,3,22500,"Florence, SC",2,3.7874386296137286,11208.0,86.774,52.425,54443.0,62741.14366054348,62566.05390515404,49649.74256765663,0.24883360441537591,0.35125448028673834
10500,"Albany, GA",2,4,45500,"Texarkana, TX-AR",2,3.8526606474518976,11400.0,84.012,49.885,55646.0,66235.77584154645,62572.92591513569,49003.43584228894,0.25881687835164313,0.3648068669527897
10500,"Albany, GA",2,5,48660,"Wichita Falls, TX",2,4.289748183456657,11940.0,89.513,68.208,65379.0,73038.55305933216,60039.527016390704,46700.68237929889,0.26803627407771496,0.3374485596707819
10500,"Albany, GA",2,6,46660,"Valdosta, GA",2,4.3277072443237765,12300.0,88.271,58.758,57085.0,64670.163473847584,59038.44953295425,45104.08830446471,0.2825291611788849,0.35864978902953587
10500,"Albany, GA",2,7,40580,"Rocky Mount, NC",2,4.333648551291515,11040.0,88.012,56.103,59636.0,67758.94196245966,63586.16470998596,51042.42067508163,0.23718808245067868,0.37398373983739835
10500,"Albany, GA",2,8,43340,"Shreveport-Bossier City, LA",2,4.3530896907078125,12168.0,84.766,52.286,55925.0,65975.74499209588,63475.7282131115,49120.916142234026,0.2779671839710722,0.3884057971014493
10500,"Albany, GA",2,9,36980,"Owensboro, KY",2,4.523196808215042,10884.0,88.61,55.698,68002.0,76743.03126058007,61968.56622802557,49685.52819620073,0.23782500534711193,0.36633663366336633
10500,"Albany, GA",2,10,28700,"Kingsport-Bristol, TN-VA",4,4.5321450948862285,10188.0,86.447,56.496,57792.0,66852.52235473758,65706.86528491796,53921.60957910977,0.21518060993346674,0.27586206896551724
10540,"Albany, OR",5,1,32780,"Medford, OR",5,4.900915368142466,16296.0,101.433,97.658,73999.0,72953.57526643202,62144.5270666695,46078.74965695077,0.29616088827104076,0.35174418604651164
10540,"Albany, OR",5,2,21660,"Eugene-Springfield, OR",5,5.55569959696105,16260.0,101.568,98.35,71544.0,70439.50850661626,64475.11932439578,48466.14011834663,0.2889320409761229,0.3464203233256351
10540,"Albany, OR",5,3,28740,"Kingston, NY",5,5.974452168128784,17100.0,100.709,110.173,86271.0,85663.64475866109,62617.465097360895,45637.850564399596,0.31443492088828084,0.3735408560311284
10540,"Albany, OR",5,4,23900,"Gettysburg, PA",2,5.99697529273788,13380.0,95.379,73.865,84092.0,88166.15816898897,59957.413696091804,45929.16848488179,0.27853825994911163,0.4228571428571429
10540,"Albany, OR",5,5,29540,"Lancaster, PA",3,6.147595936178222,16284.0,98.257,93.815,86959.0,88501.58258444691,61217.05816689836,44644.1931292929,0.3136956554666581,0.31685393258426964
10540,"Albany, OR",5,6,41420,"Salem, OR",5,6.293448446900298,16788.0,103.649,110.333,78900.0,76122.297369005,65913.51063560153,49716.53816119271,0.2875189685609681,0.313953488372093
10540,"Albany, OR",5,7,47220,"Vineland, NJ",5,6.337052840276356,15384.0,95.968,83.883,67436.0,70269.25641880627,67509.43891019229,51479.09546237635,0.2838642923153302,0.42738589211618255
10540,"Albany, OR",5,8,49700,"Yuba City, CA",5,6.3906692801379785,16632.0,104.233,108.279,78179.0,75004.07740350945,64324.98984646577,48368.430983149934,0.2964625706140576,0.3672566371681416
10540,"Albany, OR",5,9,39740,"Reading, PA",4,6.394843349076585,14172.0,97.06,85.419,79777.0,82193.48856377498,63929.24829493275,49327.970734660754,0.26702749400029324,0.2684729064039409
10540,"Albany, OR",5,10,26820,"Idaho Falls, ID",4,6.454306560530024,13524.0,94.412,83.985,80291.0,85043.21484557047,64894.98335528667,50570.53307354283,0.2703297036209735,0.35315985130111527
10580,"Albany-Schenectady-Troy, NY",4,1,40380,"Rochester, NY",4,3.8677433195190005,13716.0,97.035,87.481,76284.0,78614.93275622198,68855.4798247465,54720.37393511904,0.23952373161743856,0.31393298059964725
10580,"Albany-Schenectady-Troy, NY",4,2,31540,"Madison, WI",1,4.058996505743545,16248.0,97.287,99.748,88804.0,91280.4382908302,70765.56801523487,54064.46714872649,0.2777887735363412,0.3302238805970149
10580,"Albany-Schenectady-Troy, NY",4,3,15380,"Buffalo-Cheektowaga, NY",4,4.3935134945166014,12684.0,95.844,80.989,72237.0,75369.35019406537,71795.89607982081,58561.89082127568,0.2184560153424531,0.28027681660899656
10580,"Albany-Schenectady-Troy, NY",4,4,45060,"Syracuse, NY",4,4.465175983004288,12924.0,95.742,80.656,75492.0,78849.40778341793,70582.2444795936,57083.466513810556,0.22411724162820085,0.30980392156862746
10580,"Albany-Schenectady-Troy, NY",4,5,29620,"Lansing-East Lansing, MI",4,4.488761362532096,13032.0,94.991,83.472,72550.0,76375.65664115548,68225.30697149358,54506.112521493065,0.23614684705994923,0.3090909090909091
10580,"Albany-Schenectady-Troy, NY",4,6,40060,"Richmond, VA",1,4.599363454670564,17364.0,97.858,99.136,86679.0,88576.30444112897,68241.30691375065,50497.22875969068,0.3106618908925918,0.2777777777777778
10580,"Albany-Schenectady-Troy, NY",4,7,39300,"Providence-Warwick, RI-MA",4,4.835492671889469,15684.0,101.773,103.851,87040.0,85523.66541224097,68567.68550832792,53156.918408999016,0.26550380543656876,0.30124777183600715
10580,"Albany-Schenectady-Troy, NY",4,8,25540,"Hartford-West Hartford-East Hartford, CT",1,4.91142042278944,16992.0,102.746,110.234,95118.0,92575.86670040683,71257.96861612689,54720.09852872691,0.27788520830891394,0.2864864864864865
10580,"Albany-Schenectady-Troy, NY",4,9,49340,"Worcester, MA",5,5.103906432746159,17112.0,102.523,113.001,95939.0,93578.02639407742,71034.52136418616,54343.63249047002,0.27836628366176264,0.35084033613445376
10580,"Albany-Schenectady-Troy, NY",4,10,10740,"Albuquerque, NM",4,5.230429143161793,13872.0,95.546,89.153,70783.0,74082.64082222174,66245.07376741902,51726.412598976596,0.26366986004580767,0.2910602910602911
10740,"Albuquerque, NM",4,1,36420,"Oklahoma City, OK",4,3.6207851789117105,13488.0,90.408,73.885,72094.0,79742.94310238032,66009.0050723851,51089.97135855447,0.27197005468478924,0.2937062937062937
10740,"Albuquerque, NM",4,2,17900,"Columbia, SC",4,3.7115675226709075,14316.0,93.662,79.455,68359.0,72984.77504217291,63684.94238174577,48400.195098963,0.28677960507808814,0.23391812865497075
10740,"Albuquerque, NM",4,3,46060,"Tucson, AZ",4,3.8143895262897636,14544.0,96.896,91.765,70315.0,72567.49504623514,62973.76512906566,47963.857599343064,0.2787791107961612,0.25260960334029225
10740,"Albuquerque, NM",4,4,30460,"Lexington-Fayette, KY",4,3.903132699374842,13656.0,92.889,77.093,71966.0,77475.26617791127,65679.17980959354,50977.761988322985,0.2637648845559352,0.2595078299776286
10740,"Albuquerque, NM",4,5,28940,"Knoxville, TN",4,4.007138168556758,13740.0,92.569,82.783,72422.0,78235.69445494712,64160.4664692093,49317.48447739778,0.27624760022122646,0.29259259259259257
10740,"Albuquerque, NM",4,6,24860,"Greenville-Anderson-Greer, SC",4,4.082679134467964,13800.0,93.26,76.836,71240.0,76388.59103581385,64467.9390950032,49670.598327257125,0.27513359975790086,0.2655038759689923
10740,"Albuquerque, NM",4,7,38300,"Pittsburgh, PA",4,4.2867059043245614,12636.0,94.671,71.986,75762.0,80026.6184998574,66463.37941855424,53116.103061486065,0.23725910596419883,0.24960753532182103
10740,"Albuquerque, NM",4,8,40380,"Rochester, NY",4,4.427798061127306,13716.0,97.035,87.481,76284.0,78614.93275622198,68855.4798247465,54720.37393511904,0.23952373161743856,0.31393298059964725
10740,"Albuquerque, NM",4,9,13820,"Birmingham, AL",4,4.436857972004079,14064.0,91.644,71.851,71498.0,78017.10968530399,65723.20893893762,50376.868753000745,0.2824240211735994,0.31392931392931395
10740,"Albuquerque, NM",4,10,12260,"Augusta-Richmond County, GA-SC",4,4.460539052276576,13440.0,91.903,70.603,69344.0,75453.46724263625,65140.91119212998,50516.79663656596,0.2768530164375221,0.271264367816092
10780,"Alexandria, LA",2,1,33740,"Monroe, LA",2,4.17273056155085,11172.0,83.597,42.815,51660.0,61796.4759500939,62682.74243490622,49318.626497731435,0.26206553733126503,0.40601503759398494
10780,"Alexandria, LA",2,2,22500,"Florence, SC",2,4.337936598720006,11208.0,86.774,52.425,54443.0,62741.14366054348,62566.05390515404,49649.74256765663,0.24883360441537591,0.35125448028673834
10780,"Alexandria, LA",2,3,43340,"Shreveport-Bossier City, LA",2,4.352585670608815,12168.0,84.766,52.286,55925.0,65975.74499209588,63475.7282131115,49120.916142234026,0.2779671839710722,0.3884057971014493
10780,"Alexandria, LA",2,4,16020,"Cape Girardeau, MO-IL",2,4.844990686960714,10368.0,86.078,56.422,66759.0,77556.40233276795,63408.829935150614,51363.940416342084,0.22389822940887097,0.32857142857142857
10780,"Alexandria, LA",2,5,39380,"Pueblo, CO",2,4.946336294638716,13332.0,91.762,71.285,64010.0,69756.54410322355,65412.420195636885,50883.53024118951,0.2554319191910117,0.39763779527559057
10780,"Alexandria, LA",2,6,38540,"Pocatello, ID",2,5.085891274273417,11520.0,88.906,66.396,66499.0,74796.97658200796,62063.57907681719,49106.07339666061,0.24592540601312957,0.3468208092485549
10780,"Alexandria, LA",2,7,36980,"Owensboro, KY",2,5.10042404377905,10884.0,88.61,55.698,68002.0,76743.03126058007,61968.56622802557,49685.52819620073,0.23782500534711193,0.36633663366336633
10780,"Alexandria, LA",2,8,27860,"Jonesboro, AR",2,5.1373742323009814,11148.0,85.876,53.848,56738.0,66069.68186687781,60278.60351726368,47297.09529610759,0.25100764913006907,0.3983402489626556
10780,"Alexandria, LA",2,9,27180,"Jackson, TN",2,5.193558321377896,11964.0,85.522,56.567,61177.0,71533.64046678047,64366.84420383058,50377.461354972984,0.2560485348037776,0.3711340206185567
10780,"Alexandria, LA",2,10,10500,"Albany, GA",2,5.288229896785886,11400.0,87.669,54.626,56906.0,64910.05942807606,63410.94034166649,50407.48415989186,0.2527808062075669,0.3601694915254237
10900,"Allentown-Bethlehem-Easton, PA-NJ",4,1,39740,"Reading, PA",4,3.191895138560498,14172.0,97.06,85.419,79777.0,82193.48856377498,63929.24829493275,49327.970734660754,0.26702749400029324,0.2684729064039409
10900,"Allentown-Bethlehem-Easton, PA-NJ",4,2,49620,"York-Hanover, PA",4,3.849509328994434,14316.0,96.0,79.762,84829.0,88363.54166666667,63750.44718013469,48837.94718013469,0.27805188096679934,0.2964824120603015
10900,"Allentown-Bethlehem-Easton, PA-NJ",4,3,25420,"Harrisburg-Carlisle, PA",4,4.041164210204174,14544.0,98.65,96.28,80919.0,82026.35580334516,63772.066346825595,49029.035429440904,0.2705695567354116,0.21914893617021278
10900,"Allentown-Bethlehem-Easton, PA-NJ",4,4,29540,"Lancaster, PA",3,4.119102049103744,16284.0,98.257,93.815,86959.0,88501.58258444691,61217.05816689836,44644.1931292929,0.3136956554666581,0.31685393258426964
10900,"Allentown-Bethlehem-Easton, PA-NJ",4,5,25180,"Hagerstown-Martinsburg, MD-WV",4,4.451200979180729,13908.0,94.171,75.737,78802.0,83679.6890762549,63970.349531323714,49201.47163897894,0.2702539647279858,0.2708333333333333
10900,"Allentown-Bethlehem-Easton, PA-NJ",4,6,31140,"Louisville/Jefferson County, KY-IN",4,4.490657982300851,13392.0,93.074,78.558,73863.0,79359.43442851923,65402.935966981255,51014.384921576515,0.2548875194337051,0.21847246891651864
10900,"Allentown-Bethlehem-Easton, PA-NJ",4,7,30460,"Lexington-Fayette, KY",4,4.514629915517501,13656.0,92.889,77.093,71966.0,77475.26617791127,65679.17980959354,50977.761988322985,0.2637648845559352,0.2595078299776286
10900,"Allentown-Bethlehem-Easton, PA-NJ",4,8,24340,"Grand Rapids-Wyoming-Kentwood, MI",4,4.64991657454774,14424.0,95.546,86.596,82874.0,86737.27837900068,64744.44559242641,49648.05223216016,0.2729372434726822,0.2539964476021314
10900,"Allentown-Bethlehem-Easton, PA-NJ",4,9,26900,"Indianapolis-Carmel-Greenwood, IN",4,4.671043463342917,14292.0,95.696,88.917,79852.0,83443.40411302458,67102.48315808205,52167.689645291546,0.26071779381385785,0.23014586709886548
10900,"Allentown-Bethlehem-Easton, PA-NJ",4,10,28940,"Knoxville, TN",4,4.761622526155418,13740.0,92.569,82.783,72422.0,78235.69445494712,64160.4664692093,49317.48447739778,0.27624760022122646,0.29259259259259257
11020,"Altoona, PA",2,1,48700,"Williamsport, PA",2,2.9720484858608107,10956.0,92.35,64.392,63917.0,69211.69463995668,61918.573443537956,50055.0109096993,0.22641284961979163,0.358974358974359
11020,"Altoona, PA",2,2,36980,"Owensboro, KY",2,3.485614317214441,10884.0,88.61,55.698,68002.0,76743.03126058007,61968.56622802557,49685.52819620073,0.23782500534711193,0.36633663366336633
11020,"Altoona, PA",2,3,27780,"Johnstown, PA",2,3.566469599473978,8868.0,85.929,42.333,58418.0,67984.03332984207,62586.554015524445,52266.40598633756,0.1936110100727031,0.38565022421524664
11020,"Altoona, PA",2,4,22500,"Florence, SC",2,3.572188333728346,11208.0,86.774,52.425,54443.0,62741.14366054348,62566.05390515404,49649.74256765663,0.24883360441537591,0.35125448028673834
11020,"Altoona, PA",2,5,40580,"Rocky Mount, NC",2,3.7207085728463714,11040.0,88.012,56.103,59636.0,67758.94196245966,63586.16470998596,51042.42067508163,0.23718808245067868,0.37398373983739835
11020,"Altoona, PA",2,6,21500,"Erie, PA",4,3.758607477379945,10848.0,90.95,56.83,63354.0,69658.0538757559,63101.11761660605,51173.68496130094,0.22484026575282168,0.2936046511627907
11020,"Altoona, PA",2,7,48260,"Weirton-Steubenville, WV-OH",2,3.8640291267549243,9420.0,89.024,52.383,58784.0,66031.63191948239,61784.71012197054,51203.293874666444,0.20762400003583392,0.40782122905027934
11020,"Altoona, PA",2,8,30620,"Lima, OH",2,4.055406712985763,11064.0,89.669,57.275,64038.0,71415.9854576275,64678.78328276013,52340.07090724574,0.22672824193499586,0.34545454545454546
11020,"Altoona, PA",2,9,16020,"Cape Girardeau, MO-IL",2,4.091768380402615,10368.0,86.078,56.422,66759.0,77556.40233276795,63408.829935150614,51363.940416342084,0.22389822940887097,0.32857142857142857
11020,"Altoona, PA",2,10,27180,"Jackson, TN",2,4.094924746467025,11964.0,85.522,56.567,61177.0,71533.64046678047,64366.84420383058,50377.461354972984,0.2560485348037776,0.3711340206185567
11100,"Amarillo, TX",2,1,47380,"Waco, TX",4,2.488713044641052,13812.0,92.55,83.531,66205.0,71534.30578065911,63271.5083520552,48347.68339257384,0.28515605049146603,0.2621082621082621
11100,"Amarillo, TX",2,2,31180,"Lubbock, TX",3,2.9623074760401393,13908.0,91.317,76.357,63629.0,69679.24920880012,60446.15502547761,45215.69410363392,0.30262482152632064,0.2794871794871795
11100,"Amarillo, TX",2,3,10180,"Abilene, TX",2,3.19848831254776,13692.0,90.364,73.791,67328.0,74507.54725333097,61015.10519141739,45863.05348941217,0.29480265501265174,0.3494809688581315
11100,"Amarillo, TX",2,4,48660,"Wichita Falls, TX",2,3.315017629329226,11940.0,89.513,68.208,65379.0,73038.55305933216,60039.527016390704,46700.68237929889,0.26803627407771496,0.3374485596707819
11100,"Amarillo, TX",2,5,18580,"Corpus Christi, TX",3,3.3698022889336516,15300.0,92.671,84.905,67453.0,72787.60345739228,62721.401517195234,46211.38220155172,0.3196434298238254,0.3065326633165829
11100,"Amarillo, TX",2,6,17300,"Clarksville, TN-KY",2,3.3989776730035266,14484.0,90.947,73.801,68967.0,75832.07802346422,62072.269197078145,46146.51023856385,0.3053920742170733,0.33663366336633666
11100,"Amarillo, TX",2,7,41660,"San Angelo, TX",2,3.4153657514541216,13860.0,92.453,81.442,68419.0,74004.08856391897,58094.47881147742,43103.07777527525,0.30891388764814864,0.3392070484581498
11100,"Amarillo, TX",2,8,30980,"Longview, TX",2,3.435350392166182,12720.0,89.485,66.749,66647.0,74478.40420182153,61945.59707644817,47730.924226249816,0.2785181405920559,0.3224852071005917
11100,"Amarillo, TX",2,9,16860,"Chattanooga, TN-GA",4,3.4546297800944803,13956.0,91.464,76.55,72161.0,78895.52173532757,62800.371904345215,47541.90955850423,0.286937745330927,0.2907488986784141
11100,"Amarillo, TX",2,10,17980,"Columbus, GA-AL",2,3.5935050683315577,12828.0,89.296,61.185,59336.0,66448.66511377889,62088.856915922086,47723.15184514624,0.2837119690139352,0.28152492668621704
11180,"Ames, IA",4,1,26980,"Iowa City, IA",4,5.088409894078349,13164.0,91.509,83.99,75088.0,82055.31696335878,67430.9239948099,53045.45371319825,0.24931097387042098,0.3543046357615894
11180,"Ames, IA",4,2,22020,"Fargo, ND-MN",4,5.137568762344941,11604.0,90.871,81.142,76756.0,84466.99166950952,70028.45303293191,57258.702507461734,0.2124077502340074,0.3530864197530864
11180,"Ames, IA",4,3,16580,"Champaign-Urbana, IL",4,5.370607185081326,12516.0,92.704,71.604,65528.0,70685.19157749396,69408.1661432769,55907.130589255496,0.22760665799329224,0.34036144578313254
11180,"Ames, IA",4,4,24220,"Grand Forks, ND-MN",4,5.406669978499092,11604.0,86.663,59.664,69836.0,80583.40929808568,73071.52429956778,59681.72703891446,0.21408348900295954,0.34156378600823045
11180,"Ames, IA",4,5,47940,"Waterloo-Cedar Falls, IA",4,5.504515837699326,11724.0,87.057,63.13,70811.0,81338.66317470162,68655.5861916745,55188.54735505022,0.23019771670532055,0.3227848101265823
11180,"Ames, IA",4,6,16300,"Cedar Rapids, IA",4,5.534291958349597,11136.0,88.963,71.447,78080.0,87766.82441014805,67989.84945273602,55472.285971288664,0.21432513824084137,0.3076923076923077
11180,"Ames, IA",4,7,13900,"Bismarck, ND",4,5.67741807180914,12252.0,91.024,84.013,85156.0,93553.3485674108,70374.38485583403,56914.198531348185,0.22044076465903792,0.4201388888888889
11180,"Ames, IA",4,8,30700,"Lincoln, NE",4,5.7330002077701225,12984.0,91.581,84.208,75049.0,81948.22070080039,66038.39117887121,51860.77791847877,0.24763292461288774,0.40046296296296297
11180,"Ames, IA",4,9,28020,"Kalamazoo-Portage, MI",4,5.74430546002222,13116.0,94.84,81.59,72532.0,76478.27920708562,66113.98144242936,52284.37368199071,0.24899406391349468,0.3254437869822485
11180,"Ames, IA",4,10,19340,"Davenport-Moline-Rock Island, IA-IL",4,5.791064574096139,11292.0,89.079,68.346,72738.0,81655.60906610986,68382.6994289967,55706.31105463237,0.21823192377203676,0.26218097447795824
11200,"Amherst Town-Northampton, MA",5,1,38340,"Pittsfield, MA",5,6.272315499372985,13164.0,95.106,73.452,76013.0,79924.50528883561,72935.90909386499,59094.51107481257,0.22577645314782158,0.398406374501992
11200,"Amherst Town-Northampton, MA",5,2,49340,"Worcester, MA",5,6.517472210421453,17112.0,102.523,113.001,95939.0,93578.02639407742,71034.52136418616,54343.63249047002,0.27836628366176264,0.35084033613445376
11200,"Amherst Town-Northampton, MA",5,3,35980,"Norwich-New London-Willimantic, CT",5,6.714225140793297,16380.0,100.445,93.662,86586.0,86202.3993230126,70612.52787414845,54305.0959462277,0.27632534853659135,0.3179190751445087
11200,"Amherst Town-Northampton, MA",5,4,47930,"Waterbury-Shelton, CT",5,6.789061303971268,15960.0,99.778,89.111,86191.0,86382.76974884242,68011.71009898384,52016.20006671219,0.27924712171290555,0.3435897435897436
11200,"Amherst Town-Northampton, MA",5,5,27060,"Ithaca, NY",5,7.129706368745727,16932.0,103.317,128.377,74024.0,71647.45395239894,65941.53291261074,49553.136036975564,0.2903036975053755,0.4279661016949153
11200,"Amherst Town-Northampton, MA",5,6,44140,"Springfield, MA",4,7.323643936702558,13632.0,96.061,75.781,71306.0,74229.91640728287,72570.62867475166,58379.64586174743,0.23041363977535873,0.29048843187660667
11200,"Amherst Town-Northampton, MA",5,7,10580,"Albany-Schenectady-Troy, NY",4,7.5055290797834004,15360.0,99.566,102.582,88074.0,88457.90731775906,70461.07192936643,55034.118953450954,0.25776651404899287,0.35304347826086957
11200,"Amherst Town-Northampton, MA",5,8,15540,"Burlington-South Burlington, VT",1,7.518532939645031,18972.0,100.949,103.842,93043.0,92168.32261835184,66738.16237156141,47944.51409371814,0.3245192313047483,0.39050131926121373
11200,"Amherst Town-Northampton, MA",5,9,16580,"Champaign-Urbana, IL",4,7.52640163198899,12516.0,92.704,71.604,65528.0,70685.19157749396,69408.1661432769,55907.130589255496,0.22760665799329224,0.34036144578313254
11200,"Amherst Town-Northampton, MA",5,10,40380,"Rochester, NY",4,7.655447944069963,13716.0,97.035,87.481,76284.0,78614.93275622198,68855.4798247465,54720.37393511904,0.23952373161743856,0.31393298059964725
11260,"Anchorage, AK",5,1,38860,"Portland-South Portland, ME",1,5.924126811995494,17820.0,101.858,105.164,92175.0,90493.62838461387,65501.915349666735,48006.971408101024,0.3058479428735404,0.3081761006289308
11260,"Anchorage, AK",5,2,21820,"Fairbanks-College, AK",5,6.058423598691237,17508.0,103.208,92.562,88267.0,85523.40903805905,66762.66140506393,49798.860149347325,0.29862945499571475,0.49528301886792453
11260,"Anchorage, AK",5,3,34580,"Mount Vernon-Anacortes, WA",5,6.199993886905211,18432.0,102.443,108.165,89263.0,87134.30883515712,70483.64866543798,52491.204086501406,0.2974167363049318,0.4555984555984556
11260,"Anchorage, AK",5,4,13460,"Bend, OR",3,6.4088160464556445,20364.0,103.607,109.958,89788.0,86662.09812078334,63998.86696921613,44343.824356265264,0.35544100910429943,0.3914209115281501
11260,"Anchorage, AK",5,5,49340,"Worcester, MA",5,6.4100434561549,17112.0,102.523,113.001,95939.0,93578.02639407742,71034.52136418616,54343.63249047002,0.27836628366176264,0.35084033613445376
11260,"Anchorage, AK",5,6,21660,"Eugene-Springfield, OR",5,6.446647945263077,16260.0,101.568,98.35,71544.0,70439.50850661626,64475.11932439578,48466.14011834663,0.2889320409761229,0.3464203233256351
11260,"Anchorage, AK",5,7,41420,"Salem, OR",5,6.448568321634785,16788.0,103.649,110.333,78900.0,76122.297369005,65913.51063560153,49716.53816119271,0.2875189685609681,0.313953488372093
11260,"Anchorage, AK",5,8,10580,"Albany-Schenectady-Troy, NY",4,6.554092453807048,15360.0,99.566,102.582,88074.0,88457.90731775906,70461.07192936643,55034.118953450954,0.25776651404899287,0.35304347826086957
11260,"Anchorage, AK",5,9,22660,"Fort Collins-Loveland, CO",1,6.60193705600181,20592.0,101.128,120.592,93765.0,92719.12823352583,68590.8747918329,48228.56168369273,0.34663914441524585,0.41745283018867924
11260,"Anchorage, AK",5,10,35300,"New Haven, CT",1,6.68765100807675,18300.0,104.559,124.293,88197.0,84351.41881617077,69752.43215382156,52250.351988556016,0.2981927492560833,0.28832951945080093
11460,"Ann Arbor, MI",1,1,49340,"Worcester, MA",5,6.092459954127255,17112.0,102.523,113.001,95939.0,93578.02639407742,71034.52136418616,54343.63249047002,0.27836628366176264,0.35084033613445376
11460,"Ann Arbor, MI",1,2,35300,"New Haven, CT",1,6.949398453564015,18300.0,104.559,124.293,88197.0,84351.41881617077,69752.43215382156,52250.351988556016,0.2981927492560833,0.28832951945080093
11460,"Ann Arbor, MI",1,3,31540,"Madison, WI",1,7.261684975597493,16248.0,97.287,99.748,88804.0,91280.4382908302,70765.56801523487,54064.46714872649,0.2777887735363412,0.3302238805970149
11460,"Ann Arbor, MI",1,4,25540,"Hartford-West Hartford-East Hartford, CT",1,7.309915580438541,16992.0,102.746,110.234,95118.0,92575.86670040683,71257.96861612689,54720.09852872691,0.27788520830891394,0.2864864864864865
11460,"Ann Arbor, MI",1,5,39300,"Providence-Warwick, RI-MA",4,7.467568648548029,15684.0,101.773,103.851,87040.0,85523.66541224097,68567.68550832792,53156.918408999016,0.26550380543656876,0.30124777183600715
11460,"Ann Arbor, MI",1,6,40380,"Rochester, NY",4,7.495423834596033,13716.0,97.035,87.481,76284.0,78614.93275622198,68855.4798247465,54720.37393511904,0.23952373161743856,0.31393298059964725
11460,"Ann Arbor, MI",1,7,47930,"Waterbury-Shelton, CT",5,7.513598952651665,15960.0,99.778,89.111,86191.0,86382.76974884242,68011.71009898384,52016.20006671219,0.27924712171290555,0.3435897435897436
11460,"Ann Arbor, MI",1,8,10580,"Albany-Schenectady-Troy, NY",4,7.652674900484728,15360.0,99.566,102.582,88074.0,88457.90731775906,70461.07192936643,55034.118953450954,0.25776651404899287,0.35304347826086957
11460,"Ann Arbor, MI",1,9,16820,"Charlottesville, VA",1,7.710613217125814,19176.0,99.146,107.041,93598.0,94404.21197022573,67340.57421810836,47999.40059537018,0.3484298226855864,0.32285714285714284
11460,"Ann Arbor, MI",1,10,35980,"Norwich-New London-Willimantic, CT",5,7.7889242475552205,16380.0,100.445,93.662,86586.0,86202.3993230126,70612.52787414845,54305.0959462277,0.27632534853659135,0.3179190751445087
11500,"Anniston-Oxford, AL",2,1,22520,"Florence-Muscle Shoals, AL",2,3.9099332157847844,10236.0,84.817,47.677,61891.0,72970.04138321328,60980.613091131,48912.27773383236,0.2468446353120323,0.4383561643835616
11500,"Anniston-Oxford, AL",2,2,20020,"Dothan, AL",2,4.910833649529632,10920.0,83.833,46.872,57791.0,68935.86057996254,59876.342793150085,46850.446069902675,0.26989506182881967,0.4369747899159664
11500,"Anniston-Oxford, AL",2,3,40580,"Rocky Mount, NC",2,5.091296984467183,11040.0,88.012,56.103,59636.0,67758.94196245966,63586.16470998596,51042.42067508163,0.23718808245067868,0.37398373983739835
11500,"Anniston-Oxford, AL",2,4,34100,"Morristown, TN",2,5.12637837975325,10476.0,86.364,59.024,60553.0,70113.7047844009,60387.64810082568,48257.59391158017,0.23531920622132108,0.4077669902912621
11500,"Anniston-Oxford, AL",2,5,33140,"Michigan City-La Porte, IN",2,5.18881969013842,11712.0,91.682,68.451,71055.0,77501.58155363103,60308.200852819915,47533.61042067401,0.24751796376976304,0.34759358288770054
11500,"Anniston-Oxford, AL",2,6,45500,"Texarkana, TX-AR",2,5.203427598728933,11400.0,84.012,49.885,55646.0,66235.77584154645,62572.92591513569,49003.43584228894,0.25881687835164313,0.3648068669527897
11500,"Anniston-Oxford, AL",2,7,22900,"Fort Smith, AR-OK",2,5.249057493363724,10392.0,85.888,53.443,58468.0,68074.70193740685,58892.34541160423,46792.86702114223,0.23832657232574747,0.34797297297297297
11500,"Anniston-Oxford, AL",2,8,36980,"Owensboro, KY",2,5.265443151694835,10884.0,88.61,55.698,68002.0,76743.03126058007,61968.56622802557,49685.52819620073,0.23782500534711193,0.36633663366336633
11500,"Anniston-Oxford, AL",2,9,19460,"Decatur, AL",2,5.2901417388766845,10164.0,87.212,58.067,68116.0,78103.93065174518,64758.03586969434,53103.67637788128,0.2212756985888278,0.4156378600823045
11500,"Anniston-Oxford, AL",2,10,45460,"Terre Haute, IN",2,5.379088781415153,10704.0,87.797,51.923,56594.0,64460.0612777202,64655.30505805231,52463.544519537325,0.22269635004934,0.3898916967509025
11540,"Appleton, WI",4,1,24580,"Green Bay, WI",4,2.575078460488048,12120.0,93.086,74.696,79267.0,85154.5882302387,65835.59204587441,52815.37418282305,0.22732122905949836,0.3058252427184466
11540,"Appleton, WI",4,2,48140,"Wausau, WI",4,3.1001571846802554,11988.0,92.651,71.464,77884.0,84061.6938834983,66115.57611276988,53176.697957110475,0.23153445639447356,0.29545454545454547
11540,"Appleton, WI",4,3,39540,"Racine-Mount Pleasant, WI",4,3.413885769469035,12960.0,95.961,92.029,78096.0,81383.06186888424,64313.61930148584,50808.132697553,0.24865044638818126,0.31417624521072796
11540,"Appleton, WI",4,4,27500,"Janesville-Beloit, WI",4,3.43434413315576,12444.0,93.703,79.552,75673.0,80758.35352123197,66473.54932463648,53193.29148870807,0.24034669263041522,0.32567049808429116
11540,"Appleton, WI",4,5,20740,"Eau Claire, WI",4,3.518128339269793,12396.0,92.796,72.85,74595.0,80386.00801758695,65810.39035741365,52452.05594644766,0.23801879735332193,0.31715210355987056
11540,"Appleton, WI",4,6,22540,"Fond du Lac, WI",4,3.5716090700662613,11520.0,91.643,67.317,74275.0,81048.19789836647,66735.04795783637,54164.52975131761,0.2248073208782546,0.3613861386138614
11540,"Appleton, WI",4,7,36780,"Oshkosh-Neenah, WI",4,3.6385536544113464,11580.0,92.929,74.442,74925.0,80626.06936478386,68307.04823702751,55845.92200086871,0.21430529948188135,0.32450331125827814
11540,"Appleton, WI",4,8,29100,"La Crosse-Onalaska, WI-MN",4,3.890705426936592,12324.0,91.769,69.386,73340.0,79918.05511665158,67956.63342042305,54527.26184614416,0.23195177286284113,0.3104575163398693
11540,"Appleton, WI",4,9,21780,"Evansville, IN",4,4.029314608767676,11832.0,91.528,66.735,68232.0,74547.67939865396,64327.87401552051,51400.68233647148,0.2355851644071024,0.3278236914600551
11540,"Appleton, WI",4,10,23060,"Fort Wayne, IN",4,4.0651451342815825,12036.0,92.572,72.277,71213.0,76927.14859784815,63424.868905130206,50423.097311127705,0.23763223462009603,0.3185840707964602
11640,"Arecibo, PR",2,1,32420,"Mayaguez, PR",2,3.2570800643866242,6048.0,,,21163.0,,,,0.2200711591994767,0.46153846153846156
11640,"Arecibo, PR",2,2,10380,"Aguadilla, PR",2,3.7143782007389414,6336.0,,,22398.0,,,,0.21996112001289034,0.43617021276595747
11640,"Arecibo, PR",2,3,38660,"Ponce, PR",2,5.882321349317744,6396.0,,,22247.0,,,,0.22019577939120014,0.4117647058823529
11640,"Arecibo, PR",2,4,25020,"Guayama, PR",2,7.635436350321878,5640.0,,,21186.0,,,,0.20585713473858505,0.53125
11640,"Arecibo, PR",2,5,25620,"Hattiesburg, MS",2,8.972269191084308,12168.0,87.633,60.059,60285.0,68792.57813837254,55486.33373612134,41601.15349580091,0.3000192571494962,0.35655737704918034
11640,"Arecibo, PR",2,6,44940,"Sumter, SC",2,8.973012753189073,12684.0,88.02,60.833,56693.0,64409.22517609634,62039.69670581962,47629.335424292694,0.289801782055298,0.3563218390804598
11640,"Arecibo, PR",2,7,24140,"Goldsboro, NC",2,9.072982648149292,11580.0,88.462,57.684,59733.0,67523.9085709118,60073.05161161477,46982.68512657035,0.26023030310527223,0.27835051546391754
11640,"Arecibo, PR",2,8,42700,"Sebring, FL",2,9.075981850408201,12420.0,92.47,73.455,54897.0,59367.36238780145,55525.5908823282,42094.207731035895,0.2869409093661601,0.4097222222222222
11640,"Arecibo, PR",2,9,36980,"Owensboro, KY",2,9.215639138974161,10884.0,88.61,55.698,68002.0,76743.03126058007,61968.56622802557,49685.52819620073,0.23782500534711193,0.36633663366336633
11640,"Arecibo, PR",2,10,21420,"Enid, OK",2,9.217175869242828,11028.0,84.269,51.389,66182.0,78536.59115451708,57901.412353855616,44814.749405440416,0.26729098824487724,0.4492753623188406
11700,"Asheville, NC",3,1,48900,"Wilmington, NC",3,2.4605576830267792,16668.0,96.422,93.215,76471.0,79308.66399784281,61990.545528534785,44704.034151463165,0.33401982090631044,0.33093525179856115
11700,"Asheville, NC",3,2,12020,"Athens-Clarke County, GA",2,3.8762663762200584,14412.0,93.343,76.759,65608.0,70287.00598866545,60948.05798261451,45508.22853637858,0.3056447161735425,0.3210702341137124
11700,"Asheville, NC",3,3,40220,"Roanoke, VA",4,3.9615435830112906,12516.0,93.618,78.531,68761.0,73448.482129505,62641.13272502912,49271.9088578241,0.25237181089584726,0.2727272727272727
11700,"Asheville, NC",3,4,22180,"Fayetteville, NC",4,4.0053342705520265,14544.0,91.978,73.081,61763.0,67149.75320185263,64370.78897748841,48558.31208083921,0.29508008359611204,0.3083832335329341
11700,"Asheville, NC",3,5,29540,"Lancaster, PA",3,4.011368025619382,16284.0,98.257,93.815,86959.0,88501.58258444691,61217.05816689836,44644.1931292929,0.3136956554666581,0.31685393258426964
11700,"Asheville, NC",3,6,28940,"Knoxville, TN",4,4.091929421628687,13740.0,92.569,82.783,72422.0,78235.69445494712,64160.4664692093,49317.48447739778,0.27624760022122646,0.29259259259259257
11700,"Asheville, NC",3,7,17300,"Clarksville, TN-KY",2,4.164612089575237,14484.0,90.947,73.801,68967.0,75832.07802346422,62072.269197078145,46146.51023856385,0.3053920742170733,0.33663366336633666
11700,"Asheville, NC",3,8,24860,"Greenville-Anderson-Greer, SC",4,4.170518501735285,13800.0,93.26,76.836,71240.0,76388.59103581385,64467.9390950032,49670.598327257125,0.27513359975790086,0.2655038759689923
11700,"Asheville, NC",3,9,16860,"Chattanooga, TN-GA",4,4.290681413527874,13956.0,91.464,76.55,72161.0,78895.52173532757,62800.371904345215,47541.90955850423,0.286937745330927,0.2907488986784141
11700,"Asheville, NC",3,10,31180,"Lubbock, TX",3,4.312163355216341,13908.0,91.317,76.357,63629.0,69679.24920880012,60446.15502547761,45215.69410363392,0.30262482152632064,0.2794871794871795
12020,"Athens-Clarke County, GA",2,1,22180,"Fayetteville, NC",4,2.6820509292030112,14544.0,91.978,73.081,61763.0,67149.75320185263,64370.78897748841,48558.31208083921,0.29508008359611204,0.3083832335329341
12020,"Athens-Clarke County, GA",2,2,17300,"Clarksville, TN-KY",2,3.299528213529554,14484.0,90.947,73.801,68967.0,75832.07802346422,62072.269197078145,46146.51023856385,0.3053920742170733,0.33663366336633666
12020,"Athens-Clarke County, GA",2,3,17980,"Columbus, GA-AL",2,3.4475190601198777,12828.0,89.296,61.185,59336.0,66448.66511377889,62088.856915922086,47723.15184514624,0.2837119690139352,0.28152492668621704
12020,"Athens-Clarke County, GA",2,4,31180,"Lubbock, TX",3,3.5216531401828823,13908.0,91.317,76.357,63629.0,69679.24920880012,60446.15502547761,45215.69410363392,0.30262482152632064,0.2794871794871795
12020,"Athens-Clarke County, GA",2,5,28660,"Killeen-Temple, TX",2,3.5386617422937725,14604.0,91.132,77.884,69923.0,76727.16499144098,62653.03964041871,46627.93320140717,0.308148462556426,0.30158730158730157
12020,"Athens-Clarke County, GA",2,6,11700,"Asheville, NC",3,3.8762663762200584,15552.0,96.506,93.371,71838.0,74438.89499098502,61864.169371974436,45749.10916846377,0.3029191910352288,0.3237410071942446
12020,"Athens-Clarke County, GA",2,7,12260,"Augusta-Richmond County, GA-SC",4,4.07648524875731,13440.0,91.903,70.603,69344.0,75453.46724263625,65140.91119212998,50516.79663656596,0.2768530164375221,0.271264367816092
12020,"Athens-Clarke County, GA",2,8,11100,"Amarillo, TX",2,4.138417057567573,13032.0,91.82,78.38,69611.0,75812.45915922457,61035.46924106171,46842.48296356226,0.2803830781797324,0.2767857142857143
12020,"Athens-Clarke County, GA",2,9,48900,"Wilmington, NC",3,4.158106281067014,16668.0,96.422,93.215,76471.0,79308.66399784281,61990.545528534785,44704.034151463165,0.33401982090631044,0.33093525179856115
12020,"Athens-Clarke County, GA",2,10,46660,"Valdosta, GA",2,4.280770661014838,12300.0,88.271,58.758,57085.0,64670.163473847584,59038.44953295425,45104.08830446471,0.2825291611788849,0.35864978902953587
12060,"Atlanta-Sandy Springs-Roswell, GA",1,1,16740,"Charlotte-Concord-Gastonia, NC-SC",1,3.311473122084351,17676.0,97.348,97.635,83304.0,85573.40674692855,65335.56193294378,47178.02402769663,0.32930309038430056,0.20500782472613457
12060,"Atlanta-Sandy Springs-Roswell, GA",1,2,19100,"Dallas-Fort Worth-Arlington, TX",1,3.3286188499748253,19368.0,103.09,117.874,90275.0,87569.11436608787,64319.4799120766,45532.012650460536,0.35664425864692695,0.19602272727272727
12060,"Atlanta-Sandy Springs-Roswell, GA",1,3,34980,"Nashville-Davidson--Murfreesboro--Franklin, TN",1,3.9480104943161347,18336.0,96.338,104.626,85447.0,88695.0113143308,65971.2658122988,46938.27779095728,0.3405239575125513,0.24666666666666667
12060,"Atlanta-Sandy Springs-Roswell, GA",1,4,27260,"Jacksonville, FL",3,4.275451615920204,18156.0,99.484,109.777,79643.0,80056.08942141451,61809.61575844957,43559.44487669975,0.3471988980962408,0.21837088388214904
12060,"Atlanta-Sandy Springs-Roswell, GA",1,5,39580,"Raleigh-Cary, NC",1,4.457884992176685,18876.0,98.157,103.476,100103.0,101982.5381786322,66179.1612271303,46948.74464960654,0.34717101034965425,0.2859778597785978
12060,"Atlanta-Sandy Springs-Roswell, GA",1,6,26420,"Houston-Pasadena-The Woodlands, TX",1,4.498775657340942,17160.0,98.629,104.51,82168.0,83310.18260349389,65673.29157864783,48274.75767888204,0.3248826294257687,0.21343283582089553
12060,"Atlanta-Sandy Springs-Roswell, GA",1,7,38060,"Phoenix-Mesa-Chandler, AZ",1,4.60755158300661,20424.0,103.316,121.236,88301.0,85466.91703124394,63795.93762867011,44027.46033570484,0.36109507456401635,0.23355263157894737
12060,"Atlanta-Sandy Springs-Roswell, GA",1,8,12420,"Austin-Round Rock-San Marcos, TX",1,4.759009427108818,20712.0,98.066,120.361,100431.0,102411.64113964065,67353.5803706135,46233.110482986805,0.37534564831619,0.24790619765494137
12060,"Atlanta-Sandy Springs-Roswell, GA",1,9,41700,"San Antonio-New Braunfels, TX",4,4.848932196222548,16356.0,94.716,94.575,76213.0,80464.75780227206,65452.93090162896,48184.465172501885,0.3194721786194416,0.20689655172413793
12060,"Atlanta-Sandy Springs-Roswell, GA",1,10,19740,"Denver-Aurora-Centennial, CO",1,4.888807341947364,22488.0,105.782,146.919,105762.0,99981.09319165832,68715.38016701883,47456.564867629524,0.36132324131584176,0.2827140549273021
12100,"Atlantic City-Hammonton, NJ",5,1,29820,"Las Vegas-Henderson-North Las Vegas, NV",3,6.502218984211755,19512.0,100.215,115.538,76472.0,76307.93793344309,63278.97235594238,43808.83315522393,0.3629348527955352,0.2667844522968198
12100,"Atlantic City-Hammonton, NJ",5,2,28740,"Kingston, NY",5,7.116456060519758,17100.0,100.709,110.173,86271.0,85663.64475866109,62617.465097360895,45637.850564399596,0.31443492088828084,0.3735408560311284
12100,"Atlantic City-Hammonton, NJ",5,3,22380,"Flagstaff, AZ",3,7.188743567268053,17676.0,100.325,108.961,72966.0,72729.62870670321,61409.03851101806,43790.29941308633,0.32794761334216854,0.3493975903614458
12100,"Atlantic City-Hammonton, NJ",5,4,12700,"Barnstable Town, MA",5,7.202012795554245,20136.0,98.351,90.012,95241.0,96837.85624955516,72838.03876094738,52364.428934916126,0.3265738602549639,0.37142857142857144
12100,"Atlantic City-Hammonton, NJ",5,5,35980,"Norwich-New London-Willimantic, CT",5,7.381793557158484,16380.0,100.445,93.662,86586.0,86202.3993230126,70612.52787414845,54305.0959462277,0.27632534853659135,0.3179190751445087
12100,"Atlantic City-Hammonton, NJ",5,6,25060,"Gulfport-Biloxi, MS",2,7.40166157840782,13164.0,90.006,67.906,62418.0,69348.71008599427,61678.51801553741,47052.82639497877,0.29109976332567916,0.383248730964467
12100,"Atlantic City-Hammonton, NJ",5,7,21660,"Eugene-Springfield, OR",5,7.6287703982930015,16260.0,101.568,98.35,71544.0,70439.50850661626,64475.11932439578,48466.14011834663,0.2889320409761229,0.3464203233256351
12100,"Atlantic City-Hammonton, NJ",5,8,29940,"Lawrence, KS",4,7.827373779908992,13188.0,90.243,71.636,69746.0,77286.88097691788,66119.09008708678,51505.21421859836,0.2665996864431752,0.3055555555555556
12100,"Atlantic City-Hammonton, NJ",5,9,32780,"Medford, OR",5,7.892457546815735,16296.0,101.433,97.658,73999.0,72953.57526643202,62144.5270666695,46078.74965695077,0.29616088827104076,0.35174418604651164
12100,"Atlantic City-Hammonton, NJ",5,10,11700,"Asheville, NC",3,7.916905576639548,15552.0,96.506,93.371,71838.0,74438.89499098502,61864.169371974436,45749.10916846377,0.3029191910352288,0.3237410071942446
12220,"Auburn-Opelika, AL",2,1,14540,"Bowling Green, KY",2,3.565042323970612,11700.0,90.179,63.395,63328.0,70224.77516938532,60885.41767580124,47911.2219096029,0.2515916322732563,0.32967032967032966
12220,"Auburn-Opelika, AL",2,2,17300,"Clarksville, TN-KY",2,3.803541829628658,14484.0,90.947,73.801,68967.0,75832.07802346422,62072.269197078145,46146.51023856385,0.3053920742170733,0.33663366336633666
12220,"Auburn-Opelika, AL",2,3,33140,"Michigan City-La Porte, IN",2,3.875796710639058,11712.0,91.682,68.451,71055.0,77501.58155363103,60308.200852819915,47533.61042067401,0.24751796376976304,0.34759358288770054
12220,"Auburn-Opelika, AL",2,4,46660,"Valdosta, GA",2,3.8951050389450184,12300.0,88.271,58.758,57085.0,64670.163473847584,59038.44953295425,45104.08830446471,0.2825291611788849,0.35864978902953587
12220,"Auburn-Opelika, AL",2,5,15940,"Canton-Massillon, OH",4,4.028306609703858,10896.0,89.406,58.143,67801.0,75834.95514842404,63138.081042181606,50950.979505372,0.22437122305040677,0.3256997455470738
12220,"Auburn-Opelika, AL",2,6,40580,"Rocky Mount, NC",2,4.04941348457355,11040.0,88.012,56.103,59636.0,67758.94196245966,63586.16470998596,51042.42067508163,0.23718808245067868,0.37398373983739835
12220,"Auburn-Opelika, AL",2,7,29200,"Lafayette-West Lafayette, IN",4,4.1800796923229315,13284.0,93.43,76.442,62011.0,66371.61511291875,63154.16176103321,48936.03053979806,0.2642391809024139,0.26143790849673204
12220,"Auburn-Opelika, AL",2,8,25500,"Harrisonburg, VA",2,4.207611590055973,14076.0,94.892,82.272,75065.0,79105.72018716014,62081.14373235451,47247.438045889896,0.2815344368859989,0.36329588014981273
12220,"Auburn-Opelika, AL",2,9,34740,"Muskegon-Norton Shores, MI",2,4.228561660255764,12336.0,92.519,74.228,65024.0,70281.77995871118,61434.03112928609,48100.55368141052,0.2543614238559642,0.36134453781512604
12220,"Auburn-Opelika, AL",2,10,15500,"Burlington, NC",2,4.288180521100444,12768.0,93.196,77.88,65651.0,70444.01047255247,60993.965130447534,47293.8063253486,0.271091232246963,0.2661290322580645
12260,"Augusta-Richmond County, GA-SC",4,1,24860,"Greenville-Anderson-Greer, SC",4,3.062542722864332,13800.0,93.26,76.836,71240.0,76388.59103581385,64467.9390950032,49670.598327257125,0.27513359975790086,0.2655038759689923
12260,"Augusta-Richmond County, GA-SC",4,2,49180,"Winston-Salem, NC",4,3.341403253350636,12192.0,92.043,71.377,65975.0,71678.45463533347,63979.902085542344,50733.91922970323,0.24631398755916462,0.2692307692307692
12260,"Augusta-Richmond County, GA-SC",4,3,40220,"Roanoke, VA",4,3.383634014665802,12516.0,93.618,78.531,68761.0,73448.482129505,62641.13272502912,49271.9088578241,0.25237181089584726,0.2727272727272727
12260,"Augusta-Richmond County, GA-SC",4,4,22180,"Fayetteville, NC",4,3.478042080378027,14544.0,91.978,73.081,61763.0,67149.75320185263,64370.78897748841,48558.31208083921,0.29508008359611204,0.3083832335329341
12260,"Augusta-Richmond County, GA-SC",4,5,30460,"Lexington-Fayette, KY",4,3.604638889730686,13656.0,92.889,77.093,71966.0,77475.26617791127,65679.17980959354,50977.761988322985,0.2637648845559352,0.2595078299776286
12260,"Augusta-Richmond County, GA-SC",4,6,13820,"Birmingham, AL",4,3.618244209383746,14064.0,91.644,71.851,71498.0,78017.10968530399,65723.20893893762,50376.868753000745,0.2824240211735994,0.31392931392931395
12260,"Augusta-Richmond County, GA-SC",4,7,28940,"Knoxville, TN",4,3.6538754286793838,13740.0,92.569,82.783,72422.0,78235.69445494712,64160.4664692093,49317.48447739778,0.27624760022122646,0.29259259259259257
12260,"Augusta-Richmond County, GA-SC",4,8,24660,"Greensboro-High Point, NC",4,3.795927794551084,13116.0,92.865,74.519,65565.0,70602.48748182846,64513.973821422944,50390.245829176136,0.2594799531728843,0.278
12260,"Augusta-Richmond County, GA-SC",4,9,17980,"Columbus, GA-AL",2,3.8379042030895287,12828.0,89.296,61.185,59336.0,66448.66511377889,62088.856915922086,47723.15184514624,0.2837119690139352,0.28152492668621704
12260,"Augusta-Richmond County, GA-SC",4,10,31340,"Lynchburg, VA",4,4.011091333100095,11892.0,89.363,63.912,68996.0,77208.6881595291,66726.68393557685,53419.16292576295,0.23931646222428965,0.3181818181818182
12420,"Austin-Round Rock-San Marcos, TX",1,1,39580,"Raleigh-Cary, NC",1,3.753124236641066,18876.0,98.157,103.476,100103.0,101982.5381786322,66179.1612271303,46948.74464960654,0.34717101034965425,0.2859778597785978
12420,"Austin-Round Rock-San Marcos, TX",1,2,41620,"Salt Lake City-Murray, UT",1,4.180598260843077,18996.0,100.868,123.311,98083.0,97238.96577705516,64720.87363121331,45888.34002293319,0.34324829679863494,0.295
12420,"Austin-Round Rock-San Marcos, TX",1,3,12060,"Atlanta-Sandy Springs-Roswell, GA",1,4.759009427108818,20064.0,100.058,111.022,89724.0,89671.99024565752,65399.90559141387,45347.53596579673,0.3707652333637077,0.20268256333830104
12420,"Austin-Round Rock-San Marcos, TX",1,4,34980,"Nashville-Davidson--Murfreesboro--Franklin, TN",1,4.949343702759313,18336.0,96.338,104.626,85447.0,88695.0113143308,65971.2658122988,46938.27779095728,0.3405239575125513,0.24666666666666667
12420,"Austin-Round Rock-San Marcos, TX",1,5,12580,"Baltimore-Columbia-Towson, MD",1,5.134880938434008,19332.0,104.487,118.194,99470.0,95198.4457396614,67308.79132704846,48806.96813373255,0.32844073814588853,0.30670926517571884
12420,"Austin-Round Rock-San Marcos, TX",1,6,19100,"Dallas-Fort Worth-Arlington, TX",1,5.137181886690063,19368.0,103.09,117.874,90275.0,87569.11436608787,64319.4799120766,45532.012650460536,0.35664425864692695,0.19602272727272727
12420,"Austin-Round Rock-San Marcos, TX",1,7,16740,"Charlotte-Concord-Gastonia, NC-SC",1,5.379407245224454,17676.0,97.348,97.635,83304.0,85573.40674692855,65335.56193294378,47178.02402769663,0.32930309038430056,0.20500782472613457
12420,"Austin-Round Rock-San Marcos, TX",1,8,38060,"Phoenix-Mesa-Chandler, AZ",1,5.519781796433129,20424.0,103.316,121.236,88301.0,85466.91703124394,63795.93762867011,44027.46033570484,0.36109507456401635,0.23355263157894737
12420,"Austin-Round Rock-San Marcos, TX",1,9,19740,"Denver-Aurora-Centennial, CO",1,5.634953340420834,22488.0,105.782,146.919,105762.0,99981.09319165832,68715.38016701883,47456.564867629524,0.36132324131584176,0.2827140549273021
12420,"Austin-Round Rock-San Marcos, TX",1,10,40060,"Richmond, VA",1,5.976124314081124,17364.0,97.858,99.136,86679.0,88576.30444112897,68241.30691375065,50497.22875969068,0.3106618908925918,0.2777777777777778
12540,"Bakersfield-Delano, CA",5,1,23420,"Fresno, CA",5,4.636535573952701,16704.0,102.158,95.725,74468.0,72894.92746529885,66492.0975055277,50140.955157400276,0.2932519632166356,0.2350674373795761
12540,"Bakersfield-Delano, CA",5,2,47300,"Visalia, CA",5,4.740212549010439,15360.0,99.825,84.053,71300.0,71424.99373904332,65254.618116915866,49867.69099445155,0.2797930015027988,0.24362606232294617
12540,"Bakersfield-Delano, CA",5,3,32900,"Merced, CA",5,6.100780461168978,16116.0,98.275,78.63,65510.0,66659.88298142965,66030.75334158426,49631.87264964838,0.29416172248390293,0.3159851301115242
12540,"Bakersfield-Delano, CA",5,4,25260,"Hanford-Corcoran, CA",5,6.568825261403833,15972.0,101.612,93.497,70995.0,69868.71629335119,65091.98701065804,49373.371099151525,0.2896323690287874,0.3036649214659686
12540,"Bakersfield-Delano, CA",5,5,49420,"Yakima, WA",5,6.812749725784878,13308.0,95.545,72.628,70656.0,73950.49453137265,68255.84855832382,54327.33319906903,0.237783662979341,0.31864406779661014
12540,"Bakersfield-Delano, CA",5,6,33700,"Modesto, CA",5,7.257003592175276,19476.0,104.108,108.476,81468.0,78253.35228800861,67774.94121726394,49067.44515548194,0.3266800405031649,0.3374384236453202
12540,"Bakersfield-Delano, CA",5,7,49700,"Yuba City, CA",5,8.503095914203431,16632.0,104.233,108.279,78179.0,75004.07740350945,64324.98984646577,48368.430983149934,0.2964625706140576,0.3672566371681416
12540,"Bakersfield-Delano, CA",5,8,28420,"Kennewick-Richland, WA",5,8.566564679394155,15408.0,100.079,94.824,89010.0,88939.73760729026,76414.21490279165,61018.3776142496,0.24236389307139142,0.3151862464183381
12540,"Bakersfield-Delano, CA",5,9,41420,"Salem, OR",5,8.614135619514126,16788.0,103.649,110.333,78900.0,76122.297369005,65913.51063560153,49716.53816119271,0.2875189685609681,0.313953488372093
12540,"Bakersfield-Delano, CA",5,10,44060,"Spokane-Spokane Valley, WA",5,8.776484123704892,15168.0,100.346,97.059,77488.0,77220.81597672055,68263.22469141947,53147.52501230919,0.2529602704334384,0.30165289256198347
12580,"Baltimore-Columbia-Towson, MD",1,1,38900,"Portland-Vancouver-Hillsboro, OR-WA",1,3.901936289244233,20688.0,105.421,125.114,97436.0,92425.60780110223,69569.50044399414,49945.326892235,0.3268104331421303,0.3063063063063063
12580,"Baltimore-Columbia-Towson, MD",1,2,37980,"Philadelphia-Camden-Wilmington, PA-NJ-DE-MD",1,4.02347894622919,17760.0,102.554,113.141,91289.0,89015.54303098854,66967.56327977296,49649.85748575226,0.30524714301644423,0.20220082530949107
12580,"Baltimore-Columbia-Towson, MD",1,3,40900,"Sacramento-Roseville-Folsom, CA",1,4.24852706858337,21828.0,106.67,130.23,97188.0,91110.90278428799,72284.30998105383,51821.19945325783,0.34014191851906084,0.25232198142414863
12580,"Baltimore-Columbia-Towson, MD",1,4,40060,"Richmond, VA",1,4.34028499955123,17364.0,97.858,99.136,86679.0,88576.30444112897,68241.30691375065,50497.22875969068,0.3106618908925918,0.2777777777777778
12580,"Baltimore-Columbia-Towson, MD",1,5,39580,"Raleigh-Cary, NC",1,4.349761841342563,18876.0,98.157,103.476,100103.0,101982.5381786322,66179.1612271303,46948.74464960654,0.34717101034965425,0.2859778597785978
12580,"Baltimore-Columbia-Towson, MD",1,6,41620,"Salt Lake City-Murray, UT",1,4.56576528468009,18996.0,100.868,123.311,98083.0,97238.96577705516,64720.87363121331,45888.34002293319,0.34324829679863494,0.295
12580,"Baltimore-Columbia-Towson, MD",1,7,25540,"Hartford-West Hartford-East Hartford, CT",1,4.742900503741909,16992.0,102.746,110.234,95118.0,92575.86670040683,71257.96861612689,54720.09852872691,0.27788520830891394,0.2864864864864865
12580,"Baltimore-Columbia-Towson, MD",1,8,33460,"Minneapolis-St. Paul-Bloomington, MN-WI",1,4.802385082863453,17280.0,104.822,111.838,99833.0,95240.50294785445,69614.09635807802,53129.00735004536,0.2774938216482202,0.19969512195121952
12580,"Baltimore-Columbia-Towson, MD",1,9,16980,"Chicago-Naperville-Elgin, IL-IN",1,4.892752620909922,17160.0,103.595,112.01,90887.0,87732.99869684831,67456.4865428279,50891.98053385063,0.28962815200218683,0.19247467438494936
12580,"Baltimore-Columbia-Towson, MD",1,10,19740,"Denver-Aurora-Centennial, CO",1,4.957860913818463,22488.0,105.782,146.919,105762.0,99981.09319165832,68715.38016701883,47456.564867629524,0.36132324131584176,0.2827140549273021
12620,"Bangor, ME",2,1,30340,"Lewiston-Auburn, ME",2,3.382130673664271,12120.0,94.736,69.003,67873.0,71644.35906096942,64837.4800988468,52044.03304598411,0.22949447020117886,0.3872340425531915
12620,"Bangor, ME",2,2,43780,"South Bend-Mishawaka, IN-MI",4,4.1667328797353225,12552.0,92.858,74.586,67217.0,72386.8702750436,64529.314989695355,51011.901304283216,0.24506448426998492,0.3015463917525773
12620,"Bangor, ME",2,3,21780,"Evansville, IN",4,4.324243815482974,11832.0,91.528,66.735,68232.0,74547.67939865396,64327.87401552051,51400.68233647148,0.2355851644071024,0.3278236914600551
12620,"Bangor, ME",2,4,39380,"Pueblo, CO",2,4.358798305538232,13332.0,91.762,71.285,64010.0,69756.54410322355,65412.420195636885,50883.53024118951,0.2554319191910117,0.39763779527559057
12620,"Bangor, ME",2,5,13740,"Billings, MT",4,4.366543925457312,13404.0,93.526,77.364,77194.0,82537.476209824,65507.996490445395,51176.152938919615,0.2575829546765246,0.4252199413489736
12620,"Bangor, ME",2,6,11020,"Altoona, PA",2,4.388680247892239,10620.0,89.507,54.978,62382.0,69695.1076452121,62179.822938593694,50314.82913922604,0.22773399270949926,0.35684647302904565
12620,"Bangor, ME",2,7,48700,"Williamsport, PA",2,4.461935642395234,10956.0,92.35,64.392,63917.0,69211.69463995668,61918.573443537956,50055.0109096993,0.22641284961979163,0.358974358974359
12620,"Bangor, ME",2,8,41540,"Salisbury, MD",2,4.469759425597699,15288.0,95.617,87.212,73802.0,77185.01940031584,64197.91982597236,48209.13122143551,0.2976588692551509,0.3983402489626556
12620,"Bangor, ME",2,9,24500,"Great Falls, MT",2,4.502485423948677,11268.0,96.845,97.115,67690.0,69895.19335019877,58202.4368836801,46567.34988899788,0.23183230705586225,0.46534653465346537
12620,"Bangor, ME",2,10,24300,"Grand Junction, CO",2,4.506696276058697,14184.0,95.476,86.367,73658.0,77148.18383677573,62686.99538552695,47830.90589706912,0.27235353663590656,0.42402826855123676
12700,"Barnstable Town, MA",5,1,35980,"Norwich-New London-Willimantic, CT",5,4.693544429189238,16380.0,100.445,93.662,86586.0,86202.3993230126,70612.52787414845,54305.0959462277,0.27632534853659135,0.3179190751445087
12700,"Barnstable Town, MA",5,2,38860,"Portland-South Portland, ME",1,5.712071470149139,17820.0,101.858,105.164,92175.0,90493.62838461387,65501.915349666735,48006.971408101024,0.3058479428735404,0.3081761006289308
12700,"Barnstable Town, MA",5,3,13380,"Bellingham, WA",5,5.901653716477899,18660.0,103.334,112.946,81784.0,79145.29583680104,68420.25426497441,50362.3062517358,0.3076581318562428,0.35135135135135137
12700,"Barnstable Town, MA",5,4,45900,"Traverse City, MI",2,6.070660700670478,14700.0,93.372,78.146,80889.0,86630.8957717517,63845.01731270337,48101.539610608525,0.28270572947977574,0.3971119133574007
12700,"Barnstable Town, MA",5,5,28740,"Kingston, NY",5,6.245701197316865,17100.0,100.709,110.173,86271.0,85663.64475866109,62617.465097360895,45637.850564399596,0.31443492088828084,0.3735408560311284
12700,"Barnstable Town, MA",5,6,13460,"Bend, OR",3,6.29287668194557,20364.0,103.607,109.958,89788.0,86662.09812078334,63998.86696921613,44343.824356265264,0.35544100910429943,0.3914209115281501
12700,"Barnstable Town, MA",5,7,34580,"Mount Vernon-Anacortes, WA",5,6.631471655300486,18432.0,102.443,108.165,89263.0,87134.30883515712,70483.64866543798,52491.204086501406,0.2974167363049318,0.4555984555984556
12700,"Barnstable Town, MA",5,8,22660,"Fort Collins-Loveland, CO",1,6.667861107945741,20592.0,101.128,120.592,93765.0,92719.12823352583,68590.8747918329,48228.56168369273,0.34663914441524585,0.41745283018867924
12700,"Barnstable Town, MA",5,9,38340,"Pittsfield, MA",5,6.682710364339376,13164.0,95.106,73.452,76013.0,79924.50528883561,72935.90909386499,59094.51107481257,0.22577645314782158,0.398406374501992
12700,"Barnstable Town, MA",5,10,47930,"Waterbury-Shelton, CT",5,6.720181707617381,15960.0,99.778,89.111,86191.0,86382.76974884242,68011.71009898384,52016.20006671219,0.27924712171290555,0.3435897435897436
12940,"Baton Rouge, LA",4,1,13140,"Beaumont-Port Arthur, TX",4,3.962253579225514,13272.0,90.046,70.939,64659.0,71806.63216578194,67602.97064802509,52863.83731617248,0.27114437322021245,0.3203342618384401
12940,"Baton Rouge, LA",4,2,46140,"Tulsa, OK",4,4.036566574564944,12936.0,89.214,68.235,69359.0,77744.52440199968,65785.36914696037,51285.40277396959,0.2634387283725328,0.2770137524557957
12940,"Baton Rouge, LA",4,3,36420,"Oklahoma City, OK",4,4.198741575905321,13488.0,90.408,73.885,72094.0,79742.94310238032,66009.0050723851,51089.97135855447,0.27197005468478924,0.2937062937062937
12940,"Baton Rouge, LA",4,4,33660,"Mobile, AL",2,4.427506839797407,12624.0,88.098,60.116,58880.0,66834.66139980477,63613.36681434754,49283.870117487226,0.269627839278571,0.34908136482939633
12940,"Baton Rouge, LA",4,5,13820,"Birmingham, AL",4,4.454905657751173,14064.0,91.644,71.851,71498.0,78017.10968530399,65723.20893893762,50376.868753000745,0.2824240211735994,0.31392931392931395
12940,"Baton Rouge, LA",4,6,28940,"Knoxville, TN",4,4.679456086302779,13740.0,92.569,82.783,72422.0,78235.69445494712,64160.4664692093,49317.48447739778,0.27624760022122646,0.29259259259259257
12940,"Baton Rouge, LA",4,7,48620,"Wichita, KS",4,4.7506659319158455,11844.0,88.946,66.245,70655.0,79435.83747442267,66396.8130349132,53080.868529258085,0.24047063980016656,0.27467811158798283
12940,"Baton Rouge, LA",4,8,18580,"Corpus Christi, TX",3,4.842815571375826,15300.0,92.671,84.905,67453.0,72787.60345739228,62721.401517195234,46211.38220155172,0.3196434298238254,0.3065326633165829
12940,"Baton Rouge, LA",4,9,10740,"Albuquerque, NM",4,4.930318253880455,13872.0,95.546,89.153,70783.0,74082.64082222174,66245.07376741902,51726.412598976596,0.26366986004580767,0.2910602910602911
12940,"Baton Rouge, LA",4,10,24660,"Greensboro-High Point, NC",4,5.022794949288092,13116.0,92.865,74.519,65565.0,70602.48748182846,64513.973821422944,50390.245829176136,0.2594799531728843,0.278
12980,"Battle Creek, MI",4,1,27100,"Jackson, MI",4,3.0807270061183885,11820.0,91.779,67.092,66073.0,71991.41415792283,65764.28923560276,52885.526119857335,0.23273049433515275,0.34497816593886466
12980,"Battle Creek, MI",4,2,35660,"Niles, MI",2,3.6213253630862274,11304.0,92.37,71.599,65425.0,70829.2735736711,65037.08357514415,52799.34404932408,0.22494694787872416,0.372
12980,"Battle Creek, MI",4,3,30620,"Lima, OH",2,3.6637987147368585,11064.0,89.669,57.275,64038.0,71415.9854576275,64678.78328276013,52340.07090724574,0.22672824193499586,0.34545454545454546
12980,"Battle Creek, MI",4,4,40980,"Saginaw, MI",4,4.095090829145408,11364.0,90.891,63.647,60622.0,66697.47279708661,65266.14375970962,52763.25568498275,0.2258077324135344,0.3129496402877698
12980,"Battle Creek, MI",4,5,40420,"Rockford, IL",4,4.191474909027337,12276.0,92.154,70.076,68033.0,73825.33585085835,66247.96407049483,52926.78430618726,0.23770536809852624,0.29080118694362017
12980,"Battle Creek, MI",4,6,28020,"Kalamazoo-Portage, MI",4,4.24688197655557,13116.0,94.84,81.59,72532.0,76478.27920708562,66113.98144242936,52284.37368199071,0.24899406391349468,0.3254437869822485
12980,"Battle Creek, MI",4,7,48140,"Wausau, WI",4,4.344707593677042,11988.0,92.651,71.464,77884.0,84061.6938834983,66115.57611276988,53176.697957110475,0.23153445639447356,0.29545454545454547
12980,"Battle Creek, MI",4,8,31900,"Mansfield, OH",2,4.3841606706706955,9888.0,88.872,54.919,59509.0,66960.34746601855,62618.687943722405,51492.57398206969,0.20843290776580617,0.39565217391304347
12980,"Battle Creek, MI",4,9,48700,"Williamsport, PA",2,4.39707950008855,10956.0,92.35,64.392,63917.0,69211.69463995668,61918.573443537956,50055.0109096993,0.22641284961979163,0.358974358974359
12980,"Battle Creek, MI",4,10,22540,"Fond du Lac, WI",4,4.486534565369553,11520.0,91.643,67.317,74275.0,81048.19789836647,66735.04795783637,54164.52975131761,0.2248073208782546,0.3613861386138614
13020,"Bay City, MI",2,1,24500,"Great Falls, MT",2,3.9772773232021126,11268.0,96.845,97.115,67690.0,69895.19335019877,58202.4368836801,46567.34988899788,0.23183230705586225,0.46534653465346537
13020,"Bay City, MI",2,2,34620,"Muncie, IN",2,4.188421121112587,10872.0,88.148,57.474,58127.0,65942.50578572402,64374.798166014705,52040.99592433027,0.23166642453710123,0.375609756097561
13020,"Bay City, MI",2,3,36980,"Owensboro, KY",2,4.650916090498623,10884.0,88.61,55.698,68002.0,76743.03126058007,61968.56622802557,49685.52819620073,0.23782500534711193,0.36633663366336633
13020,"Bay City, MI",2,4,11020,"Altoona, PA",2,4.655910002804486,10620.0,89.507,54.978,62382.0,69695.1076452121,62179.822938593694,50314.82913922604,0.22773399270949926,0.35684647302904565
13020,"Bay City, MI",2,5,38540,"Pocatello, ID",2,4.684706803630603,11520.0,88.906,66.396,66499.0,74796.97658200796,62063.57907681719,49106.07339666061,0.24592540601312957,0.3468208092485549
13020,"Bay City, MI",2,6,12620,"Bangor, ME",2,4.7228851863179395,12492.0,96.508,77.688,66356.0,68756.99423881958,63285.9248892909,50341.9202471887,0.23516302037792222,0.4
13020,"Bay City, MI",2,7,37620,"Parkersburg-Vienna, WV",2,5.036908853319934,9816.0,87.066,45.884,57391.0,65916.66092389681,62371.27750280045,51097.07172787109,0.22727224291638012,0.43452380952380953
13020,"Bay City, MI",2,8,31900,"Mansfield, OH",2,5.087399542749671,9888.0,88.872,54.919,59509.0,66960.34746601855,62618.687943722405,51492.57398206969,0.20843290776580617,0.39565217391304347
13020,"Bay City, MI",2,9,48700,"Williamsport, PA",2,5.160306813799685,10956.0,92.35,64.392,63917.0,69211.69463995668,61918.573443537956,50055.0109096993,0.22641284961979163,0.358974358974359
13020,"Bay City, MI",2,10,27780,"Johnstown, PA",2,5.2156814985263935,8868.0,85.929,42.333,58418.0,67984.03332984207,62586.554015524445,52266.40598633756,0.1936110100727031,0.38565022421524664
13140,"Beaumont-Port Arthur, TX",4,1,12940,"Baton Rouge, LA",4,3.962253579225514,13620.0,90.78,74.183,69599.0,76667.76823088786,64713.738341778655,49710.43364911507,0.2807868502063127,0.3291139240506329
13140,"Beaumont-Port Arthur, TX",4,2,30980,"Longview, TX",2,4.068931850575527,12720.0,89.485,66.749,66647.0,74478.40420182153,61945.59707644817,47730.924226249816,0.2785181405920559,0.3224852071005917
13140,"Beaumont-Port Arthur, TX",4,3,33660,"Mobile, AL",2,4.725003577991248,12624.0,88.098,60.116,58880.0,66834.66139980477,63613.36681434754,49283.870117487226,0.269627839278571,0.34908136482939633
13140,"Beaumont-Port Arthur, TX",4,4,18580,"Corpus Christi, TX",3,4.8664382074996,15300.0,92.671,84.905,67453.0,72787.60345739228,62721.401517195234,46211.38220155172,0.3196434298238254,0.3065326633165829
13140,"Beaumont-Port Arthur, TX",4,5,46140,"Tulsa, OK",4,4.8774039010978045,12936.0,89.214,68.235,69359.0,77744.52440199968,65785.36914696037,51285.40277396959,0.2634387283725328,0.2770137524557957
13140,"Beaumont-Port Arthur, TX",4,6,47380,"Waco, TX",4,5.077181939870032,13812.0,92.55,83.531,66205.0,71534.30578065911,63271.5083520552,48347.68339257384,0.28515605049146603,0.2621082621082621
13140,"Beaumont-Port Arthur, TX",4,7,29340,"Lake Charles, LA",2,5.144598637326475,12972.0,85.852,51.752,66700.0,77691.84177421608,62692.773610399294,47583.04989982761,0.29840407211250963,0.33579335793357934
13140,"Beaumont-Port Arthur, TX",4,8,46220,"Tuscaloosa, AL",4,5.171729100226461,12060.0,87.722,58.246,61517.0,70127.22008162149,65711.97733692081,51964.00077459893,0.25317329157969176,0.3193548387096774
13140,"Beaumont-Port Arthur, TX",4,9,11100,"Amarillo, TX",2,5.372965349020517,13032.0,91.82,78.38,69611.0,75812.45915922457,61035.46924106171,46842.48296356226,0.2803830781797324,0.2767857142857143
13140,"Beaumont-Port Arthur, TX",4,10,12260,"Augusta-Richmond County, GA-SC",4,5.381572575973565,13440.0,91.903,70.603,69344.0,75453.46724263625,65140.91119212998,50516.79663656596,0.2768530164375221,0.271264367816092
13220,"Beckley, WV",2,1,48540,"Wheeling, WV-OH",2,5.194269102471116,9744.0,88.323,51.443,57418.0,65009.11427374523,63569.55545162468,52537.32149218037,0.2104281474137525,0.4068441064638783
13220,"Beckley, WV",2,2,26380,"Houma-Bayou Cane-Thibodaux, LA",2,6.9527180386839715,12168.0,85.103,51.311,64038.0,75247.64109373347,62353.157241704066,48055.18889746238,0.28472805768977544,0.4065934065934066
13220,"Beckley, WV",2,3,22140,"Farmington, NM",2,7.3268576299758,11472.0,87.707,56.552,55872.0,63703.01116216494,64504.34695771934,51424.433153804035,0.24074411044968866,0.39408866995073893
13220,"Beckley, WV",2,4,16220,"Casper, WY",2,7.733660429235512,12192.0,93.829,74.189,72156.0,76901.59758709994,63041.17064020719,50047.32012490808,0.24683207557369424,0.4405940594059406
13220,"Beckley, WV",2,5,30020,"Lawton, OK",2,7.95763407731669,11580.0,85.941,57.389,60665.0,70589.12509745058,59318.50485351303,45844.1445365514,0.27193716653678307,0.4182692307692308
13220,"Beckley, WV",2,6,10780,"Alexandria, LA",2,8.15055571762903,11352.0,85.686,53.684,56353.0,65766.86973367877,61858.973038780015,48610.60107603231,0.2594567995595722,0.4099099099099099
13220,"Beckley, WV",2,7,43340,"Shreveport-Bossier City, LA",2,8.164506300407009,12168.0,84.766,52.286,55925.0,65975.74499209588,63475.7282131115,49120.916142234026,0.2779671839710722,0.3884057971014493
13220,"Beckley, WV",2,8,46300,"Twin Falls, ID",2,8.175596171153202,12852.0,92.108,73.833,68810.0,74705.78017110348,59987.28474757254,46034.099356509876,0.27227558436631183,0.4236453201970443
13220,"Beckley, WV",2,9,48260,"Weirton-Steubenville, WV-OH",2,8.227905867779345,9420.0,89.024,52.383,58784.0,66031.63191948239,61784.71012197054,51203.293874666444,0.20762400003583392,0.40782122905027934
13220,"Beckley, WV",2,10,21420,"Enid, OK",2,8.232755102396883,11028.0,84.269,51.389,66182.0,78536.59115451708,57901.412353855616,44814.749405440416,0.26729098824487724,0.4492753623188406
13380,"Bellingham, WA",5,1,34580,"Mount Vernon-Anacortes, WA",5,4.006680151026081,18432.0,102.443,108.165,89263.0,87134.30883515712,70483.64866543798,52491.204086501406,0.2974167363049318,0.4555984555984556
13380,"Bellingham, WA",5,2,33700,"Modesto, CA",5,4.572194451409638,19476.0,104.108,108.476,81468.0,78253.35228800861,67774.94121726394,49067.44515548194,0.3266800405031649,0.3374384236453202
13380,"Bellingham, WA",5,3,44060,"Spokane-Spokane Valley, WA",5,4.621958334725255,15168.0,100.346,97.059,77488.0,77220.81597672055,68263.22469141947,53147.52501230919,0.2529602704334384,0.30165289256198347
13380,"Bellingham, WA",5,4,13460,"Bend, OR",3,4.679123424968639,20364.0,103.607,109.958,89788.0,86662.09812078334,63998.86696921613,44343.824356265264,0.35544100910429943,0.3914209115281501
13380,"Bellingham, WA",5,5,41420,"Salem, OR",5,4.690207501615339,16788.0,103.649,110.333,78900.0,76122.297369005,65913.51063560153,49716.53816119271,0.2875189685609681,0.313953488372093
13380,"Bellingham, WA",5,6,39820,"Redding, CA",5,4.909084786275176,15804.0,100.684,89.366,72636.0,72142.544992253,67386.68598933466,51690.050972847435,0.2778129955394769,0.38095238095238093
13380,"Bellingham, WA",5,7,21660,"Eugene-Springfield, OR",5,4.9556162374471,16260.0,101.568,98.35,71544.0,70439.50850661626,64475.11932439578,48466.14011834663,0.2889320409761229,0.3464203233256351
13380,"Bellingham, WA",5,8,32780,"Medford, OR",5,5.00705725356636,16296.0,101.433,97.658,73999.0,72953.57526643202,62144.5270666695,46078.74965695077,0.29616088827104076,0.35174418604651164
13380,"Bellingham, WA",5,9,38860,"Portland-South Portland, ME",1,5.056305642381197,17820.0,101.858,105.164,92175.0,90493.62838461387,65501.915349666735,48006.971408101024,0.3058479428735404,0.3081761006289308
13380,"Bellingham, WA",5,10,24540,"Greeley, CO",3,5.182068634428657,18468.0,100.176,112.599,97097.0,96926.40951924612,65735.34625302242,47299.79282705214,0.32497510165126253,0.3687315634218289
13460,"Bend, OR",3,1,32780,"Medford, OR",5,4.19067562235217,16296.0,101.433,97.658,73999.0,72953.57526643202,62144.5270666695,46078.74965695077,0.29616088827104076,0.35174418604651164
13460,"Bend, OR",3,2,21660,"Eugene-Springfield, OR",5,4.564095721516639,16260.0,101.568,98.35,71544.0,70439.50850661626,64475.11932439578,48466.14011834663,0.2889320409761229,0.3464203233256351
13460,"Bend, OR",3,3,42020,"San Luis Obispo-Paso Robles, CA",1,4.571800834736604,23904.0,108.596,144.362,97446.0,89732.58683561088,65492.69870617381,43480.838232491544,0.399979463955744,0.3521505376344086
13460,"Bend, OR",3,4,13380,"Bellingham, WA",5,4.679123424968639,18660.0,103.334,112.946,81784.0,79145.29583680104,68420.25426497441,50362.3062517358,0.3076581318562428,0.35135135135135137
13460,"Bend, OR",3,5,22660,"Fort Collins-Loveland, CO",1,4.7911287565408855,20592.0,101.128,120.592,93765.0,92719.12823352583,68590.8747918329,48228.56168369273,0.34663914441524585,0.41745283018867924
13460,"Bend, OR",3,6,28740,"Kingston, NY",5,5.102227216371137,17100.0,100.709,110.173,86271.0,85663.64475866109,62617.465097360895,45637.850564399596,0.31443492088828084,0.3735408560311284
13460,"Bend, OR",3,7,42220,"Santa Rosa-Petaluma, CA",1,5.138463519650757,25896.0,107.784,139.569,104674.0,97114.59956950937,69520.56219415164,45494.73275750057,0.4065091968434686,0.330188679245283
13460,"Bend, OR",3,8,38860,"Portland-South Portland, ME",1,5.194414624196346,17820.0,101.858,105.164,92175.0,90493.62838461387,65501.915349666735,48006.971408101024,0.3058479428735404,0.3081761006289308
13460,"Bend, OR",3,9,48900,"Wilmington, NC",3,5.274296928027976,16668.0,96.422,93.215,76471.0,79308.66399784281,61990.545528534785,44704.034151463165,0.33401982090631044,0.33093525179856115
13460,"Bend, OR",3,10,41420,"Salem, OR",5,5.357511302663844,16788.0,103.649,110.333,78900.0,76122.297369005,65913.51063560153,49716.53816119271,0.2875189685609681,0.313953488372093
13740,"Billings, MT",4,1,45900,"Traverse City, MI",2,3.68401510735372,14700.0,93.372,78.146,80889.0,86630.8957717517,63845.01731270337,48101.539610608525,0.28270572947977574,0.3971119133574007
13740,"Billings, MT",4,2,21780,"Evansville, IN",4,3.759284626438638,11832.0,91.528,66.735,68232.0,74547.67939865396,64327.87401552051,51400.68233647148,0.2355851644071024,0.3278236914600551
13740,"Billings, MT",4,3,24300,"Grand Junction, CO",2,3.8809177986352963,14184.0,95.476,86.367,73658.0,77148.18383677573,62686.99538552695,47830.90589706912,0.27235353663590656,0.42402826855123676
13740,"Billings, MT",4,4,31340,"Lynchburg, VA",4,4.080200645697089,11892.0,89.363,63.912,68996.0,77208.6881595291,66726.68393557685,53419.16292576295,0.23931646222428965,0.3181818181818182
13740,"Billings, MT",4,5,43780,"South Bend-Mishawaka, IN-MI",4,4.321893227284585,12552.0,92.858,74.586,67217.0,72386.8702750436,64529.314989695355,51011.901304283216,0.24506448426998492,0.3015463917525773
13740,"Billings, MT",4,6,12620,"Bangor, ME",2,4.366543925457312,12492.0,96.508,77.688,66356.0,68756.99423881958,63285.9248892909,50341.9202471887,0.23516302037792222,0.4
13740,"Billings, MT",4,7,28020,"Kalamazoo-Portage, MI",4,4.506647607067938,13116.0,94.84,81.59,72532.0,76478.27920708562,66113.98144242936,52284.37368199071,0.24899406391349468,0.3254437869822485
13740,"Billings, MT",4,8,26820,"Idaho Falls, ID",4,4.5356009762655605,13524.0,94.412,83.985,80291.0,85043.21484557047,64894.98335528667,50570.53307354283,0.2703297036209735,0.35315985130111527
13740,"Billings, MT",4,9,24020,"Glens Falls, NY",2,4.6228393683228255,12924.0,94.866,76.231,75836.0,79940.12607256552,65441.69467700668,51818.26794877949,0.24111018809398313,0.4357976653696498
13740,"Billings, MT",4,10,29100,"La Crosse-Onalaska, WI-MN",4,4.802406400475344,12324.0,91.769,69.386,73340.0,79918.05511665158,67956.63342042305,54527.26184614416,0.23195177286284113,0.3104575163398693
13780,"Binghamton, NY",4,1,46540,"Utica-Rome, NY",4,3.339836268152561,11100.0,92.678,66.063,69779.0,75291.87077839402,68576.24046223832,56599.28800318654,0.20433289516250724,0.33240997229916897
13780,"Binghamton, NY",4,2,45060,"Syracuse, NY",4,3.654844395371118,12924.0,95.742,80.656,75492.0,78849.40778341793,70582.2444795936,57083.466513810556,0.22411724162820085,0.30980392156862746
13780,"Binghamton, NY",4,3,29100,"La Crosse-Onalaska, WI-MN",4,4.053809344406057,12324.0,91.769,69.386,73340.0,79918.05511665158,67956.63342042305,54527.26184614416,0.23195177286284113,0.3104575163398693
13780,"Binghamton, NY",4,4,15380,"Buffalo-Cheektowaga, NY",4,4.404921674820348,12684.0,95.844,80.989,72237.0,75369.35019406537,71795.89607982081,58561.89082127568,0.2184560153424531,0.28027681660899656
13780,"Binghamton, NY",4,5,31340,"Lynchburg, VA",4,4.434577255742303,11892.0,89.363,63.912,68996.0,77208.6881595291,66726.68393557685,53419.16292576295,0.23931646222428965,0.3181818181818182
13780,"Binghamton, NY",4,6,40380,"Rochester, NY",4,4.4697829714690265,13716.0,97.035,87.481,76284.0,78614.93275622198,68855.4798247465,54720.37393511904,0.23952373161743856,0.31393298059964725
13780,"Binghamton, NY",4,7,22420,"Flint, MI",4,4.619476090535752,11868.0,93.034,74.039,62281.0,66944.34292839176,65006.57327924778,52249.94666962119,0.23458804632094313,0.32621951219512196
13780,"Binghamton, NY",4,8,45820,"Topeka, KS",4,4.707312527937533,11652.0,88.82,64.987,69888.0,78684.98086016663,67111.28207694297,53992.61511004362,0.23044157947003216,0.3374233128834356
13780,"Binghamton, NY",4,9,43780,"South Bend-Mishawaka, IN-MI",4,4.773873546829919,12552.0,92.858,74.586,67217.0,72386.8702750436,64529.314989695355,51011.901304283216,0.24506448426998492,0.3015463917525773
13780,"Binghamton, NY",4,10,16580,"Champaign-Urbana, IL",4,4.790402128389146,12516.0,92.704,71.604,65528.0,70685.19157749396,69408.1661432769,55907.130589255496,0.22760665799329224,0.34036144578313254
13820,"Birmingham, AL",4,1,24860,"Greenville-Anderson-Greer, SC",4,3.074878027689662,13800.0,93.26,76.836,71240.0,76388.59103581385,64467.9390950032,49670.598327257125,0.27513359975790086,0.2655038759689923
13820,"Birmingham, AL",4,2,36420,"Oklahoma City, OK",4,3.10838648157755,13488.0,90.408,73.885,72094.0,79742.94310238032,66009.0050723851,51089.97135855447,0.27197005468478924,0.2937062937062937
13820,"Birmingham, AL",4,3,49180,"Winston-Salem, NC",4,3.153283163943595,12192.0,92.043,71.377,65975.0,71678.45463533347,63979.902085542344,50733.91922970323,0.24631398755916462,0.2692307692307692
13820,"Birmingham, AL",4,4,46140,"Tulsa, OK",4,3.2312197024760114,12936.0,89.214,68.235,69359.0,77744.52440199968,65785.36914696037,51285.40277396959,0.2634387283725328,0.2770137524557957
13820,"Birmingham, AL",4,5,27140,"Jackson, MS",4,3.3777764981233416,12864.0,89.048,64.768,61644.0,69225.58620070074,61146.49303705735,46700.35163017566,0.2819898425244015,0.29082774049217003
13820,"Birmingham, AL",4,6,17900,"Columbia, SC",4,3.3995468456753333,14316.0,93.662,79.455,68359.0,72984.77504217291,63684.94238174577,48400.195098963,0.28677960507808814,0.23391812865497075
13820,"Birmingham, AL",4,7,40220,"Roanoke, VA",4,3.4853968762542076,12516.0,93.618,78.531,68761.0,73448.482129505,62641.13272502912,49271.9088578241,0.25237181089584726,0.2727272727272727
13820,"Birmingham, AL",4,8,28940,"Knoxville, TN",4,3.5671844787028606,13740.0,92.569,82.783,72422.0,78235.69445494712,64160.4664692093,49317.48447739778,0.27624760022122646,0.29259259259259257
13820,"Birmingham, AL",4,9,24660,"Greensboro-High Point, NC",4,3.598155639456599,13116.0,92.865,74.519,65565.0,70602.48748182846,64513.973821422944,50390.245829176136,0.2594799531728843,0.278
13820,"Birmingham, AL",4,10,12260,"Augusta-Richmond County, GA-SC",4,3.618244209383746,13440.0,91.903,70.603,69344.0,75453.46724263625,65140.91119212998,50516.79663656596,0.2768530164375221,0.271264367816092
13900,"Bismarck, ND",4,1,22020,"Fargo, ND-MN",4,3.2281410768572107,11604.0,90.871,81.142,76756.0,84466.99166950952,70028.45303293191,57258.702507461734,0.2124077502340074,0.3530864197530864
13900,"Bismarck, ND",4,2,20260,"Duluth, MN-WI",4,4.400970365282153,11880.0,88.768,71.147,71769.0,80850.08111031001,71442.29151646238,58059.090362893534,0.21684599659232784,0.3562005277044855
13900,"Bismarck, ND",4,3,24220,"Grand Forks, ND-MN",4,4.447688836722989,11604.0,86.663,59.664,69836.0,80583.40929808568,73071.52429956778,59681.72703891446,0.21408348900295954,0.34156378600823045
13900,"Bismarck, ND",4,4,30700,"Lincoln, NE",4,4.636756539313712,12984.0,91.581,84.208,75049.0,81948.22070080039,66038.39117887121,51860.77791847877,0.24763292461288774,0.40046296296296297
13900,"Bismarck, ND",4,5,31860,"Mankato, MN",4,4.746430415151592,12828.0,90.955,79.884,75808.0,83346.7099114947,71152.64168644015,57048.96404364976,0.23238643102177742,0.32051282051282054
13900,"Bismarck, ND",4,6,41060,"St. Cloud, MN",4,5.031442128786487,12504.0,87.632,65.057,76497.0,87293.45444586451,74021.877683782,59753.11741356108,0.2236348658352055,0.3261538461538461
13900,"Bismarck, ND",4,7,16300,"Cedar Rapids, IA",4,5.174317786550025,11136.0,88.963,71.447,78080.0,87766.82441014805,67989.84945273602,55472.285971288664,0.21432513824084137,0.3076923076923077
13900,"Bismarck, ND",4,8,45820,"Topeka, KS",4,5.195128568815269,11652.0,88.82,64.987,69888.0,78684.98086016663,67111.28207694297,53992.61511004362,0.23044157947003216,0.3374233128834356
13900,"Bismarck, ND",4,9,43620,"Sioux Falls, SD-MN",4,5.466992116949694,12264.0,90.631,77.605,82754.0,91308.71335415034,65793.75161410632,52261.95785700335,0.2413087358138445,0.4151898734177215
13900,"Bismarck, ND",4,10,47940,"Waterloo-Cedar Falls, IA",4,5.563389079841018,11724.0,87.057,63.13,70811.0,81338.66317470162,68655.5861916745,55188.54735505022,0.23019771670532055,0.3227848101265823
13980,"Blacksburg-Christiansburg-Radford, VA",4,1,29200,"Lafayette-West Lafayette, IN",4,3.707932635933416,13284.0,93.43,76.442,62011.0,66371.61511291875,63154.16176103321,48936.03053979806,0.2642391809024139,0.26143790849673204
13980,"Blacksburg-Christiansburg-Radford, VA",4,2,43780,"South Bend-Mishawaka, IN-MI",4,3.936592888492107,12552.0,92.858,74.586,67217.0,72386.8702750436,64529.314989695355,51011.901304283216,0.24506448426998492,0.3015463917525773
13980,"Blacksburg-Christiansburg-Radford, VA",4,3,31340,"Lynchburg, VA",4,4.078333228178338,11892.0,89.363,63.912,68996.0,77208.6881595291,66726.68393557685,53419.16292576295,0.23931646222428965,0.3181818181818182
13980,"Blacksburg-Christiansburg-Radford, VA",4,4,31740,"Manhattan, KS",2,4.389078136282605,12756.0,90.162,71.971,65469.0,72612.63059825647,63830.00767799487,49682.14050557191,0.2657730092269942,0.35802469135802467
13980,"Blacksburg-Christiansburg-Radford, VA",4,5,25500,"Harrisonburg, VA",2,4.4080311571822675,14076.0,94.892,82.272,75065.0,79105.72018716014,62081.14373235451,47247.438045889896,0.2815344368859989,0.36329588014981273
13980,"Blacksburg-Christiansburg-Radford, VA",4,6,44420,"Staunton-Stuarts Draft, VA",2,4.434574096538418,12816.0,91.128,68.232,73544.0,80704.0646124133,64357.79601245547,50294.061485197104,0.2596089907875784,0.3611111111111111
13980,"Blacksburg-Christiansburg-Radford, VA",4,7,21780,"Evansville, IN",4,4.459759614447564,11832.0,91.528,66.735,68232.0,74547.67939865396,64327.87401552051,51400.68233647148,0.2355851644071024,0.3278236914600551
13980,"Blacksburg-Christiansburg-Radford, VA",4,8,46220,"Tuscaloosa, AL",4,4.55090239997021,12060.0,87.722,58.246,61517.0,70127.22008162149,65711.97733692081,51964.00077459893,0.25317329157969176,0.3193548387096774
13980,"Blacksburg-Christiansburg-Radford, VA",4,9,14020,"Bloomington, IN",4,4.5519256699678206,14112.0,95.084,85.59,65543.0,68931.68146060326,63574.025694922704,48732.41196390591,0.27921642110851186,0.27340823970037453
13980,"Blacksburg-Christiansburg-Radford, VA",4,10,12260,"Augusta-Richmond County, GA-SC",4,4.633691840889709,13440.0,91.903,70.603,69344.0,75453.46724263625,65140.91119212998,50516.79663656596,0.2768530164375221,0.271264367816092
14010,"Bloomington, IL",4,1,44100,"Springfield, IL",4,5.451023968138246,11748.0,92.745,71.616,75895.0,81831.90468488866,66825.75246857957,54158.76233434053,0.22267191134467204,0.30914826498422715
14010,"Bloomington, IL",4,2,19780,"Des Moines-West Des Moines, IA",4,6.402292457061451,13800.0,91.701,84.741,85890.0,93663.10072954494,69766.47267337589,54717.563719275066,0.2534210687134835,0.2922465208747515
14010,"Bloomington, IL",4,3,45820,"Topeka, KS",4,6.565821843722763,11652.0,88.82,64.987,69888.0,78684.98086016663,67111.28207694297,53992.61511004362,0.23044157947003216,0.3374233128834356
14010,"Bloomington, IL",4,4,17860,"Columbia, MO",4,6.937891340202097,12840.0,89.438,69.248,72340.0,80882.84621749145,66558.14857563554,52201.83470457402,0.25362735798030933,0.309375
14010,"Bloomington, IL",4,5,10420,"Akron, OH",4,6.9527678043401195,12396.0,93.37,76.785,72371.0,77509.9068223198,65443.69046198477,52167.47754563048,0.23829894393732945,0.2775423728813559
14010,"Bloomington, IL",4,6,29620,"Lansing-East Lansing, MI",4,7.0153862723177784,13032.0,94.991,83.472,72550.0,76375.65664115548,68225.30697149358,54506.112521493065,0.23614684705994923,0.3090909090909091
14010,"Bloomington, IL",4,7,36540,"Omaha, NE-IA",4,7.1281773356380755,14304.0,91.911,86.404,84829.0,92294.71989206951,69538.21019913851,53975.32871596457,0.26226383373999673,0.28884826325411334
14010,"Bloomington, IL",4,8,29100,"La Crosse-Onalaska, WI-MN",4,7.135181771011632,12324.0,91.769,69.386,73340.0,79918.05511665158,67956.63342042305,54527.26184614416,0.23195177286284113,0.3104575163398693
14010,"Bloomington, IL",4,9,37900,"Peoria, IL",4,7.220870135816763,11460.0,91.231,63.763,71857.0,78763.79739342986,69581.11682553023,57019.59716664234,0.21445568399867354,0.30238726790450926
14010,"Bloomington, IL",4,10,33340,"Milwaukee-Waukesha, WI",4,7.233802508550081,13668.0,96.937,97.111,78218.0,80689.51999752417,68438.57298461662,54338.69368156412,0.2432016245299029,0.24273504273504273
14020,"Bloomington, IN",4,1,29200,"Lafayette-West Lafayette, IN",4,3.532639332627747,13284.0,93.43,76.442,62011.0,66371.61511291875,63154.16176103321,48936.03053979806,0.2642391809024139,0.26143790849673204
14020,"Bloomington, IN",4,2,43780,"South Bend-Mishawaka, IN-MI",4,4.283266693507404,12552.0,92.858,74.586,67217.0,72386.8702750436,64529.314989695355,51011.901304283216,0.24506448426998492,0.3015463917525773
14020,"Bloomington, IN",4,3,22180,"Fayetteville, NC",4,4.459624474370633,14544.0,91.978,73.081,61763.0,67149.75320185263,64370.78897748841,48558.31208083921,0.29508008359611204,0.3083832335329341
14020,"Bloomington, IN",4,4,13980,"Blacksburg-Christiansburg-Radford, VA",4,4.5519256699678206,13248.0,92.71,74.371,65839.0,71016.07162118434,65476.72869949841,51187.00806526261,0.260562510282103,0.35815602836879434
14020,"Bloomington, IN",4,5,44300,"State College, PA",4,4.552413513088844,14484.0,96.762,85.688,74291.0,76777.04057377896,63660.19718484529,48691.51113040243,0.28255179120848817,0.3134920634920635
14020,"Bloomington, IN",4,6,22420,"Flint, MI",4,4.569880321390121,11868.0,93.034,74.039,62281.0,66944.34292839176,65006.57327924778,52249.94666962119,0.23458804632094313,0.32621951219512196
14020,"Bloomington, IN",4,7,17980,"Columbus, GA-AL",2,4.605265217283906,12828.0,89.296,61.185,59336.0,66448.66511377889,62088.856915922086,47723.15184514624,0.2837119690139352,0.28152492668621704
14020,"Bloomington, IN",4,8,31340,"Lynchburg, VA",4,4.68620609653119,11892.0,89.363,63.912,68996.0,77208.6881595291,66726.68393557685,53419.16292576295,0.23931646222428965,0.3181818181818182
14020,"Bloomington, IN",4,9,11700,"Asheville, NC",3,4.744420520970146,15552.0,96.506,93.371,71838.0,74438.89499098502,61864.169371974436,45749.10916846377,0.3029191910352288,0.3237410071942446
14020,"Bloomington, IN",4,10,31740,"Manhattan, KS",2,4.827007732573298,12756.0,90.162,71.971,65469.0,72612.63059825647,63830.00767799487,49682.14050557191,0.2657730092269942,0.35802469135802467
14260,"Boise City, ID",3,1,39900,"Reno, NV",3,3.5792479559781865,19104.0,101.014,123.478,87485.0,86606.80697725067,63229.712016809666,44317.4820288872,0.34879671340643237,0.30364372469635625
14260,"Boise City, ID",3,2,27260,"Jacksonville, FL",3,3.7583320293303464,18156.0,99.484,109.777,79643.0,80056.08942141451,61809.61575844957,43559.44487669975,0.3471988980962408,0.21837088388214904
14260,"Boise City, ID",3,3,38860,"Portland-South Portland, ME",1,3.937821702301922,17820.0,101.858,105.164,92175.0,90493.62838461387,65501.915349666735,48006.971408101024,0.3058479428735404,0.3081761006289308
14260,"Boise City, ID",3,4,41620,"Salt Lake City-Murray, UT",1,4.1456538549863575,18996.0,100.868,123.311,98083.0,97238.96577705516,64720.87363121331,45888.34002293319,0.34324829679863494,0.295
14260,"Boise City, ID",3,5,16700,"Charleston-North Charleston, SC",3,4.181926893965951,19260.0,100.962,119.77,85254.0,84441.67112378916,63358.45642415075,44281.97220236433,0.363787039055273,0.2874015748031496
14260,"Boise City, ID",3,6,34980,"Nashville-Davidson--Murfreesboro--Franklin, TN",1,4.316851432758399,18336.0,96.338,104.626,85447.0,88695.0113143308,65971.2658122988,46938.27779095728,0.3405239575125513,0.24666666666666667
14260,"Boise City, ID",3,7,47260,"Virginia Beach-Chesapeake-Norfolk, VA-NC",1,4.352986801256364,17736.0,97.941,99.805,82330.0,84060.8121215834,65890.17057801326,47781.30912060523,0.3266761783574887,0.2770034843205575
14260,"Boise City, ID",3,8,29540,"Lancaster, PA",3,4.362182866388448,16284.0,98.257,93.815,86959.0,88501.58258444691,61217.05816689836,44644.1931292929,0.3136956554666581,0.31685393258426964
14260,"Boise City, ID",3,9,46060,"Tucson, AZ",4,4.58751659814281,14544.0,96.896,91.765,70315.0,72567.49504623514,62973.76512906566,47963.857599343064,0.2787791107961612,0.25260960334029225
14260,"Boise City, ID",3,10,38060,"Phoenix-Mesa-Chandler, AZ",1,4.658520984272577,20424.0,103.316,121.236,88301.0,85466.91703124394,63795.93762867011,44027.46033570484,0.36109507456401635,0.23355263157894737
14460,"Boston-Cambridge-Newton, MA-NH",1,1,12580,"Baltimore-Columbia-Towson, MD",1,5.051159444294582,19332.0,104.487,118.194,99470.0,95198.4457396614,67308.79132704846,48806.96813373255,0.32844073814588853,0.30670926517571884
14460,"Boston-Cambridge-Newton, MA-NH",1,2,41740,"San Diego-Chula Vista-Carlsbad, CA",1,5.433599352982236,26952.0,111.887,179.267,106268.0,94977.96884356538,67620.26615703518,43531.676776678214,0.42713824840312903,0.2852760736196319
14460,"Boston-Cambridge-Newton, MA-NH",1,3,40900,"Sacramento-Roseville-Folsom, CA",1,5.482265167670985,21828.0,106.67,130.23,97188.0,91110.90278428799,72284.30998105383,51821.19945325783,0.34014191851906084,0.25232198142414863
14460,"Boston-Cambridge-Newton, MA-NH",1,4,19740,"Denver-Aurora-Centennial, CO",1,5.689075904800691,22488.0,105.782,146.919,105762.0,99981.09319165832,68715.38016701883,47456.564867629524,0.36132324131584176,0.2827140549273021
14460,"Boston-Cambridge-Newton, MA-NH",1,5,42660,"Seattle-Tacoma-Bellevue, WA",1,5.788648453341628,24000.0,111.133,151.314,115177.0,103638.88314002143,73204.44272478322,51608.69708667393,0.346298961572771,0.2728613569321534
14460,"Boston-Cambridge-Newton, MA-NH",1,6,14860,"Bridgeport-Stamford-Danbury, CT",1,5.979260025611807,22500.0,106.864,150.453,114565.0,107206.35574187752,70970.20588441995,49915.40726187166,0.3569503666401114,0.2785862785862786
14460,"Boston-Cambridge-Newton, MA-NH",1,7,38900,"Portland-Vancouver-Hillsboro, OR-WA",1,6.1341289760780615,20688.0,105.421,125.114,97436.0,92425.60780110223,69569.50044399414,49945.326892235,0.3268104331421303,0.3063063063063063
14460,"Boston-Cambridge-Newton, MA-NH",1,8,47900,"Washington-Arlington-Alexandria, DC-VA-MD-WV",1,6.283403739456007,24324.0,108.884,151.134,126684.0,116347.6727526542,71931.72042106905,49592.35008199261,0.37781714585353016,0.2611190817790531
14460,"Boston-Cambridge-Newton, MA-NH",1,9,41860,"San Francisco-Oakland-Fremont, CA",1,6.342919475972999,29688.0,115.613,194.718,136027.0,117657.18388070544,76993.886737696,51315.113589347624,0.4025294251359215,0.30307467057101023
14460,"Boston-Cambridge-Newton, MA-NH",1,10,37980,"Philadelphia-Camden-Wilmington, PA-NJ-DE-MD",1,6.609376164154629,17760.0,102.554,113.141,91289.0,89015.54303098854,66967.56327977296,49649.85748575226,0.30524714301644423,0.20220082530949107
14500,"Boulder, CO",1,1,22660,"Fort Collins-Loveland, CO",1,6.657023419095882,20592.0,101.128,120.592,93765.0,92719.12823352583,68590.8747918329,48228.56168369273,0.34663914441524585,0.41745283018867924
14500,"Boulder, CO",1,2,19740,"Denver-Aurora-Centennial, CO",1,7.056022298165396,22488.0,105.782,146.919,105762.0,99981.09319165832,68715.38016701883,47456.564867629524,0.36132324131584176,0.2827140549273021
14500,"Boulder, CO",1,3,17820,"Colorado Springs, CO",1,7.0638203764810665,20388.0,100.707,116.207,90144.0,89511.15612618787,66961.94500625262,46717.076228511236,0.3564059462598079,0.34475374732334046
14500,"Boulder, CO",1,4,36500,"Olympia-Lacey-Tumwater, WA",1,7.37935077368246,20832.0,103.67,116.675,96563.0,93144.5934214334,71581.64547165536,51487.114749170556,0.3273678181700215,0.336231884057971
14500,"Boulder, CO",1,5,14460,"Boston-Cambridge-Newton, MA-NH",1,7.382527191818957,24276.0,108.266,148.424,115863.0,107016.97670552156,71208.52884058042,48785.97697757634,0.3742820096621183,0.2928679817905918
14500,"Boulder, CO",1,6,16820,"Charlottesville, VA",1,7.389361218691412,19176.0,99.146,107.041,93598.0,94404.21197022573,67340.57421810836,47999.40059537018,0.3484298226855864,0.32285714285714284
14500,"Boulder, CO",1,7,39580,"Raleigh-Cary, NC",1,7.412095623115429,18876.0,98.157,103.476,100103.0,101982.5381786322,66179.1612271303,46948.74464960654,0.34717101034965425,0.2859778597785978
14500,"Boulder, CO",1,8,15540,"Burlington-South Burlington, VT",1,7.601386377174458,18972.0,100.949,103.842,93043.0,92168.32261835184,66738.16237156141,47944.51409371814,0.3245192313047483,0.39050131926121373
14500,"Boulder, CO",1,9,20500,"Durham-Chapel Hill, NC",1,7.668870686561894,17592.0,97.572,98.934,83500.0,85577.8297052433,69635.24282625629,51605.480189434245,0.3129417851272658,0.30269058295964124
14500,"Boulder, CO",1,10,31700,"Manchester-Nashua, NH",1,8.081816418920951,19476.0,105.657,134.22,103545.0,98001.07896305971,63863.91534751542,45430.6832852763,0.34212374074494756,0.3234624145785877
14540,"Bowling Green, KY",2,1,15940,"Canton-Massillon, OH",4,3.096256683557281,10896.0,89.406,58.143,67801.0,75834.95514842404,63138.081042181606,50950.979505372,0.22437122305040677,0.3256997455470738
14540,"Bowling Green, KY",2,2,40580,"Rocky Mount, NC",2,3.354083647305435,11040.0,88.012,56.103,59636.0,67758.94196245966,63586.16470998596,51042.42067508163,0.23718808245067868,0.37398373983739835
14540,"Bowling Green, KY",2,3,48700,"Williamsport, PA",2,3.4697295513916506,10956.0,92.35,64.392,63917.0,69211.69463995668,61918.573443537956,50055.0109096993,0.22641284961979163,0.358974358974359
14540,"Bowling Green, KY",2,4,22900,"Fort Smith, AR-OK",2,3.530697037526035,10392.0,85.888,53.443,58468.0,68074.70193740685,58892.34541160423,46792.86702114223,0.23832657232574747,0.34797297297297297
14540,"Bowling Green, KY",2,5,27180,"Jackson, TN",2,3.5525991576529377,11964.0,85.522,56.567,61177.0,71533.64046678047,64366.84420383058,50377.461354972984,0.2560485348037776,0.3711340206185567
14540,"Bowling Green, KY",2,6,12220,"Auburn-Opelika, AL",2,3.565042323970612,12312.0,87.933,62.078,63649.0,72383.51927035356,62628.00710071414,48626.437724029616,0.27210367255887064,0.3426294820717131
14540,"Bowling Green, KY",2,7,17420,"Cleveland, TN",2,3.632439037157909,12072.0,88.08,60.327,66135.0,75085.14986376022,61338.95322434151,47633.23115349682,0.27203319219128225,0.3251231527093596
14540,"Bowling Green, KY",2,8,17300,"Clarksville, TN-KY",2,3.7055918510240065,14484.0,90.947,73.801,68967.0,75832.07802346422,62072.269197078145,46146.51023856385,0.3053920742170733,0.33663366336633666
14540,"Bowling Green, KY",2,9,36980,"Owensboro, KY",2,3.711109404018155,10884.0,88.61,55.698,68002.0,76743.03126058007,61968.56622802557,49685.52819620073,0.23782500534711193,0.36633663366336633
14540,"Bowling Green, KY",2,10,21780,"Evansville, IN",4,3.723713105993129,11832.0,91.528,66.735,68232.0,74547.67939865396,64327.87401552051,51400.68233647148,0.2355851644071024,0.3278236914600551
14580,"Bozeman, MT",3,1,13460,"Bend, OR",3,5.477822127459759,20364.0,103.607,109.958,89788.0,86662.09812078334,63998.86696921613,44343.824356265264,0.35544100910429943,0.3914209115281501
14580,"Bozeman, MT",3,2,34940,"Naples-Marco Island, FL",3,5.899169646910398,22344.0,103.2,129.441,90045.0,87252.90697674418,62069.15544675643,40417.99265605875,0.41385420867850703,0.3157894736842105
14580,"Bozeman, MT",3,3,17660,"Coeur d'Alene, ID",3,5.939365183321368,17904.0,98.293,105.597,81861.0,83282.63457214653,60748.985176970884,42534.056341753734,0.3479514361497808,0.4024390243902439
14580,"Bozeman, MT",3,4,41100,"St. George, UT",3,6.34746186527336,18792.0,97.321,98.148,80632.0,82851.59420885523,58262.322438265,38953.02639732831,0.38947142117700184,0.3381294964028777
14580,"Bozeman, MT",3,5,37460,"Panama City-Panama City Beach, FL",3,6.50795242956117,17472.0,97.296,96.424,71514.0,73501.48001973359,58354.237566858705,40396.6647992218,0.36177488698844124,0.3771043771043771
14580,"Bozeman, MT",3,6,18880,"Crestview-Fort Walton Beach-Destin, FL",3,6.54440841727008,19596.0,97.031,94.934,81993.0,84501.86023023569,63599.05344272683,43403.4458533997,0.3781119806794754,0.3630769230769231
14580,"Bozeman, MT",3,7,48900,"Wilmington, NC",3,6.630354515686918,16668.0,96.422,93.215,76471.0,79308.66399784281,61990.545528534785,44704.034151463165,0.33401982090631044,0.33093525179856115
14580,"Bozeman, MT",3,8,24540,"Greeley, CO",3,6.656507484883984,18468.0,100.176,112.599,97097.0,96926.40951924612,65735.34625302242,47299.79282705214,0.32497510165126253,0.3687315634218289
14580,"Bozeman, MT",3,9,22660,"Fort Collins-Loveland, CO",1,6.6711796763371,20592.0,101.128,120.592,93765.0,92719.12823352583,68590.8747918329,48228.56168369273,0.34663914441524585,0.41745283018867924
14580,"Bozeman, MT",3,10,16820,"Charlottesville, VA",1,6.829488657849091,19176.0,99.146,107.041,93598.0,94404.21197022573,67340.57421810836,47999.40059537018,0.3484298226855864,0.32285714285714284
14740,"Bremerton-Silverdale-Port Orchard, WA",1,1,34580,"Mount Vernon-Anacortes, WA",5,6.136232420657037,18432.0,102.443,108.165,89263.0,87134.30883515712,70483.64866543798,52491.204086501406,0.2974167363049318,0.4555984555984556
14740,"Bremerton-Silverdale-Port Orchard, WA",1,2,13380,"Bellingham, WA",5,6.2220504257276055,18660.0,103.334,112.946,81784.0,79145.29583680104,68420.25426497441,50362.3062517358,0.3076581318562428,0.35135135135135137
14740,"Bremerton-Silverdale-Port Orchard, WA",1,3,24540,"Greeley, CO",3,6.306481009676084,18468.0,100.176,112.599,97097.0,96926.40951924612,65735.34625302242,47299.79282705214,0.32497510165126253,0.3687315634218289
14740,"Bremerton-Silverdale-Port Orchard, WA",1,4,28420,"Kennewick-Richland, WA",5,6.981181650651472,15408.0,100.079,94.824,89010.0,88939.73760729026,76414.21490279165,61018.3776142496,0.24236389307139142,0.3151862464183381
14740,"Bremerton-Silverdale-Port Orchard, WA",1,5,46700,"Vallejo, CA",1,7.0546245647002666,25956.0,108.479,142.042,100401.0,92553.397431761,71271.670737124,47344.459018726884,0.402143202664394,0.2884097035040431
14740,"Bremerton-Silverdale-Port Orchard, WA",1,6,22660,"Fort Collins-Loveland, CO",1,7.111932162472089,20592.0,101.128,120.592,93765.0,92719.12823352583,68590.8747918329,48228.56168369273,0.34663914441524585,0.41745283018867924
14740,"Bremerton-Silverdale-Port Orchard, WA",1,7,17820,"Colorado Springs, CO",1,7.359667126279132,20388.0,100.707,116.207,90144.0,89511.15612618787,66961.94500625262,46717.076228511236,0.3564059462598079,0.34475374732334046
14740,"Bremerton-Silverdale-Port Orchard, WA",1,8,47260,"Virginia Beach-Chesapeake-Norfolk, VA-NC",1,7.402310577162289,17736.0,97.941,99.805,82330.0,84060.8121215834,65890.17057801326,47781.30912060523,0.3266761783574887,0.2770034843205575
14740,"Bremerton-Silverdale-Port Orchard, WA",1,9,11260,"Anchorage, AK",5,7.481232572018065,17496.0,105.42,109.905,100505.0,95337.69683172074,68267.62729737941,51671.15603955357,0.28942232701196097,0.4449760765550239
14740,"Bremerton-Silverdale-Port Orchard, WA",1,10,38900,"Portland-Vancouver-Hillsboro, OR-WA",1,7.499545666851473,20688.0,105.421,125.114,97436.0,92425.60780110223,69569.50044399414,49945.326892235,0.3268104331421303,0.3063063063063063
14860,"Bridgeport-Stamford-Danbury, CT",1,1,25540,"Hartford-West Hartford-East Hartford, CT",1,5.780743007988311,16992.0,102.746,110.234,95118.0,92575.86670040683,71257.96861612689,54720.09852872691,0.27788520830891394,0.2864864864864865
14860,"Bridgeport-Stamford-Danbury, CT",1,2,31700,"Manchester-Nashua, NH",1,5.842843185574748,19476.0,105.657,134.22,103545.0,98001.07896305971,63863.91534751542,45430.6832852763,0.34212374074494756,0.3234624145785877
14860,"Bridgeport-Stamford-Danbury, CT",1,3,12580,"Baltimore-Columbia-Towson, MD",1,5.976136306401594,19332.0,104.487,118.194,99470.0,95198.4457396614,67308.79132704846,48806.96813373255,0.32844073814588853,0.30670926517571884
14860,"Bridgeport-Stamford-Danbury, CT",1,4,14460,"Boston-Cambridge-Newton, MA-NH",1,5.979260025611807,24276.0,108.266,148.424,115863.0,107016.97670552156,71208.52884058042,48785.97697757634,0.3742820096621183,0.2928679817905918
14860,"Bridgeport-Stamford-Danbury, CT",1,5,35300,"New Haven, CT",1,6.148215072724609,18300.0,104.559,124.293,88197.0,84351.41881617077,69752.43215382156,52250.351988556016,0.2981927492560833,0.28832951945080093
14860,"Bridgeport-Stamford-Danbury, CT",1,6,38860,"Portland-South Portland, ME",1,6.3972193050444,17820.0,101.858,105.164,92175.0,90493.62838461387,65501.915349666735,48006.971408101024,0.3058479428735404,0.3081761006289308
14860,"Bridgeport-Stamford-Danbury, CT",1,7,12420,"Austin-Round Rock-San Marcos, TX",1,6.418857007025168,20712.0,98.066,120.361,100431.0,102411.64113964065,67353.5803706135,46233.110482986805,0.37534564831619,0.24790619765494137
14860,"Bridgeport-Stamford-Danbury, CT",1,8,40900,"Sacramento-Roseville-Folsom, CA",1,6.648136221971779,21828.0,106.67,130.23,97188.0,91110.90278428799,72284.30998105383,51821.19945325783,0.34014191851906084,0.25232198142414863
14860,"Bridgeport-Stamford-Danbury, CT",1,9,38900,"Portland-Vancouver-Hillsboro, OR-WA",1,6.7661987473766185,20688.0,105.421,125.114,97436.0,92425.60780110223,69569.50044399414,49945.326892235,0.3268104331421303,0.3063063063063063
14860,"Bridgeport-Stamford-Danbury, CT",1,10,15540,"Burlington-South Burlington, VT",1,6.834753292461891,18972.0,100.949,103.842,93043.0,92168.32261835184,66738.16237156141,47944.51409371814,0.3245192313047483,0.39050131926121373
15180,"Brownsville-Harlingen, TX",2,1,32580,"McAllen-Edinburg-Mission, TX",2,5.360243495885653,11484.0,85.895,55.892,54338.0,63260.9581465743,61071.5996216887,47701.787641945986,0.2659319697794923,0.21951219512195122
15180,"Brownsville-Harlingen, TX",2,2,29740,"Las Cruces, NM",2,6.575272661718938,11208.0,90.212,62.982,56848.0,63016.00673967986,65154.128170601645,52730.060419083,0.23121993369223592,0.28679245283018867
15180,"Brownsville-Harlingen, TX",2,3,21500,"Erie, PA",4,6.997360374584185,10848.0,90.95,56.83,63354.0,69658.0538757559,63101.11761660605,51173.68496130094,0.22484026575282168,0.2936046511627907
15180,"Brownsville-Harlingen, TX",2,4,21340,"El Paso, TX",4,7.288073936655145,12948.0,89.912,71.248,59751.0,66454.97820090756,61103.52958467151,46702.782187216224,0.28833702992574883,0.2627118644067797
15180,"Brownsville-Harlingen, TX",2,5,29700,"Laredo, TX",2,7.55233369637126,12324.0,86.956,59.746,63058.0,72517.13510281061,58069.782418694514,43897.097382584296,0.29494455774935346,0.26
15180,"Brownsville-Harlingen, TX",2,6,33740,"Monroe, LA",2,8.040953246240175,11172.0,83.597,42.815,51660.0,61796.4759500939,62682.74243490622,49318.626497731435,0.26206553733126503,0.40601503759398494
15180,"Brownsville-Harlingen, TX",2,7,26580,"Huntington-Ashland, WV-KY-OH",2,8.114882244126298,10608.0,88.422,51.257,60078.0,67944.62916468752,61336.21257419301,49339.19825648927,0.23270316864726165,0.3569553805774278
15180,"Brownsville-Harlingen, TX",2,8,24420,"Grants Pass, OR",5,8.167211090738972,14328.0,97.76,79.911,60098.0,61475.04091653028,60599.55115806179,45943.250012398945,0.27956365768822994,0.31547619047619047
15180,"Brownsville-Harlingen, TX",2,9,14020,"Bloomington, IN",4,8.184325893628332,14112.0,95.084,85.59,65543.0,68931.68146060326,63574.025694922704,48732.41196390591,0.27921642110851186,0.27340823970037453
15180,"Brownsville-Harlingen, TX",2,10,22420,"Flint, MI",4,8.281252714392668,11868.0,93.034,74.039,62281.0,66944.34292839176,65006.57327924778,52249.94666962119,0.23458804632094313,0.32621951219512196
15260,"Brunswick-St. Simons, GA",2,1,41780,"Sandusky, OH",2,4.38052851255307,11184.0,89.281,59.462,73502.0,82326.58684378534,63872.79183824776,51346.05042630122,0.22899681919176987,0.41013824884792627
15260,"Brunswick-St. Simons, GA",2,2,46660,"Valdosta, GA",2,5.006299697240325,12300.0,88.271,58.758,57085.0,64670.163473847584,59038.44953295425,45104.08830446471,0.2825291611788849,0.35864978902953587
15260,"Brunswick-St. Simons, GA",2,3,12220,"Auburn-Opelika, AL",2,5.055212800676789,12312.0,87.933,62.078,63649.0,72383.51927035356,62628.00710071414,48626.437724029616,0.27210367255887064,0.3426294820717131
15260,"Brunswick-St. Simons, GA",2,4,34620,"Muncie, IN",2,5.227420994420815,10872.0,88.148,57.474,58127.0,65942.50578572402,64374.798166014705,52040.99592433027,0.23166642453710123,0.375609756097561
15260,"Brunswick-St. Simons, GA",2,5,48660,"Wichita Falls, TX",2,5.573206271265516,11940.0,89.513,68.208,65379.0,73038.55305933216,60039.527016390704,46700.68237929889,0.26803627407771496,0.3374485596707819
15260,"Brunswick-St. Simons, GA",2,6,17980,"Columbus, GA-AL",2,5.596361143338885,12828.0,89.296,61.185,59336.0,66448.66511377889,62088.856915922086,47723.15184514624,0.2837119690139352,0.28152492668621704
15260,"Brunswick-St. Simons, GA",2,7,31420,"Macon-Bibb County, GA",2,5.600455966524557,12528.0,88.528,58.916,59526.0,67239.74335803361,62706.12035379103,48554.66544686892,0.2700999257002899,0.3050847457627119
15260,"Brunswick-St. Simons, GA",2,8,24140,"Goldsboro, NC",2,5.6410366527142,11580.0,88.462,57.684,59733.0,67523.9085709118,60073.05161161477,46982.68512657035,0.26023030310527223,0.27835051546391754
15260,"Brunswick-St. Simons, GA",2,9,38540,"Pocatello, ID",2,5.685450139852837,11520.0,88.906,66.396,66499.0,74796.97658200796,62063.57907681719,49106.07339666061,0.24592540601312957,0.3468208092485549
15260,"Brunswick-St. Simons, GA",2,10,31740,"Manhattan, KS",2,5.685467291634823,12756.0,90.162,71.971,65469.0,72612.63059825647,63830.00767799487,49682.14050557191,0.2657730092269942,0.35802469135802467
15380,"Buffalo-Cheektowaga, NY",4,1,45060,"Syracuse, NY",4,2.4283486410132076,12924.0,95.742,80.656,75492.0,78849.40778341793,70582.2444795936,57083.466513810556,0.22411724162820085,0.30980392156862746
15380,"Buffalo-Cheektowaga, NY",4,2,40380,"Rochester, NY",4,2.502909454238777,13716.0,97.035,87.481,76284.0,78614.93275622198,68855.4798247465,54720.37393511904,0.23952373161743856,0.31393298059964725
15380,"Buffalo-Cheektowaga, NY",4,3,38300,"Pittsburgh, PA",4,3.5436037088838246,12636.0,94.671,71.986,75762.0,80026.6184998574,66463.37941855424,53116.103061486065,0.23725910596419883,0.24960753532182103
15380,"Buffalo-Cheektowaga, NY",4,4,33340,"Milwaukee-Waukesha, WI",4,3.6826034517721844,13668.0,96.937,97.111,78218.0,80689.51999752417,68438.57298461662,54338.69368156412,0.2432016245299029,0.24273504273504273
15380,"Buffalo-Cheektowaga, NY",4,5,17410,"Cleveland, OH",4,3.716291342210462,12600.0,93.923,79.434,70678.0,75251.00348157533,67255.02311467905,53839.77871234947,0.23579692944191716,0.25938009787928223
15380,"Buffalo-Cheektowaga, NY",4,6,41180,"St. Louis, MO-IL",4,4.286752186270173,13356.0,95.088,79.024,80196.0,84338.71781928319,67041.5904014345,52995.654005674776,0.24362628518226778,0.19314641744548286
15380,"Buffalo-Cheektowaga, NY",4,7,10580,"Albany-Schenectady-Troy, NY",4,4.3935134945166014,15360.0,99.566,102.582,88074.0,88457.90731775906,70461.07192936643,55034.118953450954,0.25776651404899287,0.35304347826086957
15380,"Buffalo-Cheektowaga, NY",4,8,13780,"Binghamton, NY",4,4.404921674820348,11268.0,92.863,69.694,64590.0,69554.07428146839,69819.2476058189,57685.24375067746,0.20875934676794164,0.33432835820895523
15380,"Buffalo-Cheektowaga, NY",4,9,17140,"Cincinnati, OH-KY-IN",4,4.412835738935013,13260.0,95.37,87.608,81120.0,85058.19440075495,67151.80475042066,53248.06143491264,0.24356120073391233,0.215311004784689
15380,"Buffalo-Cheektowaga, NY",4,10,19430,"Dayton-Kettering-Beavercreek, OH",4,4.454164143746429,12468.0,92.694,72.712,71739.0,77393.3587934494,69465.98837606114,56015.2795923211,0.2309123392681901,0.2871900826446281
15500,"Burlington, NC",2,1,24140,"Goldsboro, NC",2,3.9963994305220996,11580.0,88.462,57.684,59733.0,67523.9085709118,60073.05161161477,46982.68512657035,0.26023030310527223,0.27835051546391754
15500,"Burlington, NC",2,2,34740,"Muskegon-Norton Shores, MI",2,4.084218549302311,12336.0,92.519,74.228,65024.0,70281.77995871118,61434.03112928609,48100.55368141052,0.2543614238559642,0.36134453781512604
15500,"Burlington, NC",2,3,12220,"Auburn-Opelika, AL",2,4.288180521100444,12312.0,87.933,62.078,63649.0,72383.51927035356,62628.00710071414,48626.437724029616,0.27210367255887064,0.3426294820717131
15500,"Burlington, NC",2,4,17420,"Cleveland, TN",2,4.31797907115412,12072.0,88.08,60.327,66135.0,75085.14986376022,61338.95322434151,47633.23115349682,0.27203319219128225,0.3251231527093596
15500,"Burlington, NC",2,5,14540,"Bowling Green, KY",2,4.35092388959684,11700.0,90.179,63.395,63328.0,70224.77516938532,60885.41767580124,47911.2219096029,0.2515916322732563,0.32967032967032966
15500,"Burlington, NC",2,6,40660,"Rome, GA",2,4.43236606081985,12168.0,90.161,60.276,65565.0,72719.91215714111,60486.93796730683,46991.080556674744,0.26570970700495744,0.3622448979591837
15500,"Burlington, NC",2,7,46660,"Valdosta, GA",2,4.455200031271039,12300.0,88.271,58.758,57085.0,64670.163473847584,59038.44953295425,45104.08830446471,0.2825291611788849,0.35864978902953587
15500,"Burlington, NC",2,8,33140,"Michigan City-La Porte, IN",2,4.484148046878666,11712.0,91.682,68.451,71055.0,77501.58155363103,60308.200852819915,47533.61042067401,0.24751796376976304,0.34759358288770054
15500,"Burlington, NC",2,9,17980,"Columbus, GA-AL",2,4.536896073268609,12828.0,89.296,61.185,59336.0,66448.66511377889,62088.856915922086,47723.15184514624,0.2837119690139352,0.28152492668621704
15500,"Burlington, NC",2,10,30140,"Lebanon, PA",2,4.546533190532649,13320.0,93.214,66.039,78425.0,84134.35749994636,62203.51361122803,47913.814638970645,0.2692273627288504,0.35023041474654376
15540,"Burlington-South Burlington, VT",1,1,38860,"Portland-South Portland, ME",1,4.591275683387727,17820.0,101.858,105.164,92175.0,90493.62838461387,65501.915349666735,48006.971408101024,0.3058479428735404,0.3081761006289308
15540,"Burlington-South Burlington, VT",1,2,22660,"Fort Collins-Loveland, CO",1,5.0536959625868665,20592.0,101.128,120.592,93765.0,92719.12823352583,68590.8747918329,48228.56168369273,0.34663914441524585,0.41745283018867924
15540,"Burlington-South Burlington, VT",1,3,17820,"Colorado Springs, CO",1,5.10088006787146,20388.0,100.707,116.207,90144.0,89511.15612618787,66961.94500625262,46717.076228511236,0.3564059462598079,0.34475374732334046
15540,"Burlington-South Burlington, VT",1,4,16820,"Charlottesville, VA",1,5.152971191813286,19176.0,99.146,107.041,93598.0,94404.21197022573,67340.57421810836,47999.40059537018,0.3484298226855864,0.32285714285714284
15540,"Burlington-South Burlington, VT",1,5,31700,"Manchester-Nashua, NH",1,5.208804842141723,19476.0,105.657,134.22,103545.0,98001.07896305971,63863.91534751542,45430.6832852763,0.34212374074494756,0.3234624145785877
15540,"Burlington-South Burlington, VT",1,6,47930,"Waterbury-Shelton, CT",5,5.406749219398776,15960.0,99.778,89.111,86191.0,86382.76974884242,68011.71009898384,52016.20006671219,0.27924712171290555,0.3435897435897436
15540,"Burlington-South Burlington, VT",1,7,13460,"Bend, OR",3,5.473101937277946,20364.0,103.607,109.958,89788.0,86662.09812078334,63998.86696921613,44343.824356265264,0.35544100910429943,0.3914209115281501
15540,"Burlington-South Burlington, VT",1,8,39580,"Raleigh-Cary, NC",1,5.813873718731919,18876.0,98.157,103.476,100103.0,101982.5381786322,66179.1612271303,46948.74464960654,0.34717101034965425,0.2859778597785978
15540,"Burlington-South Burlington, VT",1,9,40060,"Richmond, VA",1,5.8191457380628355,17364.0,97.858,99.136,86679.0,88576.30444112897,68241.30691375065,50497.22875969068,0.3106618908925918,0.2777777777777778
15540,"Burlington-South Burlington, VT",1,10,31540,"Madison, WI",1,5.8212868814703205,16248.0,97.287,99.748,88804.0,91280.4382908302,70765.56801523487,54064.46714872649,0.2777887735363412,0.3302238805970149
15940,"Canton-Massillon, OH",4,1,21780,"Evansville, IN",4,2.51376058386028,11832.0,91.528,66.735,68232.0,74547.67939865396,64327.87401552051,51400.68233647148,0.2355851644071024,0.3278236914600551
15940,"Canton-Massillon, OH",4,2,49660,"Youngstown-Warren, OH",2,2.5450760890014643,9540.0,87.394,53.448,56713.0,64893.47094766231,63549.85505936163,52633.77386385622,0.20069441219467554,0.3277777777777778
15940,"Canton-Massillon, OH",4,3,23060,"Fort Wayne, IN",4,2.60529971605181,12036.0,92.572,72.277,71213.0,76927.14859784815,63424.868905130206,50423.097311127705,0.23763223462009603,0.3185840707964602
15940,"Canton-Massillon, OH",4,4,43780,"South Bend-Mishawaka, IN-MI",4,2.689555030044477,12552.0,92.858,74.586,67217.0,72386.8702750436,64529.314989695355,51011.901304283216,0.24506448426998492,0.3015463917525773
15940,"Canton-Massillon, OH",4,5,40420,"Rockford, IL",4,3.032669545905626,12276.0,92.154,70.076,68033.0,73825.33585085835,66247.96407049483,52926.78430618726,0.23770536809852624,0.29080118694362017
15940,"Canton-Massillon, OH",4,6,14540,"Bowling Green, KY",2,3.096256683557281,11700.0,90.179,63.395,63328.0,70224.77516938532,60885.41767580124,47911.2219096029,0.2515916322732563,0.32967032967032966
15940,"Canton-Massillon, OH",4,7,49180,"Winston-Salem, NC",4,3.308008316643366,12192.0,92.043,71.377,65975.0,71678.45463533347,63979.902085542344,50733.91922970323,0.24631398755916462,0.2692307692307692
15940,"Canton-Massillon, OH",4,8,10420,"Akron, OH",4,3.424083191595623,12396.0,93.37,76.785,72371.0,77509.9068223198,65443.69046198477,52167.47754563048,0.23829894393732945,0.2775423728813559
15940,"Canton-Massillon, OH",4,9,31340,"Lynchburg, VA",4,3.475262051477928,11892.0,89.363,63.912,68996.0,77208.6881595291,66726.68393557685,53419.16292576295,0.23931646222428965,0.3181818181818182
15940,"Canton-Massillon, OH",4,10,44180,"Springfield, MO",4,3.4901771676688482,11664.0,88.585,65.568,65071.0,73456.00270926229,63126.94834819056,49959.933616576855,0.2404464327024649,0.28672985781990523
15980,"Cape Coral-Fort Myers, FL",3,1,35840,"North Port-Bradenton-Sarasota, FL",3,2.7211524596016057,20964.0,102.417,127.95,80859.0,78950.76012771318,58295.16398581491,37825.90595248059,0.4099315419670332,0.2753303964757709
15980,"Cape Coral-Fort Myers, FL",3,2,38940,"Port St. Lucie, FL",3,3.7453836085669727,18960.0,100.228,113.642,74514.0,74344.49455242048,59021.63945325537,40104.76991580076,0.3778380640189969,0.31767955801104975
15980,"Cape Coral-Fort Myers, FL",3,3,19660,"Deltona-Daytona Beach-Ormond Beach, FL",3,4.330762044183675,18000.0,99.367,108.375,71277.0,71731.05759457365,56280.31925881352,38165.65342407966,0.37412577856248325,0.3053435114503817
15980,"Cape Coral-Fort Myers, FL",3,4,41100,"St. George, UT",3,4.678714048964875,18792.0,97.321,98.148,80632.0,82851.59420885523,58262.322438265,38953.02639732831,0.38947142117700184,0.3381294964028777
15980,"Cape Coral-Fort Myers, FL",3,5,34940,"Naples-Marco Island, FL",3,5.2040056278109965,22344.0,103.2,129.441,90045.0,87252.90697674418,62069.15544675643,40417.99265605875,0.41385420867850703,0.3157894736842105
15980,"Cape Coral-Fort Myers, FL",3,6,37460,"Panama City-Panama City Beach, FL",3,5.547861362968468,17472.0,97.296,96.424,71514.0,73501.48001973359,58354.237566858705,40396.6647992218,0.36177488698844124,0.3771043771043771
15980,"Cape Coral-Fort Myers, FL",3,7,36740,"Orlando-Kissimmee-Sanford, FL",3,5.6819395041763165,21120.0,101.418,123.374,78533.0,77434.9720956832,58961.82523967011,38137.11956612103,0.4124475879134673,0.23
15980,"Cape Coral-Fort Myers, FL",3,8,37860,"Pensacola-Ferry Pass-Brent, FL",3,5.757190284243195,16248.0,97.717,98.77,75967.0,77741.84635222121,58562.87738004662,41935.26908261629,0.3324508354890374,0.3230769230769231
15980,"Cape Coral-Fort Myers, FL",3,9,45300,"Tampa-St. Petersburg-Clearwater, FL",3,5.779604344963721,19536.0,100.89,125.839,74392.0,73735.75180890078,59465.07072966093,40101.40733388336,0.37957932846007064,0.24006359300476948
15980,"Cape Coral-Fort Myers, FL",3,10,17660,"Coeur d'Alene, ID",3,5.907741269478295,17904.0,98.293,105.597,81861.0,83282.63457214653,60748.985176970884,42534.056341753734,0.3479514361497808,0.4024390243902439
16020,"Cape Girardeau, MO-IL",2,1,11020,"Altoona, PA",2,4.091768380402615,10620.0,89.507,54.978,62382.0,69695.1076452121,62179.822938593694,50314.82913922604,0.22773399270949926,0.35684647302904565
16020,"Cape Girardeau, MO-IL",2,2,36980,"Owensboro, KY",2,4.369754733440637,10884.0,88.61,55.698,68002.0,76743.03126058007,61968.56622802557,49685.52819620073,0.23782500534711193,0.36633663366336633
16020,"Cape Girardeau, MO-IL",2,3,27860,"Jonesboro, AR",2,4.723925675094663,11148.0,85.876,53.848,56738.0,66069.68186687781,60278.60351726368,47297.09529610759,0.25100764913006907,0.3983402489626556
16020,"Cape Girardeau, MO-IL",2,4,48700,"Williamsport, PA",2,4.764249244776798,10956.0,92.35,64.392,63917.0,69211.69463995668,61918.573443537956,50055.0109096993,0.22641284961979163,0.358974358974359
16020,"Cape Girardeau, MO-IL",2,5,30620,"Lima, OH",2,4.819565842179746,11064.0,89.669,57.275,64038.0,71415.9854576275,64678.78328276013,52340.07090724574,0.22672824193499586,0.34545454545454546
16020,"Cape Girardeau, MO-IL",2,6,10780,"Alexandria, LA",2,4.844990686960714,11352.0,85.686,53.684,56353.0,65766.86973367877,61858.973038780015,48610.60107603231,0.2594567995595722,0.4099099099099099
16020,"Cape Girardeau, MO-IL",2,7,27780,"Johnstown, PA",2,4.87643633229583,8868.0,85.929,42.333,58418.0,67984.03332984207,62586.554015524445,52266.40598633756,0.1936110100727031,0.38565022421524664
16020,"Cape Girardeau, MO-IL",2,8,41140,"St. Joseph, MO-KS",2,4.971810096321168,10740.0,86.382,55.359,65005.0,75252.94621564678,66964.4952308007,54531.34943653802,0.22018524048956223,0.33183856502242154
16020,"Cape Girardeau, MO-IL",2,9,48260,"Weirton-Steubenville, WV-OH",2,5.032475227571008,9420.0,89.024,52.383,58784.0,66031.63191948239,61784.71012197054,51203.293874666444,0.20762400003583392,0.40782122905027934
16020,"Cape Girardeau, MO-IL",2,10,27180,"Jackson, TN",2,5.04870246332119,11964.0,85.522,56.567,61177.0,71533.64046678047,64366.84420383058,50377.461354972984,0.2560485348037776,0.3711340206185567
16180,"Carson City, NV",3,1,42140,"Santa Fe, NM",3,6.25677304743585,16668.0,98.767,107.978,79071.0,80058.11657739934,63056.16468106011,46180.08258886332,0.31475592708752903,0.4396887159533074
16180,"Carson City, NV",3,2,26820,"Idaho Falls, ID",4,6.508422902568487,13524.0,94.412,83.985,80291.0,85043.21484557047,64894.98335528667,50570.53307354283,0.2703297036209735,0.35315985130111527
16180,"Carson City, NV",3,3,17660,"Coeur d'Alene, ID",3,6.6011471250787,17904.0,98.293,105.597,81861.0,83282.63457214653,60748.985176970884,42534.056341753734,0.3479514361497808,0.4024390243902439
16180,"Carson City, NV",3,4,45220,"Tallahassee, FL",3,6.788053119063284,15024.0,93.919,78.528,65261.0,69486.47238577924,59758.13200736805,43761.368839106035,0.31134613008110407,0.31117021276595747
16180,"Carson City, NV",3,5,30860,"Logan, UT-ID",3,6.8266068546041865,14412.0,95.927,90.959,81126.0,84570.55886246833,58634.29237551348,43610.36793296863,0.3017569074435835,0.34901960784313724
16180,"Carson City, NV",3,6,47380,"Waco, TX",4,6.847865171953648,13812.0,92.55,83.531,66205.0,71534.30578065911,63271.5083520552,48347.68339257384,0.28515605049146603,0.2621082621082621
16180,"Carson City, NV",3,7,44300,"State College, PA",4,6.963638207827574,14484.0,96.762,85.688,74291.0,76777.04057377896,63660.19718484529,48691.51113040243,0.28255179120848817,0.3134920634920635
16180,"Carson City, NV",3,8,41660,"San Angelo, TX",2,7.019210254816444,13860.0,92.453,81.442,68419.0,74004.08856391897,58094.47881147742,43103.07777527525,0.30891388764814864,0.3392070484581498
16180,"Carson City, NV",3,9,41540,"Salisbury, MD",2,7.059381947995182,15288.0,95.617,87.212,73802.0,77185.01940031584,64197.91982597236,48209.13122143551,0.2976588692551509,0.3983402489626556
16180,"Carson City, NV",3,10,37860,"Pensacola-Ferry Pass-Brent, FL",3,7.11254201102042,16248.0,97.717,98.77,75967.0,77741.84635222121,58562.87738004662,41935.26908261629,0.3324508354890374,0.3230769230769231
16220,"Casper, WY",2,1,46300,"Twin Falls, ID",2,4.045151882745895,12852.0,92.108,73.833,68810.0,74705.78017110348,59987.28474757254,46034.099356509876,0.27227558436631183,0.4236453201970443
16220,"Casper, WY",2,2,48540,"Wheeling, WV-OH",2,4.9984752313147345,9744.0,88.323,51.443,57418.0,65009.11427374523,63569.55545162468,52537.32149218037,0.2104281474137525,0.4068441064638783
16220,"Casper, WY",2,3,13740,"Billings, MT",4,5.055028612196507,13404.0,93.526,77.364,77194.0,82537.476209824,65507.996490445395,51176.152938919615,0.2575829546765246,0.4252199413489736
16220,"Casper, WY",2,4,22520,"Florence-Muscle Shoals, AL",2,5.071494881470593,10236.0,84.817,47.677,61891.0,72970.04138321328,60980.613091131,48912.27773383236,0.2468446353120323,0.4383561643835616
16220,"Casper, WY",2,5,24300,"Grand Junction, CO",2,5.291719393311872,14184.0,95.476,86.367,73658.0,77148.18383677573,62686.99538552695,47830.90589706912,0.27235353663590656,0.42402826855123676
16220,"Casper, WY",2,6,22140,"Farmington, NM",2,5.382850462932772,11472.0,87.707,56.552,55872.0,63703.01116216494,64504.34695771934,51424.433153804035,0.24074411044968866,0.39408866995073893
16220,"Casper, WY",2,7,24500,"Great Falls, MT",2,5.490408364029959,11268.0,96.845,97.115,67690.0,69895.19335019877,58202.4368836801,46567.34988899788,0.23183230705586225,0.46534653465346537
16220,"Casper, WY",2,8,30300,"Lewiston, ID-WA",2,5.591795917975921,12288.0,91.16,71.925,72475.0,79503.07152259763,63079.71045665597,49600.114142483086,0.24642421751260365,0.32679738562091504
16220,"Casper, WY",2,9,16940,"Cheyenne, WY",2,5.602169179207247,13920.0,96.491,89.828,80173.0,83088.57820936668,64502.64302683034,50076.42711031999,0.2690342234314558,0.46543778801843316
16220,"Casper, WY",2,10,33140,"Michigan City-La Porte, IN",2,5.708908656240147,11712.0,91.682,68.451,71055.0,77501.58155363103,60308.200852819915,47533.61042067401,0.24751796376976304,0.34759358288770054
16300,"Cedar Rapids, IA",4,1,19340,"Davenport-Moline-Rock Island, IA-IL",4,2.8856227343512275,11292.0,89.079,68.346,72738.0,81655.60906610986,68382.6994289967,55706.31105463237,0.21823192377203676,0.26218097447795824
16300,"Cedar Rapids, IA",4,2,22020,"Fargo, ND-MN",4,3.635348102486986,11604.0,90.871,81.142,76756.0,84466.99166950952,70028.45303293191,57258.702507461734,0.2124077502340074,0.3530864197530864
16300,"Cedar Rapids, IA",4,3,47940,"Waterloo-Cedar Falls, IA",4,4.054451649614315,11724.0,87.057,63.13,70811.0,81338.66317470162,68655.5861916745,55188.54735505022,0.23019771670532055,0.3227848101265823
16300,"Cedar Rapids, IA",4,4,24580,"Green Bay, WI",4,4.203873033964499,12120.0,93.086,74.696,79267.0,85154.5882302387,65835.59204587441,52815.37418282305,0.22732122905949836,0.3058252427184466
16300,"Cedar Rapids, IA",4,5,41060,"St. Cloud, MN",4,4.268086784503633,12504.0,87.632,65.057,76497.0,87293.45444586451,74021.877683782,59753.11741356108,0.2236348658352055,0.3261538461538461
16300,"Cedar Rapids, IA",4,6,19780,"Des Moines-West Des Moines, IA",4,4.332733158328761,13800.0,91.701,84.741,85890.0,93663.10072954494,69766.47267337589,54717.563719275066,0.2534210687134835,0.2922465208747515
16300,"Cedar Rapids, IA",4,7,20220,"Dubuque, IA",4,4.428013545771654,11508.0,87.328,64.046,77630.0,88894.74166361304,68162.83658790293,54984.93259376588,0.22657559632048996,0.34
16300,"Cedar Rapids, IA",4,8,36780,"Oshkosh-Neenah, WI",4,4.436841969113601,11580.0,92.929,74.442,74925.0,80626.06936478386,68307.04823702751,55845.92200086871,0.21430529948188135,0.32450331125827814
16300,"Cedar Rapids, IA",4,9,30700,"Lincoln, NE",4,4.535942746533815,12984.0,91.581,84.208,75049.0,81948.22070080039,66038.39117887121,51860.77791847877,0.24763292461288774,0.40046296296296297
16300,"Cedar Rapids, IA",4,10,45820,"Topeka, KS",4,4.5928750401412834,11652.0,88.82,64.987,69888.0,78684.98086016663,67111.28207694297,53992.61511004362,0.23044157947003216,0.3374233128834356
16540,"Chambersburg, PA",2,1,30140,"Lebanon, PA",2,2.9822389475878586,13320.0,93.214,66.039,78425.0,84134.35749994636,62203.51361122803,47913.814638970645,0.2692273627288504,0.35023041474654376
16540,"Chambersburg, PA",2,2,44420,"Staunton-Stuarts Draft, VA",2,3.498661324050616,12816.0,91.128,68.232,73544.0,80704.0646124133,64357.79601245547,50294.061485197104,0.2596089907875784,0.3611111111111111
16540,"Chambersburg, PA",2,3,49620,"York-Hanover, PA",4,3.599853692972112,14316.0,96.0,79.762,84829.0,88363.54166666667,63750.44718013469,48837.94718013469,0.27805188096679934,0.2964824120603015
16540,"Chambersburg, PA",2,4,27500,"Janesville-Beloit, WI",4,4.397510158022609,12444.0,93.703,79.552,75673.0,80758.35352123197,66473.54932463648,53193.29148870807,0.24034669263041522,0.32567049808429116
16540,"Chambersburg, PA",2,5,28450,"Kenosha, WI",5,4.41572666842763,14628.0,101.118,95.814,81239.0,80340.78996815602,63315.08555071433,48848.81841726628,0.2731131807864298,0.29435483870967744
16540,"Chambersburg, PA",2,6,17420,"Cleveland, TN",2,4.486638801468605,12072.0,88.08,60.327,66135.0,75085.14986376022,61338.95322434151,47633.23115349682,0.27203319219128225,0.3251231527093596
16540,"Chambersburg, PA",2,7,39740,"Reading, PA",4,4.704184809104197,14172.0,97.06,85.419,79777.0,82193.48856377498,63929.24829493275,49327.970734660754,0.26702749400029324,0.2684729064039409
16540,"Chambersburg, PA",2,8,39540,"Racine-Mount Pleasant, WI",4,4.855911998370538,12960.0,95.961,92.029,78096.0,81383.06186888424,64313.61930148584,50808.132697553,0.24865044638818126,0.31417624521072796
16540,"Chambersburg, PA",2,9,33780,"Monroe, MI",2,4.8758868430663185,12708.0,93.492,74.641,77335.0,82718.30744876566,66457.0452288844,52864.43837482201,0.24608840979640453,0.34183673469387754
16540,"Chambersburg, PA",2,10,40580,"Rocky Mount, NC",2,4.965251623713908,11040.0,88.012,56.103,59636.0,67758.94196245966,63586.16470998596,51042.42067508163,0.23718808245067868,0.37398373983739835
16580,"Champaign-Urbana, IL",4,1,37900,"Peoria, IL",4,4.055465021328249,11460.0,91.231,63.763,71857.0,78763.79739342986,69581.11682553023,57019.59716664234,0.21445568399867354,0.30238726790450926
16580,"Champaign-Urbana, IL",4,2,29100,"La Crosse-Onalaska, WI-MN",4,4.24443773887889,12324.0,91.769,69.386,73340.0,79918.05511665158,67956.63342042305,54527.26184614416,0.23195177286284113,0.3104575163398693
16580,"Champaign-Urbana, IL",4,3,45780,"Toledo, OH",4,4.651422666859046,11268.0,91.455,67.317,65486.0,71604.61429118145,66680.42277093793,54359.609256094576,0.21694709413389476,0.2801724137931034
16580,"Champaign-Urbana, IL",4,4,13780,"Binghamton, NY",4,4.790402128389146,11268.0,92.863,69.694,64590.0,69554.07428146839,69819.2476058189,57685.24375067746,0.20875934676794164,0.33432835820895523
16580,"Champaign-Urbana, IL",4,5,28020,"Kalamazoo-Portage, MI",4,4.798935646705247,13116.0,94.84,81.59,72532.0,76478.27920708562,66113.98144242936,52284.37368199071,0.24899406391349468,0.3254437869822485
16580,"Champaign-Urbana, IL",4,6,19430,"Dayton-Kettering-Beavercreek, OH",4,4.831956118180018,12468.0,92.694,72.712,71739.0,77393.3587934494,69465.98837606114,56015.2795923211,0.2309123392681901,0.2871900826446281
16580,"Champaign-Urbana, IL",4,7,44100,"Springfield, IL",4,4.908082258507462,11748.0,92.745,71.616,75895.0,81831.90468488866,66825.75246857957,54158.76233434053,0.22267191134467204,0.30914826498422715
16580,"Champaign-Urbana, IL",4,8,10420,"Akron, OH",4,4.956928607654735,12396.0,93.37,76.785,72371.0,77509.9068223198,65443.69046198477,52167.47754563048,0.23829894393732945,0.2775423728813559
16580,"Champaign-Urbana, IL",4,9,17860,"Columbia, MO",4,4.958578878992446,12840.0,89.438,69.248,72340.0,80882.84621749145,66558.14857563554,52201.83470457402,0.25362735798030933,0.309375
16580,"Champaign-Urbana, IL",4,10,38340,"Pittsfield, MA",5,4.991004910255722,13164.0,95.106,73.452,76013.0,79924.50528883561,72935.90909386499,59094.51107481257,0.22577645314782158,0.398406374501992
16620,"Charleston, WV",4,1,45820,"Topeka, KS",4,5.3741752069796025,11652.0,88.82,64.987,69888.0,78684.98086016663,67111.28207694297,53992.61511004362,0.23044157947003216,0.3374233128834356
16620,"Charleston, WV",4,2,31420,"Macon-Bibb County, GA",2,5.433080500437806,12528.0,88.528,58.916,59526.0,67239.74335803361,62706.12035379103,48554.66544686892,0.2700999257002899,0.3050847457627119
16620,"Charleston, WV",4,3,27140,"Jackson, MS",4,6.106589333691022,12864.0,89.048,64.768,61644.0,69225.58620070074,61146.49303705735,46700.35163017566,0.2819898425244015,0.29082774049217003
16620,"Charleston, WV",4,4,26580,"Huntington-Ashland, WV-KY-OH",2,6.128082454989235,10608.0,88.422,51.257,60078.0,67944.62916468752,61336.21257419301,49339.19825648927,0.23270316864726165,0.3569553805774278
16620,"Charleston, WV",4,5,10500,"Albany, GA",2,6.1616995104054055,11400.0,87.669,54.626,56906.0,64910.05942807606,63410.94034166649,50407.48415989186,0.2527808062075669,0.3601694915254237
16620,"Charleston, WV",4,6,33860,"Montgomery, AL",4,6.3256486057474,13140.0,89.682,64.347,64010.0,71374.41181061974,61830.14057075741,47178.37098488734,0.28340972491274713,0.3485254691689008
16620,"Charleston, WV",4,7,24780,"Greenville, NC",4,6.350611737501826,11916.0,88.402,57.326,58188.0,65822.04022533426,66882.18929713823,53402.85625037458,0.2446559569768659,0.33568904593639576
16620,"Charleston, WV",4,8,27620,"Jefferson City, MO",4,6.36057840036324,9924.0,87.975,62.123,74030.0,84148.90593918727,62907.06604089909,51626.588632544444,0.20958104529687277,0.3402777777777778
16620,"Charleston, WV",4,9,10780,"Alexandria, LA",2,6.382619475576503,11352.0,85.686,53.684,56353.0,65766.86973367877,61858.973038780015,48610.60107603231,0.2594567995595722,0.4099099099099099
16620,"Charleston, WV",4,10,40220,"Roanoke, VA",4,6.392572521542856,12516.0,93.618,78.531,68761.0,73448.482129505,62641.13272502912,49271.9088578241,0.25237181089584726,0.2727272727272727
16700,"Charleston-North Charleston, SC",3,1,27260,"Jacksonville, FL",3,3.52968457088708,18156.0,99.484,109.777,79643.0,80056.08942141451,61809.61575844957,43559.44487669975,0.3471988980962408,0.21837088388214904
16700,"Charleston-North Charleston, SC",3,2,48900,"Wilmington, NC",3,4.135760928981271,16668.0,96.422,93.215,76471.0,79308.66399784281,61990.545528534785,44704.034151463165,0.33401982090631044,0.33093525179856115
16700,"Charleston-North Charleston, SC",3,3,47260,"Virginia Beach-Chesapeake-Norfolk, VA-NC",1,4.152233533822934,17736.0,97.941,99.805,82330.0,84060.8121215834,65890.17057801326,47781.30912060523,0.3266761783574887,0.2770034843205575
16700,"Charleston-North Charleston, SC",3,4,14260,"Boise City, ID",3,4.181926893965951,17844.0,98.391,105.58,85987.0,87393.15587807828,62582.30278719957,44446.497683074194,0.33615988563011345,0.2851153039832285
16700,"Charleston-North Charleston, SC",3,5,42340,"Savannah, GA",3,4.357480866238207,17448.0,95.206,86.012,77180.0,81066.31934962083,62240.72121680006,43914.14516066914,0.3525628748734045,0.26153846153846155
16700,"Charleston-North Charleston, SC",3,6,11700,"Asheville, NC",3,4.600410182283931,15552.0,96.506,93.371,71838.0,74438.89499098502,61864.169371974436,45749.10916846377,0.3029191910352288,0.3237410071942446
16700,"Charleston-North Charleston, SC",3,7,16740,"Charlotte-Concord-Gastonia, NC-SC",1,4.619545499350386,17676.0,97.348,97.635,83304.0,85573.40674692855,65335.56193294378,47178.02402769663,0.32930309038430056,0.20500782472613457
16700,"Charleston-North Charleston, SC",3,8,39580,"Raleigh-Cary, NC",1,4.657810037004046,18876.0,98.157,103.476,100103.0,101982.5381786322,66179.1612271303,46948.74464960654,0.34717101034965425,0.2859778597785978
16700,"Charleston-North Charleston, SC",3,9,39900,"Reno, NV",3,4.6716207301603445,19104.0,101.014,123.478,87485.0,86606.80697725067,63229.712016809666,44317.4820288872,0.34879671340643237,0.30364372469635625
16700,"Charleston-North Charleston, SC",3,10,17820,"Colorado Springs, CO",1,4.689985233566038,20388.0,100.707,116.207,90144.0,89511.15612618787,66961.94500625262,46717.076228511236,0.3564059462598079,0.34475374732334046
16740,"Charlotte-Concord-Gastonia, NC-SC",1,1,12060,"Atlanta-Sandy Springs-Roswell, GA",1,3.311473122084351,20064.0,100.058,111.022,89724.0,89671.99024565752,65399.90559141387,45347.53596579673,0.3707652333637077,0.20268256333830104
16740,"Charlotte-Concord-Gastonia, NC-SC",1,2,34980,"Nashville-Davidson--Murfreesboro--Franklin, TN",1,3.4177082993010965,18336.0,96.338,104.626,85447.0,88695.0113143308,65971.2658122988,46938.27779095728,0.3405239575125513,0.24666666666666667
16740,"Charlotte-Concord-Gastonia, NC-SC",1,3,27260,"Jacksonville, FL",3,3.5111271066921588,18156.0,99.484,109.777,79643.0,80056.08942141451,61809.61575844957,43559.44487669975,0.3471988980962408,0.21837088388214904
16740,"Charlotte-Concord-Gastonia, NC-SC",1,4,41700,"San Antonio-New Braunfels, TX",4,3.623393305793461,16356.0,94.716,94.575,76213.0,80464.75780227206,65452.93090162896,48184.465172501885,0.3194721786194416,0.20689655172413793
16740,"Charlotte-Concord-Gastonia, NC-SC",1,5,47260,"Virginia Beach-Chesapeake-Norfolk, VA-NC",1,3.785152621656387,17736.0,97.941,99.805,82330.0,84060.8121215834,65890.17057801326,47781.30912060523,0.3266761783574887,0.2770034843205575
16740,"Charlotte-Concord-Gastonia, NC-SC",1,6,39580,"Raleigh-Cary, NC",1,3.9433225936646332,18876.0,98.157,103.476,100103.0,101982.5381786322,66179.1612271303,46948.74464960654,0.34717101034965425,0.2859778597785978
16740,"Charlotte-Concord-Gastonia, NC-SC",1,7,40060,"Richmond, VA",1,3.97014482609165,17364.0,97.858,99.136,86679.0,88576.30444112897,68241.30691375065,50497.22875969068,0.3106618908925918,0.2777777777777778
16740,"Charlotte-Concord-Gastonia, NC-SC",1,8,26420,"Houston-Pasadena-The Woodlands, TX",1,4.175746286197143,17160.0,98.629,104.51,82168.0,83310.18260349389,65673.29157864783,48274.75767888204,0.3248826294257687,0.21343283582089553
16740,"Charlotte-Concord-Gastonia, NC-SC",1,9,38060,"Phoenix-Mesa-Chandler, AZ",1,4.210136236949702,20424.0,103.316,121.236,88301.0,85466.91703124394,63795.93762867011,44027.46033570484,0.36109507456401635,0.23355263157894737
16740,"Charlotte-Concord-Gastonia, NC-SC",1,10,19100,"Dallas-Fort Worth-Arlington, TX",1,4.223762614890668,19368.0,103.09,117.874,90275.0,87569.11436608787,64319.4799120766,45532.012650460536,0.35664425864692695,0.19602272727272727
16820,"Charlottesville, VA",1,1,22660,"Fort Collins-Loveland, CO",1,4.384740198830666,20592.0,101.128,120.592,93765.0,92719.12823352583,68590.8747918329,48228.56168369273,0.34663914441524585,0.41745283018867924
16820,"Charlottesville, VA",1,2,15540,"Burlington-South Burlington, VT",1,5.152971191813286,18972.0,100.949,103.842,93043.0,92168.32261835184,66738.16237156141,47944.51409371814,0.3245192313047483,0.39050131926121373
16820,"Charlottesville, VA",1,3,17820,"Colorado Springs, CO",1,5.4190018244304,20388.0,100.707,116.207,90144.0,89511.15612618787,66961.94500625262,46717.076228511236,0.3564059462598079,0.34475374732334046
16820,"Charlottesville, VA",1,4,39580,"Raleigh-Cary, NC",1,5.461387160678003,18876.0,98.157,103.476,100103.0,101982.5381786322,66179.1612271303,46948.74464960654,0.34717101034965425,0.2859778597785978
16820,"Charlottesville, VA",1,5,31540,"Madison, WI",1,5.6060934011665315,16248.0,97.287,99.748,88804.0,91280.4382908302,70765.56801523487,54064.46714872649,0.2777887735363412,0.3302238805970149
16820,"Charlottesville, VA",1,6,20500,"Durham-Chapel Hill, NC",1,5.712582893363405,17592.0,97.572,98.934,83500.0,85577.8297052433,69635.24282625629,51605.480189434245,0.3129417851272658,0.30269058295964124
16820,"Charlottesville, VA",1,7,13460,"Bend, OR",3,5.785605846932342,20364.0,103.607,109.958,89788.0,86662.09812078334,63998.86696921613,44343.824356265264,0.35544100910429943,0.3914209115281501
16820,"Charlottesville, VA",1,8,38860,"Portland-South Portland, ME",1,5.857258760508246,17820.0,101.858,105.164,92175.0,90493.62838461387,65501.915349666735,48006.971408101024,0.3058479428735404,0.3081761006289308
16820,"Charlottesville, VA",1,9,40060,"Richmond, VA",1,5.977533771133544,17364.0,97.858,99.136,86679.0,88576.30444112897,68241.30691375065,50497.22875969068,0.3106618908925918,0.2777777777777778
16820,"Charlottesville, VA",1,10,47260,"Virginia Beach-Chesapeake-Norfolk, VA-NC",1,6.100308202426602,17736.0,97.941,99.805,82330.0,84060.8121215834,65890.17057801326,47781.30912060523,0.3266761783574887,0.2770034843205575
16860,"Chattanooga, TN-GA",4,1,28940,"Knoxville, TN",4,2.336556995325262,13740.0,92.569,82.783,72422.0,78235.69445494712,64160.4664692093,49317.48447739778,0.27624760022122646,0.29259259259259257
16860,"Chattanooga, TN-GA",4,2,24860,"Greenville-Anderson-Greer, SC",4,3.1132337392017995,13800.0,93.26,76.836,71240.0,76388.59103581385,64467.9390950032,49670.598327257125,0.27513359975790086,0.2655038759689923
16860,"Chattanooga, TN-GA",4,3,47380,"Waco, TX",4,3.1783961146313517,13812.0,92.55,83.531,66205.0,71534.30578065911,63271.5083520552,48347.68339257384,0.28515605049146603,0.2621082621082621
16860,"Chattanooga, TN-GA",4,4,46140,"Tulsa, OK",4,3.2917591542695295,12936.0,89.214,68.235,69359.0,77744.52440199968,65785.36914696037,51285.40277396959,0.2634387283725328,0.2770137524557957
16860,"Chattanooga, TN-GA",4,5,24660,"Greensboro-High Point, NC",4,3.3199961744832924,13116.0,92.865,74.519,65565.0,70602.48748182846,64513.973821422944,50390.245829176136,0.2594799531728843,0.278
16860,"Chattanooga, TN-GA",4,6,11100,"Amarillo, TX",2,3.4546297800944803,13032.0,91.82,78.38,69611.0,75812.45915922457,61035.46924106171,46842.48296356226,0.2803830781797324,0.2767857142857143
16860,"Chattanooga, TN-GA",4,7,22220,"Fayetteville-Springdale-Rogers, AR",4,3.546440777135023,13884.0,91.353,76.886,81650.0,89378.56446969448,63245.08247483576,48046.89522318557,0.28781528593000755,0.24449877750611246
16860,"Chattanooga, TN-GA",4,8,30780,"Little Rock-North Little Rock-Conway, AR",4,3.558272675190654,12660.0,89.364,68.295,67154.0,75146.59146860032,60718.25578171768,46551.47721316659,0.2692428810447293,0.29292929292929293
16860,"Chattanooga, TN-GA",4,9,17300,"Clarksville, TN-KY",2,3.6199289128290886,14484.0,90.947,73.801,68967.0,75832.07802346422,62072.269197078145,46146.51023856385,0.3053920742170733,0.33663366336633666
16860,"Chattanooga, TN-GA",4,10,27140,"Jackson, MS",4,3.6467173571300564,12864.0,89.048,64.768,61644.0,69225.58620070074,61146.49303705735,46700.35163017566,0.2819898425244015,0.29082774049217003
16940,"Cheyenne, WY",2,1,13740,"Billings, MT",4,4.996128974357267,13404.0,93.526,77.364,77194.0,82537.476209824,65507.996490445395,51176.152938919615,0.2575829546765246,0.4252199413489736
16940,"Cheyenne, WY",2,2,16220,"Casper, WY",2,5.602169179207247,12192.0,93.829,74.189,72156.0,76901.59758709994,63041.17064020719,50047.32012490808,0.24683207557369424,0.4405940594059406
16940,"Cheyenne, WY",2,3,24300,"Grand Junction, CO",2,5.748108312277082,14184.0,95.476,86.367,73658.0,77148.18383677573,62686.99538552695,47830.90589706912,0.27235353663590656,0.42402826855123676
16940,"Cheyenne, WY",2,4,26820,"Idaho Falls, ID",4,5.982323084048004,13524.0,94.412,83.985,80291.0,85043.21484557047,64894.98335528667,50570.53307354283,0.2703297036209735,0.35315985130111527
16940,"Cheyenne, WY",2,5,45900,"Traverse City, MI",2,6.022400273568978,14700.0,93.372,78.146,80889.0,86630.8957717517,63845.01731270337,48101.539610608525,0.28270572947977574,0.3971119133574007
16940,"Cheyenne, WY",2,6,25740,"Helena, MT",4,6.134956200496166,12984.0,95.675,90.141,78528.0,82077.86778155214,64333.89468982848,50762.95139220632,0.24560196985153687,0.4166666666666667
16940,"Cheyenne, WY",2,7,20100,"Dover, DE",3,6.147705674791665,16248.0,97.507,95.899,74477.0,76381.18288943358,63119.146253602295,46455.727217020314,0.3177849740883776,0.36328125
16940,"Cheyenne, WY",2,8,21780,"Evansville, IN",4,6.427348912781567,11832.0,91.528,66.735,68232.0,74547.67939865396,64327.87401552051,51400.68233647148,0.2355851644071024,0.3278236914600551
16940,"Cheyenne, WY",2,9,24020,"Glens Falls, NY",2,6.434757507407917,12924.0,94.866,76.231,75836.0,79940.12607256552,65441.69467700668,51818.26794877949,0.24111018809398313,0.4357976653696498
16940,"Cheyenne, WY",2,10,33540,"Missoula, MT",3,6.496125865684811,14208.0,96.445,94.945,74989.0,77753.12354191509,61422.33689204623,46690.62451711751,0.279610042926258,0.46885245901639344
16980,"Chicago-Naperville-Elgin, IL-IN",1,1,33460,"Minneapolis-St. Paul-Bloomington, MN-WI",1,3.844312570693466,17280.0,104.822,111.838,99833.0,95240.50294785445,69614.09635807802,53129.00735004536,0.2774938216482202,0.19969512195121952
16980,"Chicago-Naperville-Elgin, IL-IN",1,2,37980,"Philadelphia-Camden-Wilmington, PA-NJ-DE-MD",1,4.080243115361227,17760.0,102.554,113.141,91289.0,89015.54303098854,66967.56327977296,49649.85748575226,0.30524714301644423,0.20220082530949107
16980,"Chicago-Naperville-Elgin, IL-IN",1,3,41180,"St. Louis, MO-IL",4,4.718400698889659,13356.0,95.088,79.024,80196.0,84338.71781928319,67041.5904014345,52995.654005674776,0.24362628518226778,0.19314641744548286
16980,"Chicago-Naperville-Elgin, IL-IN",1,4,12580,"Baltimore-Columbia-Towson, MD",1,4.892752620909922,19332.0,104.487,118.194,99470.0,95198.4457396614,67308.79132704846,48806.96813373255,0.32844073814588853,0.30670926517571884
16980,"Chicago-Naperville-Elgin, IL-IN",1,5,19100,"Dallas-Fort Worth-Arlington, TX",1,4.999462100592685,19368.0,103.09,117.874,90275.0,87569.11436608787,64319.4799120766,45532.012650460536,0.35664425864692695,0.19602272727272727
16980,"Chicago-Naperville-Elgin, IL-IN",1,6,26420,"Houston-Pasadena-The Woodlands, TX",1,5.01428264324283,17160.0,98.629,104.51,82168.0,83310.18260349389,65673.29157864783,48274.75767888204,0.3248826294257687,0.21343283582089553
16980,"Chicago-Naperville-Elgin, IL-IN",1,7,18140,"Columbus, OH",4,5.065372415546846,15288.0,95.469,87.945,81945.0,85834.14511516828,68597.49537246945,52583.92028526837,0.27429271692332724,0.178752107925801
16980,"Chicago-Naperville-Elgin, IL-IN",1,8,38900,"Portland-Vancouver-Hillsboro, OR-WA",1,5.065911207364003,20688.0,105.421,125.114,97436.0,92425.60780110223,69569.50044399414,49945.326892235,0.3268104331421303,0.3063063063063063
16980,"Chicago-Naperville-Elgin, IL-IN",1,9,19820,"Detroit-Warren-Dearborn, MI",4,5.095640161405199,14484.0,100.298,94.69,76664.0,76436.22006420865,65444.846478705585,51003.8805571518,0.25953048925138034,0.16845329249617153
16980,"Chicago-Naperville-Elgin, IL-IN",1,10,39300,"Providence-Warwick, RI-MA",4,5.31190574427703,15684.0,101.773,103.851,87040.0,85523.66541224097,68567.68550832792,53156.918408999016,0.26550380543656876,0.30124777183600715
17020,"Chico, CA",5,1,39820,"Redding, CA",5,3.3457568740216233,15804.0,100.684,89.366,72636.0,72142.544992253,67386.68598933466,51690.050972847435,0.2778129955394769,0.38095238095238093
17020,"Chico, CA",5,2,49700,"Yuba City, CA",5,4.406731717886408,16632.0,104.233,108.279,78179.0,75004.07740350945,64324.98984646577,48368.430983149934,0.2964625706140576,0.3672566371681416
17020,"Chico, CA",5,3,32780,"Medford, OR",5,4.469550318612034,16296.0,101.433,97.658,73999.0,72953.57526643202,62144.5270666695,46078.74965695077,0.29616088827104076,0.35174418604651164
17020,"Chico, CA",5,4,21660,"Eugene-Springfield, OR",5,4.955656764207035,16260.0,101.568,98.35,71544.0,70439.50850661626,64475.11932439578,48466.14011834663,0.2889320409761229,0.3464203233256351
17020,"Chico, CA",5,5,33700,"Modesto, CA",5,4.959138305986345,19476.0,104.108,108.476,81468.0,78253.35228800861,67774.94121726394,49067.44515548194,0.3266800405031649,0.3374384236453202
17020,"Chico, CA",5,6,41420,"Salem, OR",5,5.673400559487393,16788.0,103.649,110.333,78900.0,76122.297369005,65913.51063560153,49716.53816119271,0.2875189685609681,0.313953488372093
17020,"Chico, CA",5,7,13380,"Bellingham, WA",5,5.717538472759397,18660.0,103.334,112.946,81784.0,79145.29583680104,68420.25426497441,50362.3062517358,0.3076581318562428,0.35135135135135137
17020,"Chico, CA",5,8,12620,"Bangor, ME",2,5.928152501832057,12492.0,96.508,77.688,66356.0,68756.99423881958,63285.9248892909,50341.9202471887,0.23516302037792222,0.4
17020,"Chico, CA",5,9,41540,"Salisbury, MD",2,6.04466797143556,15288.0,95.617,87.212,73802.0,77185.01940031584,64197.91982597236,48209.13122143551,0.2976588692551509,0.3983402489626556
17020,"Chico, CA",5,10,13460,"Bend, OR",3,6.087983223284606,20364.0,103.607,109.958,89788.0,86662.09812078334,63998.86696921613,44343.824356265264,0.35544100910429943,0.3914209115281501
17140,"Cincinnati, OH-KY-IN",4,1,26900,"Indianapolis-Carmel-Greenwood, IN",4,2.3645863541894094,14292.0,95.696,88.917,79852.0,83443.40411302458,67102.48315808205,52167.689645291546,0.26071779381385785,0.23014586709886548
17140,"Cincinnati, OH-KY-IN",4,2,17410,"Cleveland, OH",4,2.427815788844367,12600.0,93.923,79.434,70678.0,75251.00348157533,67255.02311467905,53839.77871234947,0.23579692944191716,0.25938009787928223
17140,"Cincinnati, OH-KY-IN",4,3,18140,"Columbus, OH",4,2.451937279223581,15288.0,95.469,87.945,81945.0,85834.14511516828,68597.49537246945,52583.92028526837,0.27429271692332724,0.178752107925801
17140,"Cincinnati, OH-KY-IN",4,4,33340,"Milwaukee-Waukesha, WI",4,2.658553522031574,13668.0,96.937,97.111,78218.0,80689.51999752417,68438.57298461662,54338.69368156412,0.2432016245299029,0.24273504273504273
17140,"Cincinnati, OH-KY-IN",4,5,41180,"St. Louis, MO-IL",4,2.8785934233718207,13356.0,95.088,79.024,80196.0,84338.71781928319,67041.5904014345,52995.654005674776,0.24362628518226778,0.19314641744548286
17140,"Cincinnati, OH-KY-IN",4,6,10420,"Akron, OH",4,2.9174885861250304,12396.0,93.37,76.785,72371.0,77509.9068223198,65443.69046198477,52167.47754563048,0.23829894393732945,0.2775423728813559
17140,"Cincinnati, OH-KY-IN",4,7,38300,"Pittsburgh, PA",4,3.1292339979618093,12636.0,94.671,71.986,75762.0,80026.6184998574,66463.37941855424,53116.103061486065,0.23725910596419883,0.24960753532182103
17140,"Cincinnati, OH-KY-IN",4,8,28140,"Kansas City, MO-KS",4,3.3438917738904927,14988.0,92.543,86.642,83460.0,90185.10314124243,69750.30951537898,53554.59509073314,0.2741518431576365,0.18357487922705315
17140,"Cincinnati, OH-KY-IN",4,9,19430,"Dayton-Kettering-Beavercreek, OH",4,3.4904694184113203,12468.0,92.694,72.712,71739.0,77393.3587934494,69465.98837606114,56015.2795923211,0.2309123392681901,0.2871900826446281
17140,"Cincinnati, OH-KY-IN",4,10,31140,"Louisville/Jefferson County, KY-IN",4,3.512789864024815,13392.0,93.074,78.558,73863.0,79359.43442851923,65402.935966981255,51014.384921576515,0.2548875194337051,0.21847246891651864
17300,"Clarksville, TN-KY",2,1,12020,"Athens-Clarke County, GA",2,3.299528213529554,14412.0,93.343,76.759,65608.0,70287.00598866545,60948.05798261451,45508.22853637858,0.3056447161735425,0.3210702341137124
17300,"Clarksville, TN-KY",2,2,31180,"Lubbock, TX",3,3.365232969256569,13908.0,91.317,76.357,63629.0,69679.24920880012,60446.15502547761,45215.69410363392,0.30262482152632064,0.2794871794871795
17300,"Clarksville, TN-KY",2,3,11100,"Amarillo, TX",2,3.3989776730035266,13032.0,91.82,78.38,69611.0,75812.45915922457,61035.46924106171,46842.48296356226,0.2803830781797324,0.2767857142857143
17300,"Clarksville, TN-KY",2,4,10180,"Abilene, TX",2,3.4389141830222076,13692.0,90.364,73.791,67328.0,74507.54725333097,61015.10519141739,45863.05348941217,0.29480265501265174,0.3494809688581315
17300,"Clarksville, TN-KY",2,5,47380,"Waco, TX",4,3.570530562409134,13812.0,92.55,83.531,66205.0,71534.30578065911,63271.5083520552,48347.68339257384,0.28515605049146603,0.2621082621082621
17300,"Clarksville, TN-KY",2,6,16860,"Chattanooga, TN-GA",4,3.6199289128290886,13956.0,91.464,76.55,72161.0,78895.52173532757,62800.371904345215,47541.90955850423,0.286937745330927,0.2907488986784141
17300,"Clarksville, TN-KY",2,7,14540,"Bowling Green, KY",2,3.7055918510240065,11700.0,90.179,63.395,63328.0,70224.77516938532,60885.41767580124,47911.2219096029,0.2515916322732563,0.32967032967032966
17300,"Clarksville, TN-KY",2,8,41660,"San Angelo, TX",2,3.7739572958922984,13860.0,92.453,81.442,68419.0,74004.08856391897,58094.47881147742,43103.07777527525,0.30891388764814864,0.3392070484581498
17300,"Clarksville, TN-KY",2,9,12220,"Auburn-Opelika, AL",2,3.803541829628658,12312.0,87.933,62.078,63649.0,72383.51927035356,62628.00710071414,48626.437724029616,0.27210367255887064,0.3426294820717131
17300,"Clarksville, TN-KY",2,10,17980,"Columbus, GA-AL",2,3.832631742767662,12828.0,89.296,61.185,59336.0,66448.66511377889,62088.856915922086,47723.15184514624,0.2837119690139352,0.28152492668621704
17410,"Cleveland, OH",4,1,17140,"Cincinnati, OH-KY-IN",4,2.427815788844367,13260.0,95.37,87.608,81120.0,85058.19440075495,67151.80475042066,53248.06143491264,0.24356120073391233,0.215311004784689
17410,"Cleveland, OH",4,2,33340,"Milwaukee-Waukesha, WI",4,2.6944541665936863,13668.0,96.937,97.111,78218.0,80689.51999752417,68438.57298461662,54338.69368156412,0.2432016245299029,0.24273504273504273
17410,"Cleveland, OH",4,3,38300,"Pittsburgh, PA",4,2.8641466639469364,12636.0,94.671,71.986,75762.0,80026.6184998574,66463.37941855424,53116.103061486065,0.23725910596419883,0.24960753532182103
17410,"Cleveland, OH",4,4,10420,"Akron, OH",4,3.0041146496356848,12396.0,93.37,76.785,72371.0,77509.9068223198,65443.69046198477,52167.47754563048,0.23829894393732945,0.2775423728813559
17410,"Cleveland, OH",4,5,41180,"St. Louis, MO-IL",4,3.18190333667624,13356.0,95.088,79.024,80196.0,84338.71781928319,67041.5904014345,52995.654005674776,0.24362628518226778,0.19314641744548286
17410,"Cleveland, OH",4,6,26900,"Indianapolis-Carmel-Greenwood, IN",4,3.183888034650897,14292.0,95.696,88.917,79852.0,83443.40411302458,67102.48315808205,52167.689645291546,0.26071779381385785,0.23014586709886548
17410,"Cleveland, OH",4,7,18140,"Columbus, OH",4,3.2777145125445455,15288.0,95.469,87.945,81945.0,85834.14511516828,68597.49537246945,52583.92028526837,0.27429271692332724,0.178752107925801
17410,"Cleveland, OH",4,8,19430,"Dayton-Kettering-Beavercreek, OH",4,3.5364614496963647,12468.0,92.694,72.712,71739.0,77393.3587934494,69465.98837606114,56015.2795923211,0.2309123392681901,0.2871900826446281
17410,"Cleveland, OH",4,9,15380,"Buffalo-Cheektowaga, NY",4,3.716291342210462,12684.0,95.844,80.989,72237.0,75369.35019406537,71795.89607982081,58561.89082127568,0.2184560153424531,0.28027681660899656
17410,"Cleveland, OH",4,10,30460,"Lexington-Fayette, KY",4,3.877180332079633,13656.0,92.889,77.093,71966.0,77475.26617791127,65679.17980959354,50977.761988322985,0.2637648845559352,0.2595078299776286
17420,"Cleveland, TN",2,1,14540,"Bowling Green, KY",2,3.632439037157909,11700.0,90.179,63.395,63328.0,70224.77516938532,60885.41767580124,47911.2219096029,0.2515916322732563,0.32967032967032966
17420,"Cleveland, TN",2,2,30140,"Lebanon, PA",2,3.9790165181728416,13320.0,93.214,66.039,78425.0,84134.35749994636,62203.51361122803,47913.814638970645,0.2692273627288504,0.35023041474654376
17420,"Cleveland, TN",2,3,33140,"Michigan City-La Porte, IN",2,4.266929424918287,11712.0,91.682,68.451,71055.0,77501.58155363103,60308.200852819915,47533.61042067401,0.24751796376976304,0.34759358288770054
17420,"Cleveland, TN",2,4,34100,"Morristown, TN",2,4.3057225086643625,10476.0,86.364,59.024,60553.0,70113.7047844009,60387.64810082568,48257.59391158017,0.23531920622132108,0.4077669902912621
17420,"Cleveland, TN",2,5,46660,"Valdosta, GA",2,4.31569972236891,12300.0,88.271,58.758,57085.0,64670.163473847584,59038.44953295425,45104.08830446471,0.2825291611788849,0.35864978902953587
17420,"Cleveland, TN",2,6,15500,"Burlington, NC",2,4.31797907115412,12768.0,93.196,77.88,65651.0,70444.01047255247,60993.965130447534,47293.8063253486,0.271091232246963,0.2661290322580645
17420,"Cleveland, TN",2,7,12220,"Auburn-Opelika, AL",2,4.358926484403109,12312.0,87.933,62.078,63649.0,72383.51927035356,62628.00710071414,48626.437724029616,0.27210367255887064,0.3426294820717131
17420,"Cleveland, TN",2,8,22900,"Fort Smith, AR-OK",2,4.413868785211763,10392.0,85.888,53.443,58468.0,68074.70193740685,58892.34541160423,46792.86702114223,0.23832657232574747,0.34797297297297297
17420,"Cleveland, TN",2,9,16540,"Chambersburg, PA",2,4.486638801468605,13116.0,94.642,71.914,77003.0,81362.39724435241,64245.62840967539,50387.087804024624,0.26030826489152853,0.34615384615384615
17420,"Cleveland, TN",2,10,40580,"Rocky Mount, NC",2,4.544347283634973,11040.0,88.012,56.103,59636.0,67758.94196245966,63586.16470998596,51042.42067508163,0.23718808245067868,0.37398373983739835
17660,"Coeur d'Alene, ID",3,1,39150,"Prescott Valley-Prescott, AZ",3,3.6842087735903015,16212.0,98.255,98.781,69613.0,70849.3206452598,60312.06677738661,43812.1431093799,0.3176941760564194,0.3861003861003861
17660,"Coeur d'Alene, ID",3,2,41100,"St. George, UT",3,4.056023910644748,18792.0,97.321,98.148,80632.0,82851.59420885523,58262.322438265,38953.02639732831,0.38947142117700184,0.3381294964028777
17660,"Coeur d'Alene, ID",3,3,42680,"Sebastian-Vero Beach-West Vero Corridor, FL",3,4.279339320804432,16284.0,98.308,101.635,73491.0,74755.86930870326,58142.586116411716,41578.318711927845,0.3364726851604395,0.42616033755274263
17660,"Coeur d'Alene, ID",3,4,38940,"Port St. Lucie, FL",3,4.53583703812362,18960.0,100.228,113.642,74514.0,74344.49455242048,59021.63945325537,40104.76991580076,0.3778380640189969,0.31767955801104975
17660,"Coeur d'Alene, ID",3,5,37460,"Panama City-Panama City Beach, FL",3,4.653304548131076,17472.0,97.296,96.424,71514.0,73501.48001973359,58354.237566858705,40396.6647992218,0.36177488698844124,0.3771043771043771
17660,"Coeur d'Alene, ID",3,6,43640,"Slidell-Mandeville-Covington, LA",3,4.792710085944845,15984.0,92.726,85.449,81202.0,87571.98628216465,59338.88760765797,42101.003950431295,0.35668548159307384,0.4307692307692308
17660,"Coeur d'Alene, ID",3,7,37860,"Pensacola-Ferry Pass-Brent, FL",3,4.811921125392487,16248.0,97.717,98.77,75967.0,77741.84635222121,58562.87738004662,41935.26908261629,0.3324508354890374,0.3230769230769231
17660,"Coeur d'Alene, ID",3,8,45900,"Traverse City, MI",2,5.100100873214562,14700.0,93.372,78.146,80889.0,86630.8957717517,63845.01731270337,48101.539610608525,0.28270572947977574,0.3971119133574007
17660,"Coeur d'Alene, ID",3,9,48900,"Wilmington, NC",3,5.235965055586477,16668.0,96.422,93.215,76471.0,79308.66399784281,61990.545528534785,44704.034151463165,0.33401982090631044,0.33093525179856115
17660,"Coeur d'Alene, ID",3,10,36100,"Ocala, FL",3,5.308500223274687,15324.0,95.234,86.23,61010.0,64063.25471995296,56391.25544287655,40300.3635345245,0.3291928952142377,0.33225806451612905
17780,"College Station-Bryan, TX",4,1,12020,"Athens-Clarke County, GA",2,6.6106712113563795,14412.0,93.343,76.759,65608.0,70287.00598866545,60948.05798261451,45508.22853637858,0.3056447161735425,0.3210702341137124
17780,"College Station-Bryan, TX",4,2,31740,"Manhattan, KS",2,6.644822675593195,12756.0,90.162,71.971,65469.0,72612.63059825647,63830.00767799487,49682.14050557191,0.2657730092269942,0.35802469135802467
17780,"College Station-Bryan, TX",4,3,22180,"Fayetteville, NC",4,6.7482481539048,14544.0,91.978,73.081,61763.0,67149.75320185263,64370.78897748841,48558.31208083921,0.29508008359611204,0.3083832335329341
17780,"College Station-Bryan, TX",4,4,13980,"Blacksburg-Christiansburg-Radford, VA",4,6.962469589303817,13248.0,92.71,74.371,65839.0,71016.07162118434,65476.72869949841,51187.00806526261,0.260562510282103,0.35815602836879434
17780,"College Station-Bryan, TX",4,5,12260,"Augusta-Richmond County, GA-SC",4,7.054383992988378,13440.0,91.903,70.603,69344.0,75453.46724263625,65140.91119212998,50516.79663656596,0.2768530164375221,0.271264367816092
17780,"College Station-Bryan, TX",4,6,28660,"Killeen-Temple, TX",2,7.054940331149631,14604.0,91.132,77.884,69923.0,76727.16499144098,62653.03964041871,46627.93320140717,0.308148462556426,0.30158730158730157
17780,"College Station-Bryan, TX",4,7,31180,"Lubbock, TX",3,7.264940723905922,13908.0,91.317,76.357,63629.0,69679.24920880012,60446.15502547761,45215.69410363392,0.30262482152632064,0.2794871794871795
17780,"College Station-Bryan, TX",4,8,16580,"Champaign-Urbana, IL",4,7.341933785144435,12516.0,92.704,71.604,65528.0,70685.19157749396,69408.1661432769,55907.130589255496,0.22760665799329224,0.34036144578313254
17780,"College Station-Bryan, TX",4,9,29940,"Lawrence, KS",4,7.456101589275853,13188.0,90.243,71.636,69746.0,77286.88097691788,66119.09008708678,51505.21421859836,0.2665996864431752,0.3055555555555556
17780,"College Station-Bryan, TX",4,10,17300,"Clarksville, TN-KY",2,7.464041758947627,14484.0,90.947,73.801,68967.0,75832.07802346422,62072.269197078145,46146.51023856385,0.3053920742170733,0.33663366336633666
17820,"Colorado Springs, CO",1,1,47260,"Virginia Beach-Chesapeake-Norfolk, VA-NC",1,4.15606467682631,17736.0,97.941,99.805,82330.0,84060.8121215834,65890.17057801326,47781.30912060523,0.3266761783574887,0.2770034843205575
17820,"Colorado Springs, CO",1,2,39580,"Raleigh-Cary, NC",1,4.315078057414093,18876.0,98.157,103.476,100103.0,101982.5381786322,66179.1612271303,46948.74464960654,0.34717101034965425,0.2859778597785978
17820,"Colorado Springs, CO",1,3,22660,"Fort Collins-Loveland, CO",1,4.389948975234552,20592.0,101.128,120.592,93765.0,92719.12823352583,68590.8747918329,48228.56168369273,0.34663914441524585,0.41745283018867924
17820,"Colorado Springs, CO",1,4,40060,"Richmond, VA",1,4.457245120226868,17364.0,97.858,99.136,86679.0,88576.30444112897,68241.30691375065,50497.22875969068,0.3106618908925918,0.2777777777777778
17820,"Colorado Springs, CO",1,5,16700,"Charleston-North Charleston, SC",3,4.689985233566038,19260.0,100.962,119.77,85254.0,84441.67112378916,63358.45642415075,44281.97220236433,0.363787039055273,0.2874015748031496
17820,"Colorado Springs, CO",1,6,31700,"Manchester-Nashua, NH",1,4.780015861358843,19476.0,105.657,134.22,103545.0,98001.07896305971,63863.91534751542,45430.6832852763,0.34212374074494756,0.3234624145785877
17820,"Colorado Springs, CO",1,7,38860,"Portland-South Portland, ME",1,4.958528194344411,17820.0,101.858,105.164,92175.0,90493.62838461387,65501.915349666735,48006.971408101024,0.3058479428735404,0.3081761006289308
17820,"Colorado Springs, CO",1,8,38900,"Portland-Vancouver-Hillsboro, OR-WA",1,5.000817373995666,20688.0,105.421,125.114,97436.0,92425.60780110223,69569.50044399414,49945.326892235,0.3268104331421303,0.3063063063063063
17820,"Colorado Springs, CO",1,9,19740,"Denver-Aurora-Centennial, CO",1,5.069898740982468,22488.0,105.782,146.919,105762.0,99981.09319165832,68715.38016701883,47456.564867629524,0.36132324131584176,0.2827140549273021
17820,"Colorado Springs, CO",1,10,15540,"Burlington-South Burlington, VT",1,5.10088006787146,18972.0,100.949,103.842,93043.0,92168.32261835184,66738.16237156141,47944.51409371814,0.3245192313047483,0.39050131926121373
17860,"Columbia, MO",4,1,45820,"Topeka, KS",4,3.9277817652152502,11652.0,88.82,64.987,69888.0,78684.98086016663,67111.28207694297,53992.61511004362,0.23044157947003216,0.3374233128834356
17860,"Columbia, MO",4,2,44100,"Springfield, IL",4,4.274493720087897,11748.0,92.745,71.616,75895.0,81831.90468488866,66825.75246857957,54158.76233434053,0.22267191134467204,0.30914826498422715
17860,"Columbia, MO",4,3,44180,"Springfield, MO",4,4.329191806398119,11664.0,88.585,65.568,65071.0,73456.00270926229,63126.94834819056,49959.933616576855,0.2404464327024649,0.28672985781990523
17860,"Columbia, MO",4,4,30460,"Lexington-Fayette, KY",4,4.382000173990588,13656.0,92.889,77.093,71966.0,77475.26617791127,65679.17980959354,50977.761988322985,0.2637648845559352,0.2595078299776286
17860,"Columbia, MO",4,5,24780,"Greenville, NC",4,4.531921835764602,11916.0,88.402,57.326,58188.0,65822.04022533426,66882.18929713823,53402.85625037458,0.2446559569768659,0.33568904593639576
17860,"Columbia, MO",4,6,30700,"Lincoln, NE",4,4.816856653832303,12984.0,91.581,84.208,75049.0,81948.22070080039,66038.39117887121,51860.77791847877,0.24763292461288774,0.40046296296296297
17860,"Columbia, MO",4,7,26980,"Iowa City, IA",4,4.886646882635061,13164.0,91.509,83.99,75088.0,82055.31696335878,67430.9239948099,53045.45371319825,0.24931097387042098,0.3543046357615894
17860,"Columbia, MO",4,8,43780,"South Bend-Mishawaka, IN-MI",4,4.9532225230834515,12552.0,92.858,74.586,67217.0,72386.8702750436,64529.314989695355,51011.901304283216,0.24506448426998492,0.3015463917525773
17860,"Columbia, MO",4,9,16580,"Champaign-Urbana, IL",4,4.958578878992446,12516.0,92.704,71.604,65528.0,70685.19157749396,69408.1661432769,55907.130589255496,0.22760665799329224,0.34036144578313254
17860,"Columbia, MO",4,10,10420,"Akron, OH",4,4.971668947212425,12396.0,93.37,76.785,72371.0,77509.9068223198,65443.69046198477,52167.47754563048,0.23829894393732945,0.2775423728813559
17900,"Columbia, SC",4,1,24860,"Greenville-Anderson-Greer, SC",4,3.186524085140272,13800.0,93.26,76.836,71240.0,76388.59103581385,64467.9390950032,49670.598327257125,0.27513359975790086,0.2655038759689923
17900,"Columbia, SC",4,2,27140,"Jackson, MS",4,3.2223643263805837,12864.0,89.048,64.768,61644.0,69225.58620070074,61146.49303705735,46700.35163017566,0.2819898425244015,0.29082774049217003
17900,"Columbia, SC",4,3,36420,"Oklahoma City, OK",4,3.3618815465664587,13488.0,90.408,73.885,72094.0,79742.94310238032,66009.0050723851,51089.97135855447,0.27197005468478924,0.2937062937062937
17900,"Columbia, SC",4,4,13820,"Birmingham, AL",4,3.3995468456753333,14064.0,91.644,71.851,71498.0,78017.10968530399,65723.20893893762,50376.868753000745,0.2824240211735994,0.31392931392931395
17900,"Columbia, SC",4,5,46060,"Tucson, AZ",4,3.4083299431433796,14544.0,96.896,91.765,70315.0,72567.49504623514,62973.76512906566,47963.857599343064,0.2787791107961612,0.25260960334029225
17900,"Columbia, SC",4,6,30460,"Lexington-Fayette, KY",4,3.558064509209528,13656.0,92.889,77.093,71966.0,77475.26617791127,65679.17980959354,50977.761988322985,0.2637648845559352,0.2595078299776286
17900,"Columbia, SC",4,7,10740,"Albuquerque, NM",4,3.7115675226709075,13872.0,95.546,89.153,70783.0,74082.64082222174,66245.07376741902,51726.412598976596,0.26366986004580767,0.2910602910602911
17900,"Columbia, SC",4,8,30780,"Little Rock-North Little Rock-Conway, AR",4,3.7335703995688485,12660.0,89.364,68.295,67154.0,75146.59146860032,60718.25578171768,46551.47721316659,0.2692428810447293,0.29292929292929293
17900,"Columbia, SC",4,9,28940,"Knoxville, TN",4,3.738883148416143,13740.0,92.569,82.783,72422.0,78235.69445494712,64160.4664692093,49317.48447739778,0.27624760022122646,0.29259259259259257
17900,"Columbia, SC",4,10,40220,"Roanoke, VA",4,3.8476268790999297,12516.0,93.618,78.531,68761.0,73448.482129505,62641.13272502912,49271.9088578241,0.25237181089584726,0.2727272727272727
17980,"Columbus, GA-AL",2,1,22180,"Fayetteville, NC",4,2.6521973175798386,14544.0,91.978,73.081,61763.0,67149.75320185263,64370.78897748841,48558.31208083921,0.29508008359611204,0.3083832335329341
17980,"Columbus, GA-AL",2,2,31420,"Macon-Bibb County, GA",2,2.906060158693454,12528.0,88.528,58.916,59526.0,67239.74335803361,62706.12035379103,48554.66544686892,0.2700999257002899,0.3050847457627119
17980,"Columbus, GA-AL",2,3,12020,"Athens-Clarke County, GA",2,3.4475190601198777,14412.0,93.343,76.759,65608.0,70287.00598866545,60948.05798261451,45508.22853637858,0.3056447161735425,0.3210702341137124
17980,"Columbus, GA-AL",2,4,27140,"Jackson, MS",4,3.453540305956125,12864.0,89.048,64.768,61644.0,69225.58620070074,61146.49303705735,46700.35163017566,0.2819898425244015,0.29082774049217003
17980,"Columbus, GA-AL",2,5,11100,"Amarillo, TX",2,3.5935050683315577,13032.0,91.82,78.38,69611.0,75812.45915922457,61035.46924106171,46842.48296356226,0.2803830781797324,0.2767857142857143
17980,"Columbus, GA-AL",2,6,40220,"Roanoke, VA",4,3.601361099069565,12516.0,93.618,78.531,68761.0,73448.482129505,62641.13272502912,49271.9088578241,0.25237181089584726,0.2727272727272727
17980,"Columbus, GA-AL",2,7,21340,"El Paso, TX",4,3.601622378371155,12948.0,89.912,71.248,59751.0,66454.97820090756,61103.52958467151,46702.782187216224,0.28833702992574883,0.2627118644067797
17980,"Columbus, GA-AL",2,8,47380,"Waco, TX",4,3.681120503943504,13812.0,92.55,83.531,66205.0,71534.30578065911,63271.5083520552,48347.68339257384,0.28515605049146603,0.2621082621082621
17980,"Columbus, GA-AL",2,9,31180,"Lubbock, TX",3,3.723915342327693,13908.0,91.317,76.357,63629.0,69679.24920880012,60446.15502547761,45215.69410363392,0.30262482152632064,0.2794871794871795
17980,"Columbus, GA-AL",2,10,28660,"Killeen-Temple, TX",2,3.741987859695794,14604.0,91.132,77.884,69923.0,76727.16499144098,62653.03964041871,46627.93320140717,0.308148462556426,0.30158730158730157
18020,"Columbus, IN",4,1,22540,"Fond du Lac, WI",4,7.383347274333435,11520.0,91.643,67.317,74275.0,81048.19789836647,66735.04795783637,54164.52975131761,0.2248073208782546,0.3613861386138614
18020,"Columbus, IN",4,2,39540,"Racine-Mount Pleasant, WI",4,7.558663060177367,12960.0,95.961,92.029,78096.0,81383.06186888424,64313.61930148584,50808.132697553,0.24865044638818126,0.31417624521072796
18020,"Columbus, IN",4,3,26620,"Huntsville, AL",4,7.611537135273575,14196.0,93.072,77.946,85989.0,92389.7627643115,68808.83340396959,53556.12582274215,0.27849854255465856,0.272264631043257
18020,"Columbus, IN",4,4,43100,"Sheboygan, WI",4,7.696698764001936,11208.0,94.014,80.54,73094.0,77747.99497947114,66689.9316489305,54768.30295533169,0.21077361858534874,0.29535864978902954
18020,"Columbus, IN",4,5,48140,"Wausau, WI",4,7.807394450764599,11988.0,92.651,71.464,77884.0,84061.6938834983,66115.57611276988,53176.697957110475,0.23153445639447356,0.29545454545454547
18020,"Columbus, IN",4,6,27100,"Jackson, MI",4,7.847854427112071,11820.0,91.779,67.092,66073.0,71991.41415792283,65764.28923560276,52885.526119857335,0.23273049433515275,0.34497816593886466
18020,"Columbus, IN",4,7,19460,"Decatur, AL",2,8.031335183155974,10164.0,87.212,58.067,68116.0,78103.93065174518,64758.03586969434,53103.67637788128,0.2212756985888278,0.4156378600823045
18020,"Columbus, IN",4,8,33780,"Monroe, MI",2,8.174797566262407,12708.0,93.492,74.641,77335.0,82718.30744876566,66457.0452288844,52864.43837482201,0.24608840979640453,0.34183673469387754
18020,"Columbus, IN",4,9,43900,"Spartanburg, SC",4,8.279707002907458,12684.0,91.051,68.007,64382.0,70709.8219679081,65350.0431802967,51419.38893157896,0.25919614848189526,0.27011494252873564
18020,"Columbus, IN",4,10,34740,"Muskegon-Norton Shores, MI",2,8.309659720293709,12336.0,92.519,74.228,65024.0,70281.77995871118,61434.03112928609,48100.55368141052,0.2543614238559642,0.36134453781512604
18140,"Columbus, OH",4,1,26900,"Indianapolis-Carmel-Greenwood, IN",4,2.4131947774513827,14292.0,95.696,88.917,79852.0,83443.40411302458,67102.48315808205,52167.689645291546,0.26071779381385785,0.23014586709886548
18140,"Columbus, OH",4,2,17140,"Cincinnati, OH-KY-IN",4,2.451937279223581,13260.0,95.37,87.608,81120.0,85058.19440075495,67151.80475042066,53248.06143491264,0.24356120073391233,0.215311004784689
18140,"Columbus, OH",4,3,28140,"Kansas City, MO-KS",4,2.9165633888209634,14988.0,92.543,86.642,83460.0,90185.10314124243,69750.30951537898,53554.59509073314,0.2741518431576365,0.18357487922705315
18140,"Columbus, OH",4,4,33340,"Milwaukee-Waukesha, WI",4,3.141659844153716,13668.0,96.937,97.111,78218.0,80689.51999752417,68438.57298461662,54338.69368156412,0.2432016245299029,0.24273504273504273
18140,"Columbus, OH",4,5,41180,"St. Louis, MO-IL",4,3.196124287660629,13356.0,95.088,79.024,80196.0,84338.71781928319,67041.5904014345,52995.654005674776,0.24362628518226778,0.19314641744548286
18140,"Columbus, OH",4,6,17410,"Cleveland, OH",4,3.2777145125445455,12600.0,93.923,79.434,70678.0,75251.00348157533,67255.02311467905,53839.77871234947,0.23579692944191716,0.25938009787928223
18140,"Columbus, OH",4,7,38300,"Pittsburgh, PA",4,3.874295859092995,12636.0,94.671,71.986,75762.0,80026.6184998574,66463.37941855424,53116.103061486065,0.23725910596419883,0.24960753532182103
18140,"Columbus, OH",4,8,40060,"Richmond, VA",1,3.8752837693855535,17364.0,97.858,99.136,86679.0,88576.30444112897,68241.30691375065,50497.22875969068,0.3106618908925918,0.2777777777777778
18140,"Columbus, OH",4,9,10420,"Akron, OH",4,4.013495703889684,12396.0,93.37,76.785,72371.0,77509.9068223198,65443.69046198477,52167.47754563048,0.23829894393732945,0.2775423728813559
18140,"Columbus, OH",4,10,39300,"Providence-Warwick, RI-MA",4,4.092821783193876,15684.0,101.773,103.851,87040.0,85523.66541224097,68567.68550832792,53156.918408999016,0.26550380543656876,0.30124777183600715
18580,"Corpus Christi, TX",3,1,11100,"Amarillo, TX",2,3.3698022889336516,13032.0,91.82,78.38,69611.0,75812.45915922457,61035.46924106171,46842.48296356226,0.2803830781797324,0.2767857142857143
18580,"Corpus Christi, TX",3,2,47380,"Waco, TX",4,3.5420222375605825,13812.0,92.55,83.531,66205.0,71534.30578065911,63271.5083520552,48347.68339257384,0.28515605049146603,0.2621082621082621
18580,"Corpus Christi, TX",3,3,31180,"Lubbock, TX",3,3.84627577235832,13908.0,91.317,76.357,63629.0,69679.24920880012,60446.15502547761,45215.69410363392,0.30262482152632064,0.2794871794871795
18580,"Corpus Christi, TX",3,4,30980,"Longview, TX",2,4.0170707744058065,12720.0,89.485,66.749,66647.0,74478.40420182153,61945.59707644817,47730.924226249816,0.2785181405920559,0.3224852071005917
18580,"Corpus Christi, TX",3,5,46340,"Tyler, TX",3,4.374369462299717,14856.0,92.156,79.911,74192.0,80506.96644819653,59821.31703505932,43700.82569428932,0.32118232163227556,0.3069908814589666
18580,"Corpus Christi, TX",3,6,37860,"Pensacola-Ferry Pass-Brent, FL",3,4.448124187753112,16248.0,97.717,98.77,75967.0,77741.84635222121,58562.87738004662,41935.26908261629,0.3324508354890374,0.3230769230769231
18580,"Corpus Christi, TX",3,7,16860,"Chattanooga, TN-GA",4,4.492813556850509,13956.0,91.464,76.55,72161.0,78895.52173532757,62800.371904345215,47541.90955850423,0.286937745330927,0.2907488986784141
18580,"Corpus Christi, TX",3,8,28940,"Knoxville, TN",4,4.493657588491929,13740.0,92.569,82.783,72422.0,78235.69445494712,64160.4664692093,49317.48447739778,0.27624760022122646,0.29259259259259257
18580,"Corpus Christi, TX",3,9,29180,"Lafayette, LA",2,4.540522602364529,11724.0,87.209,58.845,60892.0,69823.06871997156,61722.79389203087,48279.22728766664,0.2661046210296421,0.29846153846153844
18580,"Corpus Christi, TX",3,10,22180,"Fayetteville, NC",4,4.548623978420268,14544.0,91.978,73.081,61763.0,67149.75320185263,64370.78897748841,48558.31208083921,0.29508008359611204,0.3083832335329341
18700,"Corvallis, OR",5,1,21660,"Eugene-Springfield, OR",5,6.83556688515767,16260.0,101.568,98.35,71544.0,70439.50850661626,64475.11932439578,48466.14011834663,0.2889320409761229,0.3464203233256351
18700,"Corvallis, OR",5,2,13460,"Bend, OR",3,6.842205002437715,20364.0,103.607,109.958,89788.0,86662.09812078334,63998.86696921613,44343.824356265264,0.35544100910429943,0.3914209115281501
18700,"Corvallis, OR",5,3,22660,"Fort Collins-Loveland, CO",1,7.098606754438046,20592.0,101.128,120.592,93765.0,92719.12823352583,68590.8747918329,48228.56168369273,0.34663914441524585,0.41745283018867924
18700,"Corvallis, OR",5,4,16820,"Charlottesville, VA",1,7.1008934543029305,19176.0,99.146,107.041,93598.0,94404.21197022573,67340.57421810836,47999.40059537018,0.3484298226855864,0.32285714285714284
18700,"Corvallis, OR",5,5,33540,"Missoula, MT",3,7.257606287497747,14208.0,96.445,94.945,74989.0,77753.12354191509,61422.33689204623,46690.62451711751,0.279610042926258,0.46885245901639344
18700,"Corvallis, OR",5,6,15540,"Burlington-South Burlington, VT",1,7.257845260465919,18972.0,100.949,103.842,93043.0,92168.32261835184,66738.16237156141,47944.51409371814,0.3245192313047483,0.39050131926121373
18700,"Corvallis, OR",5,7,17020,"Chico, CA",5,7.283331880420831,16968.0,101.197,91.946,67928.0,67124.51950156625,65453.20301229185,48685.907539105894,0.3055986042244876,0.37666666666666665
18700,"Corvallis, OR",5,8,32780,"Medford, OR",5,7.30773025322043,16296.0,101.433,97.658,73999.0,72953.57526643202,62144.5270666695,46078.74965695077,0.29616088827104076,0.35174418604651164
18700,"Corvallis, OR",5,9,36500,"Olympia-Lacey-Tumwater, WA",1,7.371674898884962,20832.0,103.67,116.675,96563.0,93144.5934214334,71581.64547165536,51487.114749170556,0.3273678181700215,0.336231884057971
18700,"Corvallis, OR",5,10,41420,"Salem, OR",5,7.593419920081033,16788.0,103.649,110.333,78900.0,76122.297369005,65913.51063560153,49716.53816119271,0.2875189685609681,0.313953488372093
18880,"Crestview-Fort Walton Beach-Destin, FL",3,1,37460,"Panama City-Panama City Beach, FL",3,4.114929030617383,17472.0,97.296,96.424,71514.0,73501.48001973359,58354.237566858705,40396.6647992218,0.36177488698844124,0.3771043771043771
18880,"Crestview-Fort Walton Beach-Destin, FL",3,2,48900,"Wilmington, NC",3,4.721472075338019,16668.0,96.422,93.215,76471.0,79308.66399784281,61990.545528534785,44704.034151463165,0.33401982090631044,0.33093525179856115
18880,"Crestview-Fort Walton Beach-Destin, FL",3,3,16700,"Charleston-North Charleston, SC",3,4.8512212788317335,19260.0,100.962,119.77,85254.0,84441.67112378916,63358.45642415075,44281.97220236433,0.363787039055273,0.2874015748031496
18880,"Crestview-Fort Walton Beach-Destin, FL",3,4,37340,"Palm Bay-Melbourne-Titusville, FL",3,5.011589461892155,18672.0,100.005,111.731,78476.0,78472.0763961802,61954.3789165682,43283.31246989053,0.36083188905335234,0.31786542923433875
18880,"Crestview-Fort Walton Beach-Destin, FL",3,5,37860,"Pensacola-Ferry Pass-Brent, FL",3,5.263449218297269,16248.0,97.717,98.77,75967.0,77741.84635222121,58562.87738004662,41935.26908261629,0.3324508354890374,0.3230769230769231
18880,"Crestview-Fort Walton Beach-Destin, FL",3,6,19660,"Deltona-Daytona Beach-Ormond Beach, FL",3,5.515660938234673,18000.0,99.367,108.375,71277.0,71731.05759457365,56280.31925881352,38165.65342407966,0.37412577856248325,0.3053435114503817
18880,"Crestview-Fort Walton Beach-Destin, FL",3,7,42340,"Savannah, GA",3,5.574747292689928,17448.0,95.206,86.012,77180.0,81066.31934962083,62240.72121680006,43914.14516066914,0.3525628748734045,0.26153846153846155
18880,"Crestview-Fort Walton Beach-Destin, FL",3,8,38940,"Port St. Lucie, FL",3,5.65898467039342,18960.0,100.228,113.642,74514.0,74344.49455242048,59021.63945325537,40104.76991580076,0.3778380640189969,0.31767955801104975
18880,"Crestview-Fort Walton Beach-Destin, FL",3,9,39150,"Prescott Valley-Prescott, AZ",3,5.695396895744409,16212.0,98.255,98.781,69613.0,70849.3206452598,60312.06677738661,43812.1431093799,0.3176941760564194,0.3861003861003861
18880,"Crestview-Fort Walton Beach-Destin, FL",3,10,17660,"Coeur d'Alene, ID",3,5.776401981142415,17904.0,98.293,105.597,81861.0,83282.63457214653,60748.985176970884,42534.056341753734,0.3479514361497808,0.4024390243902439
19100,"Dallas-Fort Worth-Arlington, TX",1,1,12060,"Atlanta-Sandy Springs-Roswell, GA",1,3.3286188499748253,20064.0,100.058,111.022,89724.0,89671.99024565752,65399.90559141387,45347.53596579673,0.3707652333637077,0.20268256333830104
19100,"Dallas-Fort Worth-Arlington, TX",1,2,26420,"Houston-Pasadena-The Woodlands, TX",1,3.9556105482201214,17160.0,98.629,104.51,82168.0,83310.18260349389,65673.29157864783,48274.75767888204,0.3248826294257687,0.21343283582089553
19100,"Dallas-Fort Worth-Arlington, TX",1,3,38060,"Phoenix-Mesa-Chandler, AZ",1,3.991205721331702,20424.0,103.316,121.236,88301.0,85466.91703124394,63795.93762867011,44027.46033570484,0.36109507456401635,0.23355263157894737
19100,"Dallas-Fort Worth-Arlington, TX",1,4,16740,"Charlotte-Concord-Gastonia, NC-SC",1,4.223762614890668,17676.0,97.348,97.635,83304.0,85573.40674692855,65335.56193294378,47178.02402769663,0.32930309038430056,0.20500782472613457
19100,"Dallas-Fort Worth-Arlington, TX",1,5,34980,"Nashville-Davidson--Murfreesboro--Franklin, TN",1,4.54409362918772,18336.0,96.338,104.626,85447.0,88695.0113143308,65971.2658122988,46938.27779095728,0.3405239575125513,0.24666666666666667
19100,"Dallas-Fort Worth-Arlington, TX",1,6,27260,"Jacksonville, FL",3,4.850732898744044,18156.0,99.484,109.777,79643.0,80056.08942141451,61809.61575844957,43559.44487669975,0.3471988980962408,0.21837088388214904
19100,"Dallas-Fort Worth-Arlington, TX",1,7,16980,"Chicago-Naperville-Elgin, IL-IN",1,4.999462100592685,17160.0,103.595,112.01,90887.0,87732.99869684831,67456.4865428279,50891.98053385063,0.28962815200218683,0.19247467438494936
19100,"Dallas-Fort Worth-Arlington, TX",1,8,41700,"San Antonio-New Braunfels, TX",4,5.097243291852271,16356.0,94.716,94.575,76213.0,80464.75780227206,65452.93090162896,48184.465172501885,0.3194721786194416,0.20689655172413793
19100,"Dallas-Fort Worth-Arlington, TX",1,9,12580,"Baltimore-Columbia-Towson, MD",1,5.102492481976731,19332.0,104.487,118.194,99470.0,95198.4457396614,67308.79132704846,48806.96813373255,0.32844073814588853,0.30670926517571884
19100,"Dallas-Fort Worth-Arlington, TX",1,10,12420,"Austin-Round Rock-San Marcos, TX",1,5.137181886690063,20712.0,98.066,120.361,100431.0,102411.64113964065,67353.5803706135,46233.110482986805,0.37534564831619,0.24790619765494137
19140,"Dalton, GA",2,1,25860,"Hickory-Lenoir-Morganton, NC",4,9.757218676100896,10428.0,88.486,59.578,62787.0,70956.98754605248,63553.30601916246,51768.390891345625,0.22032229038384765,0.2707774798927614
19140,"Dalton, GA",2,2,26380,"Houma-Bayou Cane-Thibodaux, LA",2,9.83497361815709,12168.0,85.103,51.311,64038.0,75247.64109373347,62353.157241704066,48055.18889746238,0.28472805768977544,0.4065934065934066
19140,"Dalton, GA",2,3,21140,"Elkhart-Goshen, IN",4,10.111500094909967,12564.0,90.325,64.327,68561.0,75904.78826460005,64063.31973250716,50153.54945849664,0.2516467820785831,0.28846153846153844
19140,"Dalton, GA",2,4,34100,"Morristown, TN",2,11.44509366392715,10476.0,86.364,59.024,60553.0,70113.7047844009,60387.64810082568,48257.59391158017,0.23531920622132108,0.4077669902912621
19140,"Dalton, GA",2,5,43100,"Sheboygan, WI",4,11.741838573321632,11208.0,94.014,80.54,73094.0,77747.99497947114,66689.9316489305,54768.30295533169,0.21077361858534874,0.29535864978902954
19140,"Dalton, GA",2,6,19460,"Decatur, AL",2,11.896585051008644,10164.0,87.212,58.067,68116.0,78103.93065174518,64758.03586969434,53103.67637788128,0.2212756985888278,0.4156378600823045
19140,"Dalton, GA",2,7,13220,"Beckley, WV",2,11.909841565302035,10272.0,88.369,52.246,52620.0,59545.768312417254,58070.21653718079,46446.230750309835,0.24252540860334448,0.44
19140,"Dalton, GA",2,8,34740,"Muskegon-Norton Shores, MI",2,12.047205004077808,12336.0,92.519,74.228,65024.0,70281.77995871118,61434.03112928609,48100.55368141052,0.2543614238559642,0.36134453781512604
19140,"Dalton, GA",2,9,23580,"Gainesville, GA",3,12.053915485731057,16092.0,96.766,93.488,80901.0,83604.77853791621,59414.91157362434,42785.103583214484,0.329853588823586,0.2875816993464052
19140,"Dalton, GA",2,10,43900,"Spartanburg, SC",4,12.10108972516689,12684.0,91.051,68.007,64382.0,70709.8219679081,65350.0431802967,51419.38893157896,0.25919614848189526,0.27011494252873564
19300,"Daphne-Fairhope-Foley, AL",3,1,27340,"Jacksonville, NC",3,4.447804785539286,15180.0,92.085,72.118,68148.0,74005.53836129663,57147.35748943275,40662.58798299847,0.34252414219900523,0.4260089686098655
19300,"Daphne-Fairhope-Foley, AL",3,2,42680,"Sebastian-Vero Beach-West Vero Corridor, FL",3,4.581794741394964,16284.0,98.308,101.635,73491.0,74755.86930870326,58142.586116411716,41578.318711927845,0.3364726851604395,0.42616033755274263
19300,"Daphne-Fairhope-Foley, AL",3,3,34820,"Myrtle Beach-Conway-North Myrtle Beach, SC",3,4.788248579459042,15060.0,93.642,83.129,66880.0,71420.94359368659,56514.926734059176,40432.39966287316,0.3376817872436972,0.2861736334405145
19300,"Daphne-Fairhope-Foley, AL",3,4,37460,"Panama City-Panama City Beach, FL",3,4.837201540852172,17472.0,97.296,96.424,71514.0,73501.48001973359,58354.237566858705,40396.6647992218,0.36177488698844124,0.3771043771043771
19300,"Daphne-Fairhope-Foley, AL",3,5,36100,"Ocala, FL",3,5.112763179627864,15324.0,95.234,86.23,61010.0,64063.25471995296,56391.25544287655,40300.3635345245,0.3291928952142377,0.33225806451612905
19300,"Daphne-Fairhope-Foley, AL",3,6,39460,"Punta Gorda, FL",3,5.165039534642991,17568.0,100.525,113.277,69952.0,69586.6699825914,55461.082836236514,37984.833147104466,0.36401371523552833,0.4507042253521127
19300,"Daphne-Fairhope-Foley, AL",3,7,25940,"Hilton Head Island-Bluffton-Port Royal, SC",3,5.3001295853216535,18876.0,98.017,101.235,83304.0,84989.33858412316,58370.05165370473,39112.16781722738,0.3938453566326406,0.322463768115942
19300,"Daphne-Fairhope-Foley, AL",3,8,39150,"Prescott Valley-Prescott, AZ",3,5.300696213886518,16212.0,98.255,98.781,69613.0,70849.3206452598,60312.06677738661,43812.1431093799,0.3176941760564194,0.3861003861003861
19300,"Daphne-Fairhope-Foley, AL",3,9,48900,"Wilmington, NC",3,5.711628709448548,16668.0,96.422,93.215,76471.0,79308.66399784281,61990.545528534785,44704.034151463165,0.33401982090631044,0.33093525179856115
19300,"Daphne-Fairhope-Foley, AL",3,10,43640,"Slidell-Mandeville-Covington, LA",3,5.771076621411377,15984.0,92.726,85.449,81202.0,87571.98628216465,59338.88760765797,42101.003950431295,0.35668548159307384,0.4307692307692308
19340,"Davenport-Moline-Rock Island, IA-IL",4,1,16300,"Cedar Rapids, IA",4,2.8856227343512275,11136.0,88.963,71.447,78080.0,87766.82441014805,67989.84945273602,55472.285971288664,0.21432513824084137,0.3076923076923077
19340,"Davenport-Moline-Rock Island, IA-IL",4,2,48620,"Wichita, KS",4,3.432229226813945,11844.0,88.946,66.245,70655.0,79435.83747442267,66396.8130349132,53080.868529258085,0.24047063980016656,0.27467811158798283
19340,"Davenport-Moline-Rock Island, IA-IL",4,3,10420,"Akron, OH",4,3.5293144703618413,12396.0,93.37,76.785,72371.0,77509.9068223198,65443.69046198477,52167.47754563048,0.23829894393732945,0.2775423728813559
19340,"Davenport-Moline-Rock Island, IA-IL",4,4,45780,"Toledo, OH",4,3.8309630609758387,11268.0,91.455,67.317,65486.0,71604.61429118145,66680.42277093793,54359.609256094576,0.21694709413389476,0.2801724137931034
19340,"Davenport-Moline-Rock Island, IA-IL",4,5,47940,"Waterloo-Cedar Falls, IA",4,3.878082599019666,11724.0,87.057,63.13,70811.0,81338.66317470162,68655.5861916745,55188.54735505022,0.23019771670532055,0.3227848101265823
19340,"Davenport-Moline-Rock Island, IA-IL",4,6,24580,"Green Bay, WI",4,4.0220266104931515,12120.0,93.086,74.696,79267.0,85154.5882302387,65835.59204587441,52815.37418282305,0.22732122905949836,0.3058252427184466
19340,"Davenport-Moline-Rock Island, IA-IL",4,7,19430,"Dayton-Kettering-Beavercreek, OH",4,4.087348316175408,12468.0,92.694,72.712,71739.0,77393.3587934494,69465.98837606114,56015.2795923211,0.2309123392681901,0.2871900826446281
19340,"Davenport-Moline-Rock Island, IA-IL",4,8,37900,"Peoria, IL",4,4.117854777063699,11460.0,91.231,63.763,71857.0,78763.79739342986,69581.11682553023,57019.59716664234,0.21445568399867354,0.30238726790450926
19340,"Davenport-Moline-Rock Island, IA-IL",4,9,28700,"Kingsport-Bristol, TN-VA",4,4.220475800066551,10188.0,86.447,56.496,57792.0,66852.52235473758,65706.86528491796,53921.60957910977,0.21518060993346674,0.27586206896551724
19340,"Davenport-Moline-Rock Island, IA-IL",4,10,36540,"Omaha, NE-IA",4,4.3517508144112975,14304.0,91.911,86.404,84829.0,92294.71989206951,69538.21019913851,53975.32871596457,0.26226383373999673,0.28884826325411334
19430,"Dayton-Kettering-Beavercreek, OH",4,1,10420,"Akron, OH",4,2.940438278650053,12396.0,93.37,76.785,72371.0,77509.9068223198,65443.69046198477,52167.47754563048,0.23829894393732945,0.2775423728813559
19430,"Dayton-Kettering-Beavercreek, OH",4,2,17140,"Cincinnati, OH-KY-IN",4,3.4904694184113203,13260.0,95.37,87.608,81120.0,85058.19440075495,67151.80475042066,53248.06143491264,0.24356120073391233,0.215311004784689
19430,"Dayton-Kettering-Beavercreek, OH",4,3,45780,"Toledo, OH",4,3.502639655088986,11268.0,91.455,67.317,65486.0,71604.61429118145,66680.42277093793,54359.609256094576,0.21694709413389476,0.2801724137931034
19430,"Dayton-Kettering-Beavercreek, OH",4,4,17410,"Cleveland, OH",4,3.5364614496963647,12600.0,93.923,79.434,70678.0,75251.00348157533,67255.02311467905,53839.77871234947,0.23579692944191716,0.25938009787928223
19430,"Dayton-Kettering-Beavercreek, OH",4,5,37900,"Peoria, IL",4,3.640299177270601,11460.0,91.231,63.763,71857.0,78763.79739342986,69581.11682553023,57019.59716664234,0.21445568399867354,0.30238726790450926
19430,"Dayton-Kettering-Beavercreek, OH",4,6,33340,"Milwaukee-Waukesha, WI",4,3.649839811619638,13668.0,96.937,97.111,78218.0,80689.51999752417,68438.57298461662,54338.69368156412,0.2432016245299029,0.24273504273504273
19430,"Dayton-Kettering-Beavercreek, OH",4,7,28020,"Kalamazoo-Portage, MI",4,4.0806790395494605,13116.0,94.84,81.59,72532.0,76478.27920708562,66113.98144242936,52284.37368199071,0.24899406391349468,0.3254437869822485
19430,"Dayton-Kettering-Beavercreek, OH",4,8,19340,"Davenport-Moline-Rock Island, IA-IL",4,4.087348316175408,11292.0,89.079,68.346,72738.0,81655.60906610986,68382.6994289967,55706.31105463237,0.21823192377203676,0.26218097447795824
19430,"Dayton-Kettering-Beavercreek, OH",4,9,40380,"Rochester, NY",4,4.316379054133186,13716.0,97.035,87.481,76284.0,78614.93275622198,68855.4798247465,54720.37393511904,0.23952373161743856,0.31393298059964725
19430,"Dayton-Kettering-Beavercreek, OH",4,10,18140,"Columbus, OH",4,4.409094711488263,15288.0,95.469,87.945,81945.0,85834.14511516828,68597.49537246945,52583.92028526837,0.27429271692332724,0.178752107925801
19460,"Decatur, AL",2,1,46220,"Tuscaloosa, AL",4,4.511083946799063,12060.0,87.722,58.246,61517.0,70127.22008162149,65711.97733692081,51964.00077459893,0.25317329157969176,0.3193548387096774
19460,"Decatur, AL",2,2,40580,"Rocky Mount, NC",2,4.671832988663805,11040.0,88.012,56.103,59636.0,67758.94196245966,63586.16470998596,51042.42067508163,0.23718808245067868,0.37398373983739835
19460,"Decatur, AL",2,3,34100,"Morristown, TN",2,5.111558688743374,10476.0,86.364,59.024,60553.0,70113.7047844009,60387.64810082568,48257.59391158017,0.23531920622132108,0.4077669902912621
19460,"Decatur, AL",2,4,22540,"Fond du Lac, WI",4,5.221742514829252,11520.0,91.643,67.317,74275.0,81048.19789836647,66735.04795783637,54164.52975131761,0.2248073208782546,0.3613861386138614
19460,"Decatur, AL",2,5,33780,"Monroe, MI",2,5.235788457125686,12708.0,93.492,74.641,77335.0,82718.30744876566,66457.0452288844,52864.43837482201,0.24608840979640453,0.34183673469387754
19460,"Decatur, AL",2,6,11500,"Anniston-Oxford, AL",2,5.2901417388766845,9912.0,85.949,54.705,55029.0,64025.17772167215,59722.41737870192,48189.99698986668,0.23349610886231395,0.42408376963350786
19460,"Decatur, AL",2,7,48140,"Wausau, WI",4,5.39285492631805,11988.0,92.651,71.464,77884.0,84061.6938834983,66115.57611276988,53176.697957110475,0.23153445639447356,0.29545454545454547
19460,"Decatur, AL",2,8,41140,"St. Joseph, MO-KS",2,5.404842727547582,10740.0,86.382,55.359,65005.0,75252.94621564678,66964.4952308007,54531.34943653802,0.22018524048956223,0.33183856502242154
19460,"Decatur, AL",2,9,33660,"Mobile, AL",2,5.449131292557682,12624.0,88.098,60.116,58880.0,66834.66139980477,63613.36681434754,49283.870117487226,0.269627839278571,0.34908136482939633
19460,"Decatur, AL",2,10,44420,"Staunton-Stuarts Draft, VA",2,5.467452234224331,12816.0,91.128,68.232,73544.0,80704.0646124133,64357.79601245547,50294.061485197104,0.2596089907875784,0.3611111111111111
19500,"Decatur, IL",4,1,22540,"Fond du Lac, WI",4,4.096309729131836,11520.0,91.643,67.317,74275.0,81048.19789836647,66735.04795783637,54164.52975131761,0.2248073208782546,0.3613861386138614
19500,"Decatur, IL",4,2,27500,"Janesville-Beloit, WI",4,4.385513734546996,12444.0,93.703,79.552,75673.0,80758.35352123197,66473.54932463648,53193.29148870807,0.24034669263041522,0.32567049808429116
19500,"Decatur, IL",4,3,40980,"Saginaw, MI",4,4.828535406520027,11364.0,90.891,63.647,60622.0,66697.47279708661,65266.14375970962,52763.25568498275,0.2258077324135344,0.3129496402877698
19500,"Decatur, IL",4,4,29100,"La Crosse-Onalaska, WI-MN",4,4.839961334176569,12324.0,91.769,69.386,73340.0,79918.05511665158,67956.63342042305,54527.26184614416,0.23195177286284113,0.3104575163398693
19500,"Decatur, IL",4,5,30620,"Lima, OH",2,4.88418984623137,11064.0,89.669,57.275,64038.0,71415.9854576275,64678.78328276013,52340.07090724574,0.22672824193499586,0.34545454545454546
19500,"Decatur, IL",4,6,28700,"Kingsport-Bristol, TN-VA",4,4.884767198601211,10188.0,86.447,56.496,57792.0,66852.52235473758,65706.86528491796,53921.60957910977,0.21518060993346674,0.27586206896551724
19500,"Decatur, IL",4,7,24260,"Grand Island, NE",2,4.929120714924178,11148.0,86.657,61.748,69704.0,80436.66408945614,67028.90487235664,54164.39306142389,0.2245023188835738,0.3526315789473684
19500,"Decatur, IL",4,8,33780,"Monroe, MI",2,4.982527025828173,12708.0,93.492,74.641,77335.0,82718.30744876566,66457.0452288844,52864.43837482201,0.24608840979640453,0.34183673469387754
19500,"Decatur, IL",4,9,41140,"St. Joseph, MO-KS",2,4.99613280767241,10740.0,86.382,55.359,65005.0,75252.94621564678,66964.4952308007,54531.34943653802,0.22018524048956223,0.33183856502242154
19500,"Decatur, IL",4,10,20740,"Eau Claire, WI",4,4.9999510627894255,12396.0,92.796,72.85,74595.0,80386.00801758695,65810.39035741365,52452.05594644766,0.23801879735332193,0.31715210355987056
19660,"Deltona-Daytona Beach-Ormond Beach, FL",3,1,38940,"Port St. Lucie, FL",3,2.457129690253304,18960.0,100.228,113.642,74514.0,74344.49455242048,59021.63945325537,40104.76991580076,0.3778380640189969,0.31767955801104975
19660,"Deltona-Daytona Beach-Ormond Beach, FL",3,2,35840,"North Port-Bradenton-Sarasota, FL",3,3.3446242907505517,20964.0,102.417,127.95,80859.0,78950.76012771318,58295.16398581491,37825.90595248059,0.4099315419670332,0.2753303964757709
19660,"Deltona-Daytona Beach-Ormond Beach, FL",3,3,37860,"Pensacola-Ferry Pass-Brent, FL",3,3.569779730363795,16248.0,97.717,98.77,75967.0,77741.84635222121,58562.87738004662,41935.26908261629,0.3324508354890374,0.3230769230769231
19660,"Deltona-Daytona Beach-Ormond Beach, FL",3,4,37460,"Panama City-Panama City Beach, FL",3,4.102598931225515,17472.0,97.296,96.424,71514.0,73501.48001973359,58354.237566858705,40396.6647992218,0.36177488698844124,0.3771043771043771
19660,"Deltona-Daytona Beach-Ormond Beach, FL",3,5,36100,"Ocala, FL",3,4.173758011047153,15324.0,95.234,86.23,61010.0,64063.25471995296,56391.25544287655,40300.3635345245,0.3291928952142377,0.33225806451612905
19660,"Deltona-Daytona Beach-Ormond Beach, FL",3,6,48900,"Wilmington, NC",3,4.3239770244588485,16668.0,96.422,93.215,76471.0,79308.66399784281,61990.545528534785,44704.034151463165,0.33401982090631044,0.33093525179856115
19660,"Deltona-Daytona Beach-Ormond Beach, FL",3,7,15980,"Cape Coral-Fort Myers, FL",3,4.330762044183675,20544.0,102.349,125.113,76107.0,74360.27709112938,57817.72763294792,37745.2305885215,0.4072654557829898,0.3006993006993007
19660,"Deltona-Daytona Beach-Ormond Beach, FL",3,8,39150,"Prescott Valley-Prescott, AZ",3,4.656124832105252,16212.0,98.255,98.781,69613.0,70849.3206452598,60312.06677738661,43812.1431093799,0.3176941760564194,0.3861003861003861
19660,"Deltona-Daytona Beach-Ormond Beach, FL",3,9,11700,"Asheville, NC",3,4.994986668658864,15552.0,96.506,93.371,71838.0,74438.89499098502,61864.169371974436,45749.10916846377,0.3029191910352288,0.3237410071942446
19660,"Deltona-Daytona Beach-Ormond Beach, FL",3,10,42340,"Savannah, GA",3,5.233780426356914,17448.0,95.206,86.012,77180.0,81066.31934962083,62240.72121680006,43914.14516066914,0.3525628748734045,0.26153846153846155
19740,"Denver-Aurora-Centennial, CO",1,1,39580,"Raleigh-Cary, NC",1,4.126029820324927,18876.0,98.157,103.476,100103.0,101982.5381786322,66179.1612271303,46948.74464960654,0.34717101034965425,0.2859778597785978
19740,"Denver-Aurora-Centennial, CO",1,2,38900,"Portland-Vancouver-Hillsboro, OR-WA",1,4.1995290947264365,20688.0,105.421,125.114,97436.0,92425.60780110223,69569.50044399414,49945.326892235,0.3268104331421303,0.3063063063063063
19740,"Denver-Aurora-Centennial, CO",1,3,12060,"Atlanta-Sandy Springs-Roswell, GA",1,4.888807341947364,20064.0,100.058,111.022,89724.0,89671.99024565752,65399.90559141387,45347.53596579673,0.3707652333637077,0.20268256333830104
19740,"Denver-Aurora-Centennial, CO",1,4,12580,"Baltimore-Columbia-Towson, MD",1,4.957860913818463,19332.0,104.487,118.194,99470.0,95198.4457396614,67308.79132704846,48806.96813373255,0.32844073814588853,0.30670926517571884
19740,"Denver-Aurora-Centennial, CO",1,5,40900,"Sacramento-Roseville-Folsom, CA",1,4.967122853855881,21828.0,106.67,130.23,97188.0,91110.90278428799,72284.30998105383,51821.19945325783,0.34014191851906084,0.25232198142414863
19740,"Denver-Aurora-Centennial, CO",1,6,17820,"Colorado Springs, CO",1,5.069898740982468,20388.0,100.707,116.207,90144.0,89511.15612618787,66961.94500625262,46717.076228511236,0.3564059462598079,0.34475374732334046
19740,"Denver-Aurora-Centennial, CO",1,7,40060,"Richmond, VA",1,5.526864476901895,17364.0,97.858,99.136,86679.0,88576.30444112897,68241.30691375065,50497.22875969068,0.3106618908925918,0.2777777777777778
19740,"Denver-Aurora-Centennial, CO",1,8,41740,"San Diego-Chula Vista-Carlsbad, CA",1,5.615909743453926,26952.0,111.887,179.267,106268.0,94977.96884356538,67620.26615703518,43531.676776678214,0.42713824840312903,0.2852760736196319
19740,"Denver-Aurora-Centennial, CO",1,9,12420,"Austin-Round Rock-San Marcos, TX",1,5.634953340420834,20712.0,98.066,120.361,100431.0,102411.64113964065,67353.5803706135,46233.110482986805,0.37534564831619,0.24790619765494137
19740,"Denver-Aurora-Centennial, CO",1,10,42660,"Seattle-Tacoma-Bellevue, WA",1,5.685825660013673,24000.0,111.133,151.314,115177.0,103638.88314002143,73204.44272478322,51608.69708667393,0.346298961572771,0.2728613569321534
19780,"Des Moines-West Des Moines, IA",4,1,36540,"Omaha, NE-IA",4,2.9722361304337173,14304.0,91.911,86.404,84829.0,92294.71989206951,69538.21019913851,53975.32871596457,0.26226383373999673,0.28884826325411334
19780,"Des Moines-West Des Moines, IA",4,2,28140,"Kansas City, MO-KS",4,3.6253215046719975,14988.0,92.543,86.642,83460.0,90185.10314124243,69750.30951537898,53554.59509073314,0.2741518431576365,0.18357487922705315
19780,"Des Moines-West Des Moines, IA",4,3,16300,"Cedar Rapids, IA",4,4.332733158328761,11136.0,88.963,71.447,78080.0,87766.82441014805,67989.84945273602,55472.285971288664,0.21432513824084137,0.3076923076923077
19780,"Des Moines-West Des Moines, IA",4,4,30700,"Lincoln, NE",4,4.517131863195385,12984.0,91.581,84.208,75049.0,81948.22070080039,66038.39117887121,51860.77791847877,0.24763292461288774,0.40046296296296297
19780,"Des Moines-West Des Moines, IA",4,5,19340,"Davenport-Moline-Rock Island, IA-IL",4,4.660822556060635,11292.0,89.079,68.346,72738.0,81655.60906610986,68382.6994289967,55706.31105463237,0.21823192377203676,0.26218097447795824
19780,"Des Moines-West Des Moines, IA",4,6,18140,"Columbus, OH",4,4.666892017604625,15288.0,95.469,87.945,81945.0,85834.14511516828,68597.49537246945,52583.92028526837,0.27429271692332724,0.178752107925801
19780,"Des Moines-West Des Moines, IA",4,7,17140,"Cincinnati, OH-KY-IN",4,4.694813059385007,13260.0,95.37,87.608,81120.0,85058.19440075495,67151.80475042066,53248.06143491264,0.24356120073391233,0.215311004784689
19780,"Des Moines-West Des Moines, IA",4,8,33340,"Milwaukee-Waukesha, WI",4,4.796763506182149,13668.0,96.937,97.111,78218.0,80689.51999752417,68438.57298461662,54338.69368156412,0.2432016245299029,0.24273504273504273
19780,"Des Moines-West Des Moines, IA",4,9,31540,"Madison, WI",1,4.800544143768569,16248.0,97.287,99.748,88804.0,91280.4382908302,70765.56801523487,54064.46714872649,0.2777887735363412,0.3302238805970149
19780,"Des Moines-West Des Moines, IA",4,10,36420,"Oklahoma City, OK",4,4.837457435308087,13488.0,90.408,73.885,72094.0,79742.94310238032,66009.0050723851,51089.97135855447,0.27197005468478924,0.2937062937062937
19820,"Detroit-Warren-Dearborn, MI",4,1,17140,"Cincinnati, OH-KY-IN",4,3.9445519990978513,13260.0,95.37,87.608,81120.0,85058.19440075495,67151.80475042066,53248.06143491264,0.24356120073391233,0.215311004784689
19820,"Detroit-Warren-Dearborn, MI",4,2,33340,"Milwaukee-Waukesha, WI",4,4.2246386552611455,13668.0,96.937,97.111,78218.0,80689.51999752417,68438.57298461662,54338.69368156412,0.2432016245299029,0.24273504273504273
19820,"Detroit-Warren-Dearborn, MI",4,3,41180,"St. Louis, MO-IL",4,4.287918344149435,13356.0,95.088,79.024,80196.0,84338.71781928319,67041.5904014345,52995.654005674776,0.24362628518226778,0.19314641744548286
19820,"Detroit-Warren-Dearborn, MI",4,4,18140,"Columbus, OH",4,4.3076147203985915,15288.0,95.469,87.945,81945.0,85834.14511516828,68597.49537246945,52583.92028526837,0.27429271692332724,0.178752107925801
19820,"Detroit-Warren-Dearborn, MI",4,5,17410,"Cleveland, OH",4,4.408982465713056,12600.0,93.923,79.434,70678.0,75251.00348157533,67255.02311467905,53839.77871234947,0.23579692944191716,0.25938009787928223
19820,"Detroit-Warren-Dearborn, MI",4,6,24340,"Grand Rapids-Wyoming-Kentwood, MI",4,4.422171297307396,14424.0,95.546,86.596,82874.0,86737.27837900068,64744.44559242641,49648.05223216016,0.2729372434726822,0.2539964476021314
19820,"Detroit-Warren-Dearborn, MI",4,7,26900,"Indianapolis-Carmel-Greenwood, IN",4,4.441838389567608,14292.0,95.696,88.917,79852.0,83443.40411302458,67102.48315808205,52167.689645291546,0.26071779381385785,0.23014586709886548
19820,"Detroit-Warren-Dearborn, MI",4,8,38300,"Pittsburgh, PA",4,4.534455265992897,12636.0,94.671,71.986,75762.0,80026.6184998574,66463.37941855424,53116.103061486065,0.23725910596419883,0.24960753532182103
19820,"Detroit-Warren-Dearborn, MI",4,9,33460,"Minneapolis-St. Paul-Bloomington, MN-WI",1,4.707509168761323,17280.0,104.822,111.838,99833.0,95240.50294785445,69614.09635807802,53129.00735004536,0.2774938216482202,0.19969512195121952
19820,"Detroit-Warren-Dearborn, MI",4,10,39300,"Providence-Warwick, RI-MA",4,5.048083242498593,15684.0,101.773,103.851,87040.0,85523.66541224097,68567.68550832792,53156.918408999016,0.26550380543656876,0.30124777183600715
20020,"Dothan, AL",2,1,22520,"Florence-Muscle Shoals, AL",2,3.934294196412249,10236.0,84.817,47.677,61891.0,72970.04138321328,60980.613091131,48912.27773383236,0.2468446353120323,0.4383561643835616
20020,"Dothan, AL",2,2,23460,"Gadsden, AL",2,4.489107503380274,10164.0,85.653,53.696,54563.0,63702.380535416145,54471.06802575962,42604.583489316065,0.26914002861085906,0.5033112582781457
20020,"Dothan, AL",2,3,25220,"Hammond, LA",2,4.592479402518739,12036.0,84.46,48.16,56760.0,67203.40989817666,60676.539670146114,46426.00687355601,0.2880153084231243,0.3870967741935484
20020,"Dothan, AL",2,4,46660,"Valdosta, GA",2,4.757453121740433,12300.0,88.271,58.758,57085.0,64670.163473847584,59038.44953295425,45104.08830446471,0.2825291611788849,0.35864978902953587
20020,"Dothan, AL",2,5,25620,"Hattiesburg, MS",2,4.821724700495138,12168.0,87.633,60.059,60285.0,68792.57813837254,55486.33373612134,41601.15349580091,0.3000192571494962,0.35655737704918034
20020,"Dothan, AL",2,6,24140,"Goldsboro, NC",2,4.8356212494867785,11580.0,88.462,57.684,59733.0,67523.9085709118,60073.05161161477,46982.68512657035,0.26023030310527223,0.27835051546391754
20020,"Dothan, AL",2,7,22500,"Florence, SC",2,4.858607380003711,11208.0,86.774,52.425,54443.0,62741.14366054348,62566.05390515404,49649.74256765663,0.24883360441537591,0.35125448028673834
20020,"Dothan, AL",2,8,11500,"Anniston-Oxford, AL",2,4.910833649529632,9912.0,85.949,54.705,55029.0,64025.17772167215,59722.41737870192,48189.99698986668,0.23349610886231395,0.42408376963350786
20020,"Dothan, AL",2,9,27860,"Jonesboro, AR",2,4.920074443009563,11148.0,85.876,53.848,56738.0,66069.68186687781,60278.60351726368,47297.09529610759,0.25100764913006907,0.3983402489626556
20020,"Dothan, AL",2,10,15500,"Burlington, NC",2,5.046214269272576,12768.0,93.196,77.88,65651.0,70444.01047255247,60993.965130447534,47293.8063253486,0.271091232246963,0.2661290322580645
20100,"Dover, DE",3,1,28740,"Kingston, NY",5,4.318020614178777,17100.0,100.709,110.173,86271.0,85663.64475866109,62617.465097360895,45637.850564399596,0.31443492088828084,0.3735408560311284
20100,"Dover, DE",3,2,22180,"Fayetteville, NC",4,4.622359678592365,14544.0,91.978,73.081,61763.0,67149.75320185263,64370.78897748841,48558.31208083921,0.29508008359611204,0.3083832335329341
20100,"Dover, DE",3,3,24300,"Grand Junction, CO",2,4.729880214703885,14184.0,95.476,86.367,73658.0,77148.18383677573,62686.99538552695,47830.90589706912,0.27235353663590656,0.42402826855123676
20100,"Dover, DE",3,4,41540,"Salisbury, MD",2,4.745922286186611,15288.0,95.617,87.212,73802.0,77185.01940031584,64197.91982597236,48209.13122143551,0.2976588692551509,0.3983402489626556
20100,"Dover, DE",3,5,11700,"Asheville, NC",3,4.783586896406083,15552.0,96.506,93.371,71838.0,74438.89499098502,61864.169371974436,45749.10916846377,0.3029191910352288,0.3237410071942446
20100,"Dover, DE",3,6,48900,"Wilmington, NC",3,4.929210249976293,16668.0,96.422,93.215,76471.0,79308.66399784281,61990.545528534785,44704.034151463165,0.33401982090631044,0.33093525179856115
20100,"Dover, DE",3,7,17300,"Clarksville, TN-KY",2,4.944075261226589,14484.0,90.947,73.801,68967.0,75832.07802346422,62072.269197078145,46146.51023856385,0.3053920742170733,0.33663366336633666
20100,"Dover, DE",3,8,31740,"Manhattan, KS",2,4.949995484804835,12756.0,90.162,71.971,65469.0,72612.63059825647,63830.00767799487,49682.14050557191,0.2657730092269942,0.35802469135802467
20100,"Dover, DE",3,9,14020,"Bloomington, IN",4,4.967663663544493,14112.0,95.084,85.59,65543.0,68931.68146060326,63574.025694922704,48732.41196390591,0.27921642110851186,0.27340823970037453
20100,"Dover, DE",3,10,32780,"Medford, OR",5,5.0108666887174325,16296.0,101.433,97.658,73999.0,72953.57526643202,62144.5270666695,46078.74965695077,0.29616088827104076,0.35174418604651164
20220,"Dubuque, IA",4,1,41140,"St. Joseph, MO-KS",2,4.254157971266636,10740.0,86.382,55.359,65005.0,75252.94621564678,66964.4952308007,54531.34943653802,0.22018524048956223,0.33183856502242154
20220,"Dubuque, IA",4,2,47940,"Waterloo-Cedar Falls, IA",4,4.307200305390488,11724.0,87.057,63.13,70811.0,81338.66317470162,68655.5861916745,55188.54735505022,0.23019771670532055,0.3227848101265823
20220,"Dubuque, IA",4,3,19340,"Davenport-Moline-Rock Island, IA-IL",4,4.42174394479469,11292.0,89.079,68.346,72738.0,81655.60906610986,68382.6994289967,55706.31105463237,0.21823192377203676,0.26218097447795824
20220,"Dubuque, IA",4,4,16300,"Cedar Rapids, IA",4,4.428013545771654,11136.0,88.963,71.447,78080.0,87766.82441014805,67989.84945273602,55472.285971288664,0.21432513824084137,0.3076923076923077
20220,"Dubuque, IA",4,5,29100,"La Crosse-Onalaska, WI-MN",4,4.702967604271444,12324.0,91.769,69.386,73340.0,79918.05511665158,67956.63342042305,54527.26184614416,0.23195177286284113,0.3104575163398693
20220,"Dubuque, IA",4,6,24260,"Grand Island, NE",2,4.750763125077561,11148.0,86.657,61.748,69704.0,80436.66408945614,67028.90487235664,54164.39306142389,0.2245023188835738,0.3526315789473684
20220,"Dubuque, IA",4,7,24580,"Green Bay, WI",4,4.82588056345532,12120.0,93.086,74.696,79267.0,85154.5882302387,65835.59204587441,52815.37418282305,0.22732122905949836,0.3058252427184466
20220,"Dubuque, IA",4,8,11540,"Appleton, WI",4,4.835692796141056,12720.0,92.419,70.785,85825.0,92865.10349603437,66810.4702638197,53047.066634695824,0.24012503997365162,0.33429394812680113
20220,"Dubuque, IA",4,9,36780,"Oshkosh-Neenah, WI",4,4.844191954959091,11580.0,92.929,74.442,74925.0,80626.06936478386,68307.04823702751,55845.92200086871,0.21430529948188135,0.32450331125827814
20220,"Dubuque, IA",4,10,20740,"Eau Claire, WI",4,4.900032148461776,12396.0,92.796,72.85,74595.0,80386.00801758695,65810.39035741365,52452.05594644766,0.23801879735332193,0.31715210355987056
20260,"Duluth, MN-WI",4,1,24220,"Grand Forks, ND-MN",4,3.6907311173880455,11604.0,86.663,59.664,69836.0,80583.40929808568,73071.52429956778,59681.72703891446,0.21408348900295954,0.34156378600823045
20260,"Duluth, MN-WI",4,2,31860,"Mankato, MN",4,4.007223363065563,12828.0,90.955,79.884,75808.0,83346.7099114947,71152.64168644015,57048.96404364976,0.23238643102177742,0.32051282051282054
20260,"Duluth, MN-WI",4,3,41060,"St. Cloud, MN",4,4.314298517320317,12504.0,87.632,65.057,76497.0,87293.45444586451,74021.877683782,59753.11741356108,0.2236348658352055,0.3261538461538461
20260,"Duluth, MN-WI",4,4,22020,"Fargo, ND-MN",4,4.387947399432725,11604.0,90.871,81.142,76756.0,84466.99166950952,70028.45303293191,57258.702507461734,0.2124077502340074,0.3530864197530864
20260,"Duluth, MN-WI",4,5,13900,"Bismarck, ND",4,4.400970365282153,12252.0,91.024,84.013,85156.0,93553.3485674108,70374.38485583403,56914.198531348185,0.22044076465903792,0.4201388888888889
20260,"Duluth, MN-WI",4,6,46540,"Utica-Rome, NY",4,4.974896898725456,11100.0,92.678,66.063,69779.0,75291.87077839402,68576.24046223832,56599.28800318654,0.20433289516250724,0.33240997229916897
20260,"Duluth, MN-WI",4,7,16300,"Cedar Rapids, IA",4,5.136362953158673,11136.0,88.963,71.447,78080.0,87766.82441014805,67989.84945273602,55472.285971288664,0.21432513824084137,0.3076923076923077
20260,"Duluth, MN-WI",4,8,45060,"Syracuse, NY",4,5.231952523342973,12924.0,95.742,80.656,75492.0,78849.40778341793,70582.2444795936,57083.466513810556,0.22411724162820085,0.30980392156862746
20260,"Duluth, MN-WI",4,9,45820,"Topeka, KS",4,5.359304704273531,11652.0,88.82,64.987,69888.0,78684.98086016663,67111.28207694297,53992.61511004362,0.23044157947003216,0.3374233128834356
20260,"Duluth, MN-WI",4,10,13780,"Binghamton, NY",4,5.491946258710232,11268.0,92.863,69.694,64590.0,69554.07428146839,69819.2476058189,57685.24375067746,0.20875934676794164,0.33432835820895523
20500,"Durham-Chapel Hill, NC",1,1,31540,"Madison, WI",1,4.916960868391136,16248.0,97.287,99.748,88804.0,91280.4382908302,70765.56801523487,54064.46714872649,0.2777887735363412,0.3302238805970149
20500,"Durham-Chapel Hill, NC",1,2,16820,"Charlottesville, VA",1,5.712582893363405,19176.0,99.146,107.041,93598.0,94404.21197022573,67340.57421810836,47999.40059537018,0.3484298226855864,0.32285714285714284
20500,"Durham-Chapel Hill, NC",1,3,39580,"Raleigh-Cary, NC",1,6.279038270680038,18876.0,98.157,103.476,100103.0,101982.5381786322,66179.1612271303,46948.74464960654,0.34717101034965425,0.2859778597785978
20500,"Durham-Chapel Hill, NC",1,4,12580,"Baltimore-Columbia-Towson, MD",1,6.391439331065498,19332.0,104.487,118.194,99470.0,95198.4457396614,67308.79132704846,48806.96813373255,0.32844073814588853,0.30670926517571884
20500,"Durham-Chapel Hill, NC",1,5,10580,"Albany-Schenectady-Troy, NY",4,6.6593501463038525,15360.0,99.566,102.582,88074.0,88457.90731775906,70461.07192936643,55034.118953450954,0.25776651404899287,0.35304347826086957
20500,"Durham-Chapel Hill, NC",1,6,36500,"Olympia-Lacey-Tumwater, WA",1,6.786632797329598,20832.0,103.67,116.675,96563.0,93144.5934214334,71581.64547165536,51487.114749170556,0.3273678181700215,0.336231884057971
20500,"Durham-Chapel Hill, NC",1,7,45940,"Trenton-Princeton, NJ",1,6.9022012508116015,19476.0,103.18,135.082,100645.0,97543.12851327776,73446.24244728689,54570.491332729805,0.3101935244890882,0.3411214953271028
20500,"Durham-Chapel Hill, NC",1,8,40060,"Richmond, VA",1,6.937542157116165,17364.0,97.858,99.136,86679.0,88576.30444112897,68241.30691375065,50497.22875969068,0.3106618908925918,0.2777777777777778
20500,"Durham-Chapel Hill, NC",1,9,15540,"Burlington-South Burlington, VT",1,6.985684956642506,18972.0,100.949,103.842,93043.0,92168.32261835184,66738.16237156141,47944.51409371814,0.3245192313047483,0.39050131926121373
20500,"Durham-Chapel Hill, NC",1,10,29620,"Lansing-East Lansing, MI",4,7.1445845073919365,13032.0,94.991,83.472,72550.0,76375.65664115548,68225.30697149358,54506.112521493065,0.23614684705994923,0.3090909090909091
20580,"Eagle Pass, TX",2,1,42700,"Sebring, FL",2,10.494950549409506,12420.0,92.47,73.455,54897.0,59367.36238780145,55525.5908823282,42094.207731035895,0.2869409093661601,0.4097222222222222
20580,"Eagle Pass, TX",2,2,23460,"Gadsden, AL",2,10.507448560354673,10164.0,85.653,53.696,54563.0,63702.380535416145,54471.06802575962,42604.583489316065,0.26914002861085906,0.5033112582781457
20580,"Eagle Pass, TX",2,3,26300,"Hot Springs, AR",2,10.663318053234018,11592.0,85.73,57.281,57181.0,66698.93852793654,57035.43735789965,43513.916303426304,0.28264598801444357,0.4245810055865922
20580,"Eagle Pass, TX",2,4,26140,"Homosassa Springs, FL",2,11.03277396993636,13284.0,93.467,78.427,56546.0,60498.357709137985,56956.77208375364,42744.26927527578,0.2967745497428479,0.48125
20580,"Eagle Pass, TX",2,5,30020,"Lawton, OK",2,11.149573125272433,11580.0,85.941,57.389,60665.0,70589.12509745058,59318.50485351303,45844.1445365514,0.27193716653678307,0.4182692307692308
20580,"Eagle Pass, TX",2,6,25620,"Hattiesburg, MS",2,11.327328702859939,12168.0,87.633,60.059,60285.0,68792.57813837254,55486.33373612134,41601.15349580091,0.3000192571494962,0.35655737704918034
20580,"Eagle Pass, TX",2,7,21420,"Enid, OK",2,11.351926863176729,11028.0,84.269,51.389,66182.0,78536.59115451708,57901.412353855616,44814.749405440416,0.26729098824487724,0.4492753623188406
20580,"Eagle Pass, TX",2,8,25220,"Hammond, LA",2,11.361925884472504,12036.0,84.46,48.16,56760.0,67203.40989817666,60676.539670146114,46426.00687355601,0.2880153084231243,0.3870967741935484
20580,"Eagle Pass, TX",2,9,10780,"Alexandria, LA",2,11.481081741156448,11352.0,85.686,53.684,56353.0,65766.86973367877,61858.973038780015,48610.60107603231,0.2594567995595722,0.4099099099099099
20580,"Eagle Pass, TX",2,10,29420,"Lake Havasu City-Kingman, AZ",2,11.508561800536405,13092.0,94.098,79.773,57684.0,61302.04680226997,59506.783334880805,45593.62896390586,0.27039111170233077,0.3624454148471616
20740,"Eau Claire, WI",4,1,29100,"La Crosse-Onalaska, WI-MN",4,1.8823397672097155,12324.0,91.769,69.386,73340.0,79918.05511665158,67956.63342042305,54527.26184614416,0.23195177286284113,0.3104575163398693
20740,"Eau Claire, WI",4,2,24580,"Green Bay, WI",4,2.9152677391377986,12120.0,93.086,74.696,79267.0,85154.5882302387,65835.59204587441,52815.37418282305,0.22732122905949836,0.3058252427184466
20740,"Eau Claire, WI",4,3,27500,"Janesville-Beloit, WI",4,3.186242475424855,12444.0,93.703,79.552,75673.0,80758.35352123197,66473.54932463648,53193.29148870807,0.24034669263041522,0.32567049808429116
20740,"Eau Claire, WI",4,4,21780,"Evansville, IN",4,3.287172345153958,11832.0,91.528,66.735,68232.0,74547.67939865396,64327.87401552051,51400.68233647148,0.2355851644071024,0.3278236914600551
20740,"Eau Claire, WI",4,5,43780,"South Bend-Mishawaka, IN-MI",4,3.430023688211291,12552.0,92.858,74.586,67217.0,72386.8702750436,64529.314989695355,51011.901304283216,0.24506448426998492,0.3015463917525773
20740,"Eau Claire, WI",4,6,39540,"Racine-Mount Pleasant, WI",4,3.4770808400428876,12960.0,95.961,92.029,78096.0,81383.06186888424,64313.61930148584,50808.132697553,0.24865044638818126,0.31417624521072796
20740,"Eau Claire, WI",4,7,31340,"Lynchburg, VA",4,3.5092099080485175,11892.0,89.363,63.912,68996.0,77208.6881595291,66726.68393557685,53419.16292576295,0.23931646222428965,0.3181818181818182
20740,"Eau Claire, WI",4,8,11540,"Appleton, WI",4,3.518128339269793,12720.0,92.419,70.785,85825.0,92865.10349603437,66810.4702638197,53047.066634695824,0.24012503997365162,0.33429394812680113
20740,"Eau Claire, WI",4,9,28020,"Kalamazoo-Portage, MI",4,3.8279093751971685,13116.0,94.84,81.59,72532.0,76478.27920708562,66113.98144242936,52284.37368199071,0.24899406391349468,0.3254437869822485
20740,"Eau Claire, WI",4,10,23060,"Fort Wayne, IN",4,3.8820947391506486,12036.0,92.572,72.277,71213.0,76927.14859784815,63424.868905130206,50423.097311127705,0.23763223462009603,0.3185840707964602
20940,"El Centro, CA",5,1,49420,"Yakima, WA",5,8.053381205808703,13308.0,95.545,72.628,70656.0,73950.49453137265,68255.84855832382,54327.33319906903,0.237783662979341,0.31864406779661014
20940,"El Centro, CA",5,2,32900,"Merced, CA",5,8.264363607522721,16116.0,98.275,78.63,65510.0,66659.88298142965,66030.75334158426,49631.87264964838,0.29416172248390293,0.3159851301115242
20940,"El Centro, CA",5,3,25260,"Hanford-Corcoran, CA",5,8.508626240193376,15972.0,101.612,93.497,70995.0,69868.71629335119,65091.98701065804,49373.371099151525,0.2896323690287874,0.3036649214659686
20940,"El Centro, CA",5,4,46540,"Utica-Rome, NY",4,8.946839424058336,11100.0,92.678,66.063,69779.0,75291.87077839402,68576.24046223832,56599.28800318654,0.20433289516250724,0.33240997229916897
20940,"El Centro, CA",5,5,29740,"Las Cruces, NM",2,9.001629802768965,11208.0,90.212,62.982,56848.0,63016.00673967986,65154.128170601645,52730.060419083,0.23121993369223592,0.28679245283018867
20940,"El Centro, CA",5,6,12540,"Bakersfield-Delano, CA",5,9.076324311629019,15600.0,100.886,90.291,70210.0,69593.40245425531,69138.47716015762,53675.47932101245,0.26548481745322783,0.2683982683982684
20940,"El Centro, CA",5,7,49740,"Yuma, AZ",2,9.302866274101236,11916.0,92.706,73.776,62876.0,67823.01037689038,62228.71227320777,49375.17528531056,0.24257213737629682,0.25630252100840334
20940,"El Centro, CA",5,8,44140,"Springfield, MA",4,9.330498118819213,13632.0,96.061,75.781,71306.0,74229.91640728287,72570.62867475166,58379.64586174743,0.23041363977535873,0.29048843187660667
20940,"El Centro, CA",5,9,23420,"Fresno, CA",5,9.413129550907689,16704.0,102.158,95.725,74468.0,72894.92746529885,66492.0975055277,50140.955157400276,0.2932519632166356,0.2350674373795761
20940,"El Centro, CA",5,10,39820,"Redding, CA",5,9.437465558208117,15804.0,100.684,89.366,72636.0,72142.544992253,67386.68598933466,51690.050972847435,0.2778129955394769,0.38095238095238093
21060,"Elizabethtown, KY",2,1,14540,"Bowling Green, KY",2,4.028958926124523,11700.0,90.179,63.395,63328.0,70224.77516938532,60885.41767580124,47911.2219096029,0.2515916322732563,0.32967032967032966
21060,"Elizabethtown, KY",2,2,36980,"Owensboro, KY",2,4.340371266125308,10884.0,88.61,55.698,68002.0,76743.03126058007,61968.56622802557,49685.52819620073,0.23782500534711193,0.36633663366336633
21060,"Elizabethtown, KY",2,3,27100,"Jackson, MI",4,4.461375648168343,11820.0,91.779,67.092,66073.0,71991.41415792283,65764.28923560276,52885.526119857335,0.23273049433515275,0.34497816593886466
21060,"Elizabethtown, KY",2,4,44220,"Springfield, OH",2,4.482814505791898,10464.0,90.482,61.726,63132.0,69772.99352357375,62536.56525648136,50971.834149741895,0.21651752780453368,0.34782608695652173
21060,"Elizabethtown, KY",2,5,48700,"Williamsport, PA",2,4.5607725158843895,10956.0,92.35,64.392,63917.0,69211.69463995668,61918.573443537956,50055.0109096993,0.22641284961979163,0.358974358974359
21060,"Elizabethtown, KY",2,6,40580,"Rocky Mount, NC",2,4.566000605408716,11040.0,88.012,56.103,59636.0,67758.94196245966,63586.16470998596,51042.42067508163,0.23718808245067868,0.37398373983739835
21060,"Elizabethtown, KY",2,7,27180,"Jackson, TN",2,4.579538291570529,11964.0,85.522,56.567,61177.0,71533.64046678047,64366.84420383058,50377.461354972984,0.2560485348037776,0.3711340206185567
21060,"Elizabethtown, KY",2,8,28700,"Kingsport-Bristol, TN-VA",4,4.603014766639974,10188.0,86.447,56.496,57792.0,66852.52235473758,65706.86528491796,53921.60957910977,0.21518060993346674,0.27586206896551724
21060,"Elizabethtown, KY",2,9,44940,"Sumter, SC",2,4.670108512972526,12684.0,88.02,60.833,56693.0,64409.22517609634,62039.69670581962,47629.335424292694,0.289801782055298,0.3563218390804598
21060,"Elizabethtown, KY",2,10,48140,"Wausau, WI",4,4.753502023572739,11988.0,92.651,71.464,77884.0,84061.6938834983,66115.57611276988,53176.697957110475,0.23153445639447356,0.29545454545454547
21140,"Elkhart-Goshen, IN",4,1,43100,"Sheboygan, WI",4,6.224044105690236,11208.0,94.014,80.54,73094.0,77747.99497947114,66689.9316489305,54768.30295533169,0.21077361858534874,0.29535864978902954
21140,"Elkhart-Goshen, IN",4,2,25860,"Hickory-Lenoir-Morganton, NC",4,6.601986402619534,10428.0,88.486,59.578,62787.0,70956.98754605248,63553.30601916246,51768.390891345625,0.22032229038384765,0.2707774798927614
21140,"Elkhart-Goshen, IN",4,3,43900,"Spartanburg, SC",4,6.816277146832321,12684.0,91.051,68.007,64382.0,70709.8219679081,65350.0431802967,51419.38893157896,0.25919614848189526,0.27011494252873564
21140,"Elkhart-Goshen, IN",4,4,48140,"Wausau, WI",4,7.204412606142082,11988.0,92.651,71.464,77884.0,84061.6938834983,66115.57611276988,53176.697957110475,0.23153445639447356,0.29545454545454547
21140,"Elkhart-Goshen, IN",4,5,23580,"Gainesville, GA",3,7.51199913803448,16092.0,96.766,93.488,80901.0,83604.77853791621,59414.91157362434,42785.103583214484,0.329853588823586,0.2875816993464052
21140,"Elkhart-Goshen, IN",4,6,46220,"Tuscaloosa, AL",4,7.570536202232279,12060.0,87.722,58.246,61517.0,70127.22008162149,65711.97733692081,51964.00077459893,0.25317329157969176,0.3193548387096774
21140,"Elkhart-Goshen, IN",4,7,34100,"Morristown, TN",2,7.7749795426354105,10476.0,86.364,59.024,60553.0,70113.7047844009,60387.64810082568,48257.59391158017,0.23531920622132108,0.4077669902912621
21140,"Elkhart-Goshen, IN",4,8,29200,"Lafayette-West Lafayette, IN",4,8.08405517955314,13284.0,93.43,76.442,62011.0,66371.61511291875,63154.16176103321,48936.03053979806,0.2642391809024139,0.26143790849673204
21140,"Elkhart-Goshen, IN",4,9,34740,"Muskegon-Norton Shores, MI",2,8.10425730998761,12336.0,92.519,74.228,65024.0,70281.77995871118,61434.03112928609,48100.55368141052,0.2543614238559642,0.36134453781512604
21140,"Elkhart-Goshen, IN",4,10,19460,"Decatur, AL",2,8.17430057831569,10164.0,87.212,58.067,68116.0,78103.93065174518,64758.03586969434,53103.67637788128,0.2212756985888278,0.4156378600823045
21300,"Elmira, NY",2,1,39380,"Pueblo, CO",2,4.061286657090024,13332.0,91.762,71.285,64010.0,69756.54410322355,65412.420195636885,50883.53024118951,0.2554319191910117,0.39763779527559057
21300,"Elmira, NY",2,2,24020,"Glens Falls, NY",2,4.343496100690884,12924.0,94.866,76.231,75836.0,79940.12607256552,65441.69467700668,51818.26794877949,0.24111018809398313,0.4357976653696498
21300,"Elmira, NY",2,3,36980,"Owensboro, KY",2,4.4719678457675345,10884.0,88.61,55.698,68002.0,76743.03126058007,61968.56622802557,49685.52819620073,0.23782500534711193,0.36633663366336633
21300,"Elmira, NY",2,4,45460,"Terre Haute, IN",2,4.597555051057135,10704.0,87.797,51.923,56594.0,64460.0612777202,64655.30505805231,52463.544519537325,0.22269635004934,0.3898916967509025
21300,"Elmira, NY",2,5,40580,"Rocky Mount, NC",2,4.6854205680315575,11040.0,88.012,56.103,59636.0,67758.94196245966,63586.16470998596,51042.42067508163,0.23718808245067868,0.37398373983739835
21300,"Elmira, NY",2,6,34620,"Muncie, IN",2,4.772627833075927,10872.0,88.148,57.474,58127.0,65942.50578572402,64374.798166014705,52040.99592433027,0.23166642453710123,0.375609756097561
21300,"Elmira, NY",2,7,22420,"Flint, MI",4,4.865880630101153,11868.0,93.034,74.039,62281.0,66944.34292839176,65006.57327924778,52249.94666962119,0.23458804632094313,0.32621951219512196
21300,"Elmira, NY",2,8,48700,"Williamsport, PA",2,4.887089694369732,10956.0,92.35,64.392,63917.0,69211.69463995668,61918.573443537956,50055.0109096993,0.22641284961979163,0.358974358974359
21300,"Elmira, NY",2,9,44420,"Staunton-Stuarts Draft, VA",2,4.970134092493285,12816.0,91.128,68.232,73544.0,80704.0646124133,64357.79601245547,50294.061485197104,0.2596089907875784,0.3611111111111111
21300,"Elmira, NY",2,10,31340,"Lynchburg, VA",4,4.982358951878658,11892.0,89.363,63.912,68996.0,77208.6881595291,66726.68393557685,53419.16292576295,0.23931646222428965,0.3181818181818182
21340,"El Paso, TX",4,1,31180,"Lubbock, TX",3,3.09951216741863,13908.0,91.317,76.357,63629.0,69679.24920880012,60446.15502547761,45215.69410363392,0.30262482152632064,0.2794871794871795
21340,"El Paso, TX",4,2,17980,"Columbus, GA-AL",2,3.601622378371155,12828.0,89.296,61.185,59336.0,66448.66511377889,62088.856915922086,47723.15184514624,0.2837119690139352,0.28152492668621704
21340,"El Paso, TX",4,3,27140,"Jackson, MS",4,3.667070220832338,12864.0,89.048,64.768,61644.0,69225.58620070074,61146.49303705735,46700.35163017566,0.2819898425244015,0.29082774049217003
21340,"El Paso, TX",4,4,47380,"Waco, TX",4,3.7205094819184965,13812.0,92.55,83.531,66205.0,71534.30578065911,63271.5083520552,48347.68339257384,0.28515605049146603,0.2621082621082621
21340,"El Paso, TX",4,5,28660,"Killeen-Temple, TX",2,3.9561263377042404,14604.0,91.132,77.884,69923.0,76727.16499144098,62653.03964041871,46627.93320140717,0.308148462556426,0.30158730158730157
21340,"El Paso, TX",4,6,22180,"Fayetteville, NC",4,4.006936106992357,14544.0,91.978,73.081,61763.0,67149.75320185263,64370.78897748841,48558.31208083921,0.29508008359611204,0.3083832335329341
21340,"El Paso, TX",4,7,17900,"Columbia, SC",4,4.080481256832363,14316.0,93.662,79.455,68359.0,72984.77504217291,63684.94238174577,48400.195098963,0.28677960507808814,0.23391812865497075
21340,"El Paso, TX",4,8,11100,"Amarillo, TX",2,4.143263404400568,13032.0,91.82,78.38,69611.0,75812.45915922457,61035.46924106171,46842.48296356226,0.2803830781797324,0.2767857142857143
21340,"El Paso, TX",4,9,30780,"Little Rock-North Little Rock-Conway, AR",4,4.1450332810372865,12660.0,89.364,68.295,67154.0,75146.59146860032,60718.25578171768,46551.47721316659,0.2692428810447293,0.29292929292929293
21340,"El Paso, TX",4,10,28940,"Knoxville, TN",4,4.284337686050453,13740.0,92.569,82.783,72422.0,78235.69445494712,64160.4664692093,49317.48447739778,0.27624760022122646,0.29259259259259257
21420,"Enid, OK",2,1,22520,"Florence-Muscle Shoals, AL",2,5.022816136052248,10236.0,84.817,47.677,61891.0,72970.04138321328,60980.613091131,48912.27773383236,0.2468446353120323,0.4383561643835616
21420,"Enid, OK",2,2,36980,"Owensboro, KY",2,5.077500796770629,10884.0,88.61,55.698,68002.0,76743.03126058007,61968.56622802557,49685.52819620073,0.23782500534711193,0.36633663366336633
21420,"Enid, OK",2,3,46300,"Twin Falls, ID",2,5.184917444676999,12852.0,92.108,73.833,68810.0,74705.78017110348,59987.28474757254,46034.099356509876,0.27227558436631183,0.4236453201970443
21420,"Enid, OK",2,4,46660,"Valdosta, GA",2,5.242134985281694,12300.0,88.271,58.758,57085.0,64670.163473847584,59038.44953295425,45104.08830446471,0.2825291611788849,0.35864978902953587
21420,"Enid, OK",2,5,47020,"Victoria, TX",2,5.255486098020853,13812.0,89.839,69.318,70236.0,78179.85507407696,60374.08746734778,44999.91811995968,0.30440067181058594,0.4020618556701031
21420,"Enid, OK",2,6,24140,"Goldsboro, NC",2,5.3717665626573465,11580.0,88.462,57.684,59733.0,67523.9085709118,60073.05161161477,46982.68512657035,0.26023030310527223,0.27835051546391754
21420,"Enid, OK",2,7,45500,"Texarkana, TX-AR",2,5.380855986582165,11400.0,84.012,49.885,55646.0,66235.77584154645,62572.92591513569,49003.43584228894,0.25881687835164313,0.3648068669527897
21420,"Enid, OK",2,8,25220,"Hammond, LA",2,5.418445994772041,12036.0,84.46,48.16,56760.0,67203.40989817666,60676.539670146114,46426.00687355601,0.2880153084231243,0.3870967741935484
21420,"Enid, OK",2,9,30020,"Lawton, OK",2,5.527386204870585,11580.0,85.941,57.389,60665.0,70589.12509745058,59318.50485351303,45844.1445365514,0.27193716653678307,0.4182692307692308
21420,"Enid, OK",2,10,24500,"Great Falls, MT",2,5.591727928489525,11268.0,96.845,97.115,67690.0,69895.19335019877,58202.4368836801,46567.34988899788,0.23183230705586225,0.46534653465346537
21500,"Erie, PA",4,1,11020,"Altoona, PA",2,3.758607477379945,10620.0,89.507,54.978,62382.0,69695.1076452121,62179.822938593694,50314.82913922604,0.22773399270949926,0.35684647302904565
21500,"Erie, PA",4,2,22420,"Flint, MI",4,3.8779489186960374,11868.0,93.034,74.039,62281.0,66944.34292839176,65006.57327924778,52249.94666962119,0.23458804632094313,0.32621951219512196
21500,"Erie, PA",4,3,48700,"Williamsport, PA",2,3.9000283062797707,10956.0,92.35,64.392,63917.0,69211.69463995668,61918.573443537956,50055.0109096993,0.22641284961979163,0.358974358974359
21500,"Erie, PA",4,4,43780,"South Bend-Mishawaka, IN-MI",4,3.9872462283454975,12552.0,92.858,74.586,67217.0,72386.8702750436,64529.314989695355,51011.901304283216,0.24506448426998492,0.3015463917525773
21500,"Erie, PA",4,5,15940,"Canton-Massillon, OH",4,4.0008151810507515,10896.0,89.406,58.143,67801.0,75834.95514842404,63138.081042181606,50950.979505372,0.22437122305040677,0.3256997455470738
21500,"Erie, PA",4,6,31340,"Lynchburg, VA",4,4.142004965158179,11892.0,89.363,63.912,68996.0,77208.6881595291,66726.68393557685,53419.16292576295,0.23931646222428965,0.3181818181818182
21500,"Erie, PA",4,7,49660,"Youngstown-Warren, OH",2,4.2106560043254,9540.0,87.394,53.448,56713.0,64893.47094766231,63549.85505936163,52633.77386385622,0.20069441219467554,0.3277777777777778
21500,"Erie, PA",4,8,27100,"Jackson, MI",4,4.224490612414211,11820.0,91.779,67.092,66073.0,71991.41415792283,65764.28923560276,52885.526119857335,0.23273049433515275,0.34497816593886466
21500,"Erie, PA",4,9,23060,"Fort Wayne, IN",4,4.52285609828201,12036.0,92.572,72.277,71213.0,76927.14859784815,63424.868905130206,50423.097311127705,0.23763223462009603,0.3185840707964602
21500,"Erie, PA",4,10,40420,"Rockford, IL",4,4.526201847291996,12276.0,92.154,70.076,68033.0,73825.33585085835,66247.96407049483,52926.78430618726,0.23770536809852624,0.29080118694362017
21660,"Eugene-Springfield, OR",5,1,32780,"Medford, OR",5,3.113152508513918,16296.0,101.433,97.658,73999.0,72953.57526643202,62144.5270666695,46078.74965695077,0.29616088827104076,0.35174418604651164
21660,"Eugene-Springfield, OR",5,2,41420,"Salem, OR",5,3.564748776740329,16788.0,103.649,110.333,78900.0,76122.297369005,65913.51063560153,49716.53816119271,0.2875189685609681,0.313953488372093
21660,"Eugene-Springfield, OR",5,3,13460,"Bend, OR",3,4.564095721516639,20364.0,103.607,109.958,89788.0,86662.09812078334,63998.86696921613,44343.824356265264,0.35544100910429943,0.3914209115281501
21660,"Eugene-Springfield, OR",5,4,44060,"Spokane-Spokane Valley, WA",5,4.755430699477456,15168.0,100.346,97.059,77488.0,77220.81597672055,68263.22469141947,53147.52501230919,0.2529602704334384,0.30165289256198347
21660,"Eugene-Springfield, OR",5,5,11700,"Asheville, NC",3,4.938145492352057,15552.0,96.506,93.371,71838.0,74438.89499098502,61864.169371974436,45749.10916846377,0.3029191910352288,0.3237410071942446
21660,"Eugene-Springfield, OR",5,6,13380,"Bellingham, WA",5,4.9556162374471,18660.0,103.334,112.946,81784.0,79145.29583680104,68420.25426497441,50362.3062517358,0.3076581318562428,0.35135135135135137
21660,"Eugene-Springfield, OR",5,7,17020,"Chico, CA",5,4.955656764207035,16968.0,101.197,91.946,67928.0,67124.51950156625,65453.20301229185,48685.907539105894,0.3055986042244876,0.37666666666666665
21660,"Eugene-Springfield, OR",5,8,47930,"Waterbury-Shelton, CT",5,5.086063598290087,15960.0,99.778,89.111,86191.0,86382.76974884242,68011.71009898384,52016.20006671219,0.27924712171290555,0.3435897435897436
21660,"Eugene-Springfield, OR",5,9,38860,"Portland-South Portland, ME",1,5.214946573297562,17820.0,101.858,105.164,92175.0,90493.62838461387,65501.915349666735,48006.971408101024,0.3058479428735404,0.3081761006289308
21660,"Eugene-Springfield, OR",5,10,39820,"Redding, CA",5,5.228495748274959,15804.0,100.684,89.366,72636.0,72142.544992253,67386.68598933466,51690.050972847435,0.2778129955394769,0.38095238095238093
21780,"Evansville, IN",4,1,23060,"Fort Wayne, IN",4,2.4902283927384223,12036.0,92.572,72.277,71213.0,76927.14859784815,63424.868905130206,50423.097311127705,0.23763223462009603,0.3185840707964602
21780,"Evansville, IN",4,2,15940,"Canton-Massillon, OH",4,2.51376058386028,10896.0,89.406,58.143,67801.0,75834.95514842404,63138.081042181606,50950.979505372,0.22437122305040677,0.3256997455470738
21780,"Evansville, IN",4,3,31340,"Lynchburg, VA",4,2.6781202972236193,11892.0,89.363,63.912,68996.0,77208.6881595291,66726.68393557685,53419.16292576295,0.23931646222428965,0.3181818181818182
21780,"Evansville, IN",4,4,43780,"South Bend-Mishawaka, IN-MI",4,2.6844940843590903,12552.0,92.858,74.586,67217.0,72386.8702750436,64529.314989695355,51011.901304283216,0.24506448426998492,0.3015463917525773
21780,"Evansville, IN",4,5,40220,"Roanoke, VA",4,3.0546883418832693,12516.0,93.618,78.531,68761.0,73448.482129505,62641.13272502912,49271.9088578241,0.25237181089584726,0.2727272727272727
21780,"Evansville, IN",4,6,20740,"Eau Claire, WI",4,3.287172345153958,12396.0,92.796,72.85,74595.0,80386.00801758695,65810.39035741365,52452.05594644766,0.23801879735332193,0.31715210355987056
21780,"Evansville, IN",4,7,49180,"Winston-Salem, NC",4,3.3856315388267664,12192.0,92.043,71.377,65975.0,71678.45463533347,63979.902085542344,50733.91922970323,0.24631398755916462,0.2692307692307692
21780,"Evansville, IN",4,8,29100,"La Crosse-Onalaska, WI-MN",4,3.3925900329072225,12324.0,91.769,69.386,73340.0,79918.05511665158,67956.63342042305,54527.26184614416,0.23195177286284113,0.3104575163398693
21780,"Evansville, IN",4,9,24580,"Green Bay, WI",4,3.397857759086357,12120.0,93.086,74.696,79267.0,85154.5882302387,65835.59204587441,52815.37418282305,0.22732122905949836,0.3058252427184466
21780,"Evansville, IN",4,10,40420,"Rockford, IL",4,3.481473639041192,12276.0,92.154,70.076,68033.0,73825.33585085835,66247.96407049483,52926.78430618726,0.23770536809852624,0.29080118694362017
21820,"Fairbanks-College, AK",5,1,11260,"Anchorage, AK",5,6.058423598691237,17496.0,105.42,109.905,100505.0,95337.69683172074,68267.62729737941,51671.15603955357,0.28942232701196097,0.4449760765550239
21820,"Fairbanks-College, AK",5,2,34580,"Mount Vernon-Anacortes, WA",5,7.48192538169149,18432.0,102.443,108.165,89263.0,87134.30883515712,70483.64866543798,52491.204086501406,0.2974167363049318,0.4555984555984556
21820,"Fairbanks-College, AK",5,3,16220,"Casper, WY",2,7.746004294817385,12192.0,93.829,74.189,72156.0,76901.59758709994,63041.17064020719,50047.32012490808,0.24683207557369424,0.4405940594059406
21820,"Fairbanks-College, AK",5,4,48300,"Wenatchee-East Wenatchee, WA",5,8.168836140440934,15012.0,103.855,114.958,81938.0,78896.53844302152,65153.42179663622,50698.653128781996,0.26201727484369114,0.3706896551724138
21820,"Fairbanks-College, AK",5,5,16940,"Cheyenne, WY",2,8.169267802268553,13920.0,96.491,89.828,80173.0,83088.57820936668,64502.64302683034,50076.42711031999,0.2690342234314558,0.46543778801843316
21820,"Fairbanks-College, AK",5,6,13460,"Bend, OR",3,8.316004256709181,20364.0,103.607,109.958,89788.0,86662.09812078334,63998.86696921613,44343.824356265264,0.35544100910429943,0.3914209115281501
21820,"Fairbanks-College, AK",5,7,13740,"Billings, MT",4,8.401804295589104,13404.0,93.526,77.364,77194.0,82537.476209824,65507.996490445395,51176.152938919615,0.2575829546765246,0.4252199413489736
21820,"Fairbanks-College, AK",5,8,26820,"Idaho Falls, ID",4,8.49623941972971,13524.0,94.412,83.985,80291.0,85043.21484557047,64894.98335528667,50570.53307354283,0.2703297036209735,0.35315985130111527
21820,"Fairbanks-College, AK",5,9,24540,"Greeley, CO",3,8.66684125288507,18468.0,100.176,112.599,97097.0,96926.40951924612,65735.34625302242,47299.79282705214,0.32497510165126253,0.3687315634218289
21820,"Fairbanks-College, AK",5,10,22660,"Fort Collins-Loveland, CO",1,8.718551416087205,20592.0,101.128,120.592,93765.0,92719.12823352583,68590.8747918329,48228.56168369273,0.34663914441524585,0.41745283018867924
22020,"Fargo, ND-MN",4,1,13900,"Bismarck, ND",4,3.2281410768572107,12252.0,91.024,84.013,85156.0,93553.3485674108,70374.38485583403,56914.198531348185,0.22044076465903792,0.4201388888888889
22020,"Fargo, ND-MN",4,2,16300,"Cedar Rapids, IA",4,3.635348102486986,11136.0,88.963,71.447,78080.0,87766.82441014805,67989.84945273602,55472.285971288664,0.21432513824084137,0.3076923076923077
22020,"Fargo, ND-MN",4,3,41060,"St. Cloud, MN",4,3.9368599371931485,12504.0,87.632,65.057,76497.0,87293.45444586451,74021.877683782,59753.11741356108,0.2236348658352055,0.3261538461538461
22020,"Fargo, ND-MN",4,4,30700,"Lincoln, NE",4,4.294084299471506,12984.0,91.581,84.208,75049.0,81948.22070080039,66038.39117887121,51860.77791847877,0.24763292461288774,0.40046296296296297
22020,"Fargo, ND-MN",4,5,24220,"Grand Forks, ND-MN",4,4.33871110747236,11604.0,86.663,59.664,69836.0,80583.40929808568,73071.52429956778,59681.72703891446,0.21408348900295954,0.34156378600823045
22020,"Fargo, ND-MN",4,6,47940,"Waterloo-Cedar Falls, IA",4,4.349577058186567,11724.0,87.057,63.13,70811.0,81338.66317470162,68655.5861916745,55188.54735505022,0.23019771670532055,0.3227848101265823
22020,"Fargo, ND-MN",4,7,19340,"Davenport-Moline-Rock Island, IA-IL",4,4.3812979226797975,11292.0,89.079,68.346,72738.0,81655.60906610986,68382.6994289967,55706.31105463237,0.21823192377203676,0.26218097447795824
22020,"Fargo, ND-MN",4,8,20260,"Duluth, MN-WI",4,4.387947399432725,11880.0,88.768,71.147,71769.0,80850.08111031001,71442.29151646238,58059.090362893534,0.21684599659232784,0.3562005277044855
22020,"Fargo, ND-MN",4,9,36540,"Omaha, NE-IA",4,4.418284861333158,14304.0,91.911,86.404,84829.0,92294.71989206951,69538.21019913851,53975.32871596457,0.26226383373999673,0.28884826325411334
22020,"Fargo, ND-MN",4,10,43620,"Sioux Falls, SD-MN",4,4.773154010253634,12264.0,90.631,77.605,82754.0,91308.71335415034,65793.75161410632,52261.95785700335,0.2413087358138445,0.4151898734177215
22140,"Farmington, NM",2,1,48540,"Wheeling, WV-OH",2,5.130215936533591,9744.0,88.323,51.443,57418.0,65009.11427374523,63569.55545162468,52537.32149218037,0.2104281474137525,0.4068441064638783
22140,"Farmington, NM",2,2,16220,"Casper, WY",2,5.382850462932772,12192.0,93.829,74.189,72156.0,76901.59758709994,63041.17064020719,50047.32012490808,0.24683207557369424,0.4405940594059406
22140,"Farmington, NM",2,3,37140,"Paducah, KY-IL",2,6.029105443682947,10488.0,86.084,48.794,64160.0,74531.8526090795,65233.921968954855,53050.47324445321,0.2219871318089273,0.36363636363636365
22140,"Farmington, NM",2,4,30980,"Longview, TX",2,6.070686741510164,12720.0,89.485,66.749,66647.0,74478.40420182153,61945.59707644817,47730.924226249816,0.2785181405920559,0.3224852071005917
22140,"Farmington, NM",2,5,46300,"Twin Falls, ID",2,6.1237839161710905,12852.0,92.108,73.833,68810.0,74705.78017110348,59987.28474757254,46034.099356509876,0.27227558436631183,0.4236453201970443
22140,"Farmington, NM",2,6,22520,"Florence-Muscle Shoals, AL",2,6.142090039205381,10236.0,84.817,47.677,61891.0,72970.04138321328,60980.613091131,48912.27773383236,0.2468446353120323,0.4383561643835616
22140,"Farmington, NM",2,7,43340,"Shreveport-Bossier City, LA",2,6.316117922512499,12168.0,84.766,52.286,55925.0,65975.74499209588,63475.7282131115,49120.916142234026,0.2779671839710722,0.3884057971014493
22140,"Farmington, NM",2,8,45500,"Texarkana, TX-AR",2,6.444270946968795,11400.0,84.012,49.885,55646.0,66235.77584154645,62572.92591513569,49003.43584228894,0.25881687835164313,0.3648068669527897
22140,"Farmington, NM",2,9,26380,"Houma-Bayou Cane-Thibodaux, LA",2,6.446912957126058,12168.0,85.103,51.311,64038.0,75247.64109373347,62353.157241704066,48055.18889746238,0.28472805768977544,0.4065934065934066
22140,"Farmington, NM",2,10,44940,"Sumter, SC",2,6.493601889794149,12684.0,88.02,60.833,56693.0,64409.22517609634,62039.69670581962,47629.335424292694,0.289801782055298,0.3563218390804598
22180,"Fayetteville, NC",4,1,17980,"Columbus, GA-AL",2,2.6521973175798386,12828.0,89.296,61.185,59336.0,66448.66511377889,62088.856915922086,47723.15184514624,0.2837119690139352,0.28152492668621704
22180,"Fayetteville, NC",4,2,12020,"Athens-Clarke County, GA",2,2.6820509292030112,14412.0,93.343,76.759,65608.0,70287.00598866545,60948.05798261451,45508.22853637858,0.3056447161735425,0.3210702341137124
22180,"Fayetteville, NC",4,3,28660,"Killeen-Temple, TX",2,3.057070987523189,14604.0,91.132,77.884,69923.0,76727.16499144098,62653.03964041871,46627.93320140717,0.308148462556426,0.30158730158730157
22180,"Fayetteville, NC",4,4,12260,"Augusta-Richmond County, GA-SC",4,3.478042080378027,13440.0,91.903,70.603,69344.0,75453.46724263625,65140.91119212998,50516.79663656596,0.2768530164375221,0.271264367816092
22180,"Fayetteville, NC",4,5,31420,"Macon-Bibb County, GA",2,3.5679016733025337,12528.0,88.528,58.916,59526.0,67239.74335803361,62706.12035379103,48554.66544686892,0.2700999257002899,0.3050847457627119
22180,"Fayetteville, NC",4,6,27140,"Jackson, MS",4,3.603728369269493,12864.0,89.048,64.768,61644.0,69225.58620070074,61146.49303705735,46700.35163017566,0.2819898425244015,0.29082774049217003
22180,"Fayetteville, NC",4,7,49180,"Winston-Salem, NC",4,3.691375941100491,12192.0,92.043,71.377,65975.0,71678.45463533347,63979.902085542344,50733.91922970323,0.24631398755916462,0.2692307692307692
22180,"Fayetteville, NC",4,8,40220,"Roanoke, VA",4,3.76434442796361,12516.0,93.618,78.531,68761.0,73448.482129505,62641.13272502912,49271.9088578241,0.25237181089584726,0.2727272727272727
22180,"Fayetteville, NC",4,9,31180,"Lubbock, TX",3,3.837868015356206,13908.0,91.317,76.357,63629.0,69679.24920880012,60446.15502547761,45215.69410363392,0.30262482152632064,0.2794871794871795
22180,"Fayetteville, NC",4,10,17300,"Clarksville, TN-KY",2,3.85330978206673,14484.0,90.947,73.801,68967.0,75832.07802346422,62072.269197078145,46146.51023856385,0.3053920742170733,0.33663366336633666
22220,"Fayetteville-Springdale-Rogers, AR",4,1,16860,"Chattanooga, TN-GA",4,3.546440777135023,13956.0,91.464,76.55,72161.0,78895.52173532757,62800.371904345215,47541.90955850423,0.286937745330927,0.2907488986784141
22220,"Fayetteville-Springdale-Rogers, AR",4,2,28940,"Knoxville, TN",4,3.5675673970541433,13740.0,92.569,82.783,72422.0,78235.69445494712,64160.4664692093,49317.48447739778,0.27624760022122646,0.29259259259259257
22220,"Fayetteville-Springdale-Rogers, AR",4,3,47380,"Waco, TX",4,3.809312827834804,13812.0,92.55,83.531,66205.0,71534.30578065911,63271.5083520552,48347.68339257384,0.28515605049146603,0.2621082621082621
22220,"Fayetteville-Springdale-Rogers, AR",4,4,24860,"Greenville-Anderson-Greer, SC",4,4.213995573214193,13800.0,93.26,76.836,71240.0,76388.59103581385,64467.9390950032,49670.598327257125,0.27513359975790086,0.2655038759689923
22220,"Fayetteville-Springdale-Rogers, AR",4,5,24660,"Greensboro-High Point, NC",4,4.252823953198356,13116.0,92.865,74.519,65565.0,70602.48748182846,64513.973821422944,50390.245829176136,0.2594799531728843,0.278
22220,"Fayetteville-Springdale-Rogers, AR",4,6,41700,"San Antonio-New Braunfels, TX",4,4.33776552198528,16356.0,94.716,94.575,76213.0,80464.75780227206,65452.93090162896,48184.465172501885,0.3194721786194416,0.20689655172413793
22220,"Fayetteville-Springdale-Rogers, AR",4,7,11100,"Amarillo, TX",2,4.387625271307883,13032.0,91.82,78.38,69611.0,75812.45915922457,61035.46924106171,46842.48296356226,0.2803830781797324,0.2767857142857143
22220,"Fayetteville-Springdale-Rogers, AR",4,8,36420,"Oklahoma City, OK",4,4.479674279889346,13488.0,90.408,73.885,72094.0,79742.94310238032,66009.0050723851,51089.97135855447,0.27197005468478924,0.2937062937062937
22220,"Fayetteville-Springdale-Rogers, AR",4,9,46140,"Tulsa, OK",4,4.541587854450027,12936.0,89.214,68.235,69359.0,77744.52440199968,65785.36914696037,51285.40277396959,0.2634387283725328,0.2770137524557957
22220,"Fayetteville-Springdale-Rogers, AR",4,10,13820,"Birmingham, AL",4,4.736555080499699,14064.0,91.644,71.851,71498.0,78017.10968530399,65723.20893893762,50376.868753000745,0.2824240211735994,0.31392931392931395
22380,"Flagstaff, AZ",3,1,48900,"Wilmington, NC",3,5.623226823615133,16668.0,96.422,93.215,76471.0,79308.66399784281,61990.545528534785,44704.034151463165,0.33401982090631044,0.33093525179856115
22380,"Flagstaff, AZ",3,2,39150,"Prescott Valley-Prescott, AZ",3,5.7165810095180625,16212.0,98.255,98.781,69613.0,70849.3206452598,60312.06677738661,43812.1431093799,0.3176941760564194,0.3861003861003861
22380,"Flagstaff, AZ",3,3,28740,"Kingston, NY",5,5.842500395473014,17100.0,100.709,110.173,86271.0,85663.64475866109,62617.465097360895,45637.850564399596,0.31443492088828084,0.3735408560311284
22380,"Flagstaff, AZ",3,4,25940,"Hilton Head Island-Bluffton-Port Royal, SC",3,5.922207880705255,18876.0,98.017,101.235,83304.0,84989.33858412316,58370.05165370473,39112.16781722738,0.3938453566326406,0.322463768115942
22380,"Flagstaff, AZ",3,5,11700,"Asheville, NC",3,6.049126514532452,15552.0,96.506,93.371,71838.0,74438.89499098502,61864.169371974436,45749.10916846377,0.3029191910352288,0.3237410071942446
22380,"Flagstaff, AZ",3,6,12020,"Athens-Clarke County, GA",2,6.128491561671039,14412.0,93.343,76.759,65608.0,70287.00598866545,60948.05798261451,45508.22853637858,0.3056447161735425,0.3210702341137124
22380,"Flagstaff, AZ",3,7,18880,"Crestview-Fort Walton Beach-Destin, FL",3,6.318010556310451,19596.0,97.031,94.934,81993.0,84501.86023023569,63599.05344272683,43403.4458533997,0.3781119806794754,0.3630769230769231
22380,"Flagstaff, AZ",3,8,37460,"Panama City-Panama City Beach, FL",3,6.33469025354208,17472.0,97.296,96.424,71514.0,73501.48001973359,58354.237566858705,40396.6647992218,0.36177488698844124,0.3771043771043771
22380,"Flagstaff, AZ",3,9,13460,"Bend, OR",3,6.389075477944584,20364.0,103.607,109.958,89788.0,86662.09812078334,63998.86696921613,44343.824356265264,0.35544100910429943,0.3914209115281501
22380,"Flagstaff, AZ",3,10,19660,"Deltona-Daytona Beach-Ormond Beach, FL",3,6.398150681776825,18000.0,99.367,108.375,71277.0,71731.05759457365,56280.31925881352,38165.65342407966,0.37412577856248325,0.3053435114503817
22420,"Flint, MI",4,1,43780,"South Bend-Mishawaka, IN-MI",4,2.8285317643419328,12552.0,92.858,74.586,67217.0,72386.8702750436,64529.314989695355,51011.901304283216,0.24506448426998492,0.3015463917525773
22420,"Flint, MI",4,2,49660,"Youngstown-Warren, OH",2,3.3463184341438232,9540.0,87.394,53.448,56713.0,64893.47094766231,63549.85505936163,52633.77386385622,0.20069441219467554,0.3277777777777778
22420,"Flint, MI",4,3,40420,"Rockford, IL",4,3.414455176426435,12276.0,92.154,70.076,68033.0,73825.33585085835,66247.96407049483,52926.78430618726,0.23770536809852624,0.29080118694362017
22420,"Flint, MI",4,4,31340,"Lynchburg, VA",4,3.4318033196818947,11892.0,89.363,63.912,68996.0,77208.6881595291,66726.68393557685,53419.16292576295,0.23931646222428965,0.3181818181818182
22420,"Flint, MI",4,5,49180,"Winston-Salem, NC",4,3.5756460098490823,12192.0,92.043,71.377,65975.0,71678.45463533347,63979.902085542344,50733.91922970323,0.24631398755916462,0.2692307692307692
22420,"Flint, MI",4,6,21780,"Evansville, IN",4,3.6025630144374072,11832.0,91.528,66.735,68232.0,74547.67939865396,64327.87401552051,51400.68233647148,0.2355851644071024,0.3278236914600551
22420,"Flint, MI",4,7,15940,"Canton-Massillon, OH",4,3.6447825770936415,10896.0,89.406,58.143,67801.0,75834.95514842404,63138.081042181606,50950.979505372,0.22437122305040677,0.3256997455470738
22420,"Flint, MI",4,8,21500,"Erie, PA",4,3.8779489186960374,10848.0,90.95,56.83,63354.0,69658.0538757559,63101.11761660605,51173.68496130094,0.22484026575282168,0.2936046511627907
22420,"Flint, MI",4,9,40220,"Roanoke, VA",4,3.939673103797403,12516.0,93.618,78.531,68761.0,73448.482129505,62641.13272502912,49271.9088578241,0.25237181089584726,0.2727272727272727
22420,"Flint, MI",4,10,45460,"Terre Haute, IN",2,4.017671036151168,10704.0,87.797,51.923,56594.0,64460.0612777202,64655.30505805231,52463.544519537325,0.22269635004934,0.3898916967509025
22500,"Florence, SC",2,1,36980,"Owensboro, KY",2,3.4291685787734223,10884.0,88.61,55.698,68002.0,76743.03126058007,61968.56622802557,49685.52819620073,0.23782500534711193,0.36633663366336633
22500,"Florence, SC",2,2,27180,"Jackson, TN",2,3.4796818057132124,11964.0,85.522,56.567,61177.0,71533.64046678047,64366.84420383058,50377.461354972984,0.2560485348037776,0.3711340206185567
22500,"Florence, SC",2,3,11020,"Altoona, PA",2,3.572188333728346,10620.0,89.507,54.978,62382.0,69695.1076452121,62179.822938593694,50314.82913922604,0.22773399270949926,0.35684647302904565
22500,"Florence, SC",2,4,33740,"Monroe, LA",2,3.6259978187371997,11172.0,83.597,42.815,51660.0,61796.4759500939,62682.74243490622,49318.626497731435,0.26206553733126503,0.40601503759398494
22500,"Florence, SC",2,5,48700,"Williamsport, PA",2,3.7209365324073937,10956.0,92.35,64.392,63917.0,69211.69463995668,61918.573443537956,50055.0109096993,0.22641284961979163,0.358974358974359
22500,"Florence, SC",2,6,10500,"Albany, GA",2,3.7874386296137286,11400.0,87.669,54.626,56906.0,64910.05942807606,63410.94034166649,50407.48415989186,0.2527808062075669,0.3601694915254237
22500,"Florence, SC",2,7,40580,"Rocky Mount, NC",2,3.8461954274663643,11040.0,88.012,56.103,59636.0,67758.94196245966,63586.16470998596,51042.42067508163,0.23718808245067868,0.37398373983739835
22500,"Florence, SC",2,8,21780,"Evansville, IN",4,3.978070567201958,11832.0,91.528,66.735,68232.0,74547.67939865396,64327.87401552051,51400.68233647148,0.2355851644071024,0.3278236914600551
22500,"Florence, SC",2,9,26580,"Huntington-Ashland, WV-KY-OH",2,4.001247541782418,10608.0,88.422,51.257,60078.0,67944.62916468752,61336.21257419301,49339.19825648927,0.23270316864726165,0.3569553805774278
22500,"Florence, SC",2,10,30620,"Lima, OH",2,4.076111644726563,11064.0,89.669,57.275,64038.0,71415.9854576275,64678.78328276013,52340.07090724574,0.22672824193499586,0.34545454545454546
22520,"Florence-Muscle Shoals, AL",2,1,11500,"Anniston-Oxford, AL",2,3.9099332157847844,9912.0,85.949,54.705,55029.0,64025.17772167215,59722.41737870192,48189.99698986668,0.23349610886231395,0.42408376963350786
22520,"Florence-Muscle Shoals, AL",2,2,20020,"Dothan, AL",2,3.934294196412249,10920.0,83.833,46.872,57791.0,68935.86057996254,59876.342793150085,46850.446069902675,0.26989506182881967,0.4369747899159664
22520,"Florence-Muscle Shoals, AL",2,3,36980,"Owensboro, KY",2,4.272633566782343,10884.0,88.61,55.698,68002.0,76743.03126058007,61968.56622802557,49685.52819620073,0.23782500534711193,0.36633663366336633
22520,"Florence-Muscle Shoals, AL",2,4,33140,"Michigan City-La Porte, IN",2,4.36286414886723,11712.0,91.682,68.451,71055.0,77501.58155363103,60308.200852819915,47533.61042067401,0.24751796376976304,0.34759358288770054
22520,"Florence-Muscle Shoals, AL",2,5,40580,"Rocky Mount, NC",2,4.449954855873086,11040.0,88.012,56.103,59636.0,67758.94196245966,63586.16470998596,51042.42067508163,0.23718808245067868,0.37398373983739835
22520,"Florence-Muscle Shoals, AL",2,6,46300,"Twin Falls, ID",2,4.483541889233346,12852.0,92.108,73.833,68810.0,74705.78017110348,59987.28474757254,46034.099356509876,0.27227558436631183,0.4236453201970443
22520,"Florence-Muscle Shoals, AL",2,7,24140,"Goldsboro, NC",2,4.485630371312182,11580.0,88.462,57.684,59733.0,67523.9085709118,60073.05161161477,46982.68512657035,0.26023030310527223,0.27835051546391754
22520,"Florence-Muscle Shoals, AL",2,8,27860,"Jonesboro, AR",2,4.5477301004104085,11148.0,85.876,53.848,56738.0,66069.68186687781,60278.60351726368,47297.09529610759,0.25100764913006907,0.3983402489626556
22520,"Florence-Muscle Shoals, AL",2,9,45500,"Texarkana, TX-AR",2,4.621812117001477,11400.0,84.012,49.885,55646.0,66235.77584154645,62572.92591513569,49003.43584228894,0.25881687835164313,0.3648068669527897
22520,"Florence-Muscle Shoals, AL",2,10,46660,"Valdosta, GA",2,4.729877799378426,12300.0,88.271,58.758,57085.0,64670.163473847584,59038.44953295425,45104.08830446471,0.2825291611788849,0.35864978902953587
22540,"Fond du Lac, WI",4,1,27500,"Janesville-Beloit, WI",4,3.266543354669182,12444.0,93.703,79.552,75673.0,80758.35352123197,66473.54932463648,53193.29148870807,0.24034669263041522,0.32567049808429116
22540,"Fond du Lac, WI",4,2,39540,"Racine-Mount Pleasant, WI",4,3.299194153255013,12960.0,95.961,92.029,78096.0,81383.06186888424,64313.61930148584,50808.132697553,0.24865044638818126,0.31417624521072796
22540,"Fond du Lac, WI",4,3,33780,"Monroe, MI",2,3.305613584395511,12708.0,93.492,74.641,77335.0,82718.30744876566,66457.0452288844,52864.43837482201,0.24608840979640453,0.34183673469387754
22540,"Fond du Lac, WI",4,4,11540,"Appleton, WI",4,3.5716090700662613,12720.0,92.419,70.785,85825.0,92865.10349603437,66810.4702638197,53047.066634695824,0.24012503997365162,0.33429394812680113
22540,"Fond du Lac, WI",4,5,48140,"Wausau, WI",4,3.661361186329406,11988.0,92.651,71.464,77884.0,84061.6938834983,66115.57611276988,53176.697957110475,0.23153445639447356,0.29545454545454547
22540,"Fond du Lac, WI",4,6,27100,"Jackson, MI",4,3.755252646868415,11820.0,91.779,67.092,66073.0,71991.41415792283,65764.28923560276,52885.526119857335,0.23273049433515275,0.34497816593886466
22540,"Fond du Lac, WI",4,7,20740,"Eau Claire, WI",4,3.9613805123692645,12396.0,92.796,72.85,74595.0,80386.00801758695,65810.39035741365,52452.05594644766,0.23801879735332193,0.31715210355987056
22540,"Fond du Lac, WI",4,8,19500,"Decatur, IL",4,4.096309729131836,10164.0,88.422,56.186,62666.0,70871.5025672344,68827.25162565021,57332.37478504493,0.19838139507214525,0.26063829787234044
22540,"Fond du Lac, WI",4,9,36780,"Oshkosh-Neenah, WI",4,4.179492859045426,11580.0,92.929,74.442,74925.0,80626.06936478386,68307.04823702751,55845.92200086871,0.21430529948188135,0.32450331125827814
22540,"Fond du Lac, WI",4,10,40580,"Rocky Mount, NC",2,4.227869103016752,11040.0,88.012,56.103,59636.0,67758.94196245966,63586.16470998596,51042.42067508163,0.23718808245067868,0.37398373983739835
22660,"Fort Collins-Loveland, CO",1,1,16820,"Charlottesville, VA",1,4.384740198830666,19176.0,99.146,107.041,93598.0,94404.21197022573,67340.57421810836,47999.40059537018,0.3484298226855864,0.32285714285714284
22660,"Fort Collins-Loveland, CO",1,2,17820,"Colorado Springs, CO",1,4.389948975234552,20388.0,100.707,116.207,90144.0,89511.15612618787,66961.94500625262,46717.076228511236,0.3564059462598079,0.34475374732334046
22660,"Fort Collins-Loveland, CO",1,3,13460,"Bend, OR",3,4.7911287565408855,20364.0,103.607,109.958,89788.0,86662.09812078334,63998.86696921613,44343.824356265264,0.35544100910429943,0.3914209115281501
22660,"Fort Collins-Loveland, CO",1,4,15540,"Burlington-South Burlington, VT",1,5.0536959625868665,18972.0,100.949,103.842,93043.0,92168.32261835184,66738.16237156141,47944.51409371814,0.3245192313047483,0.39050131926121373
22660,"Fort Collins-Loveland, CO",1,5,38860,"Portland-South Portland, ME",1,5.492880143695544,17820.0,101.858,105.164,92175.0,90493.62838461387,65501.915349666735,48006.971408101024,0.3058479428735404,0.3081761006289308
22660,"Fort Collins-Loveland, CO",1,6,47260,"Virginia Beach-Chesapeake-Norfolk, VA-NC",1,5.5538102730754995,17736.0,97.941,99.805,82330.0,84060.8121215834,65890.17057801326,47781.30912060523,0.3266761783574887,0.2770034843205575
22660,"Fort Collins-Loveland, CO",1,7,31700,"Manchester-Nashua, NH",1,5.804104317793778,19476.0,105.657,134.22,103545.0,98001.07896305971,63863.91534751542,45430.6832852763,0.34212374074494756,0.3234624145785877
22660,"Fort Collins-Loveland, CO",1,8,39580,"Raleigh-Cary, NC",1,5.887134475833577,18876.0,98.157,103.476,100103.0,101982.5381786322,66179.1612271303,46948.74464960654,0.34717101034965425,0.2859778597785978
22660,"Fort Collins-Loveland, CO",1,9,16700,"Charleston-North Charleston, SC",3,5.934383203129862,19260.0,100.962,119.77,85254.0,84441.67112378916,63358.45642415075,44281.97220236433,0.363787039055273,0.2874015748031496
22660,"Fort Collins-Loveland, CO",1,10,40060,"Richmond, VA",1,5.990663952918124,17364.0,97.858,99.136,86679.0,88576.30444112897,68241.30691375065,50497.22875969068,0.3106618908925918,0.2777777777777778
22900,"Fort Smith, AR-OK",2,1,14540,"Bowling Green, KY",2,3.530697037526035,11700.0,90.179,63.395,63328.0,70224.77516938532,60885.41767580124,47911.2219096029,0.2515916322732563,0.32967032967032966
22900,"Fort Smith, AR-OK",2,2,27860,"Jonesboro, AR",2,3.9396360568145794,11148.0,85.876,53.848,56738.0,66069.68186687781,60278.60351726368,47297.09529610759,0.25100764913006907,0.3983402489626556
22900,"Fort Smith, AR-OK",2,3,34100,"Morristown, TN",2,3.975894096923959,10476.0,86.364,59.024,60553.0,70113.7047844009,60387.64810082568,48257.59391158017,0.23531920622132108,0.4077669902912621
22900,"Fort Smith, AR-OK",2,4,27900,"Joplin, MO-KS",2,4.03597343712029,11136.0,85.718,53.976,61901.0,72214.70402949204,65535.97466175526,52544.537624026896,0.23239779092365825,0.31690140845070425
22900,"Fort Smith, AR-OK",2,5,45500,"Texarkana, TX-AR",2,4.27173323367986,11400.0,84.012,49.885,55646.0,66235.77584154645,62572.92591513569,49003.43584228894,0.25881687835164313,0.3648068669527897
22900,"Fort Smith, AR-OK",2,6,27180,"Jackson, TN",2,4.315002041098388,11964.0,85.522,56.567,61177.0,71533.64046678047,64366.84420383058,50377.461354972984,0.2560485348037776,0.3711340206185567
22900,"Fort Smith, AR-OK",2,7,17420,"Cleveland, TN",2,4.413868785211763,12072.0,88.08,60.327,66135.0,75085.14986376022,61338.95322434151,47633.23115349682,0.27203319219128225,0.3251231527093596
22900,"Fort Smith, AR-OK",2,8,40580,"Rocky Mount, NC",2,4.4233010568353235,11040.0,88.012,56.103,59636.0,67758.94196245966,63586.16470998596,51042.42067508163,0.23718808245067868,0.37398373983739835
22900,"Fort Smith, AR-OK",2,9,15940,"Canton-Massillon, OH",4,4.444689088553028,10896.0,89.406,58.143,67801.0,75834.95514842404,63138.081042181606,50950.979505372,0.22437122305040677,0.3256997455470738
22900,"Fort Smith, AR-OK",2,10,36980,"Owensboro, KY",2,4.546291124515283,10884.0,88.61,55.698,68002.0,76743.03126058007,61968.56622802557,49685.52819620073,0.23782500534711193,0.36633663366336633
23060,"Fort Wayne, IN",4,1,21780,"Evansville, IN",4,2.4902283927384223,11832.0,91.528,66.735,68232.0,74547.67939865396,64327.87401552051,51400.68233647148,0.2355851644071024,0.3278236914600551
23060,"Fort Wayne, IN",4,2,15940,"Canton-Massillon, OH",4,2.60529971605181,10896.0,89.406,58.143,67801.0,75834.95514842404,63138.081042181606,50950.979505372,0.22437122305040677,0.3256997455470738
23060,"Fort Wayne, IN",4,3,40420,"Rockford, IL",4,2.880932872809368,12276.0,92.154,70.076,68033.0,73825.33585085835,66247.96407049483,52926.78430618726,0.23770536809852624,0.29080118694362017
23060,"Fort Wayne, IN",4,4,24580,"Green Bay, WI",4,2.9028380936622695,12120.0,93.086,74.696,79267.0,85154.5882302387,65835.59204587441,52815.37418282305,0.22732122905949836,0.3058252427184466
23060,"Fort Wayne, IN",4,5,43780,"South Bend-Mishawaka, IN-MI",4,2.942583426417381,12552.0,92.858,74.586,67217.0,72386.8702750436,64529.314989695355,51011.901304283216,0.24506448426998492,0.3015463917525773
23060,"Fort Wayne, IN",4,6,49180,"Winston-Salem, NC",4,3.02558655477056,12192.0,92.043,71.377,65975.0,71678.45463533347,63979.902085542344,50733.91922970323,0.24631398755916462,0.2692307692307692
23060,"Fort Wayne, IN",4,7,24660,"Greensboro-High Point, NC",4,3.0938187570168916,13116.0,92.865,74.519,65565.0,70602.48748182846,64513.973821422944,50390.245829176136,0.2594799531728843,0.278
23060,"Fort Wayne, IN",4,8,10420,"Akron, OH",4,3.27965541782395,12396.0,93.37,76.785,72371.0,77509.9068223198,65443.69046198477,52167.47754563048,0.23829894393732945,0.2775423728813559
23060,"Fort Wayne, IN",4,9,40220,"Roanoke, VA",4,3.3138729216247613,12516.0,93.618,78.531,68761.0,73448.482129505,62641.13272502912,49271.9088578241,0.25237181089584726,0.2727272727272727
23060,"Fort Wayne, IN",4,10,45780,"Toledo, OH",4,3.6753491907781237,11268.0,91.455,67.317,65486.0,71604.61429118145,66680.42277093793,54359.609256094576,0.21694709413389476,0.2801724137931034
23420,"Fresno, CA",5,1,12540,"Bakersfield-Delano, CA",5,4.636535573952701,15600.0,100.886,90.291,70210.0,69593.40245425531,69138.47716015762,53675.47932101245,0.26548481745322783,0.2683982683982684
23420,"Fresno, CA",5,2,33700,"Modesto, CA",5,4.814688844834155,19476.0,104.108,108.476,81468.0,78253.35228800861,67774.94121726394,49067.44515548194,0.3266800405031649,0.3374384236453202
23420,"Fresno, CA",5,3,32900,"Merced, CA",5,5.392991518484785,16116.0,98.275,78.63,65510.0,66659.88298142965,66030.75334158426,49631.87264964838,0.29416172248390293,0.3159851301115242
23420,"Fresno, CA",5,4,41420,"Salem, OR",5,5.84046212092401,16788.0,103.649,110.333,78900.0,76122.297369005,65913.51063560153,49716.53816119271,0.2875189685609681,0.313953488372093
23420,"Fresno, CA",5,5,49420,"Yakima, WA",5,6.1014598829939946,13308.0,95.545,72.628,70656.0,73950.49453137265,68255.84855832382,54327.33319906903,0.237783662979341,0.31864406779661014
23420,"Fresno, CA",5,6,10900,"Allentown-Bethlehem-Easton, PA-NJ",4,6.24521757834992,16380.0,99.968,105.52,84587.0,84614.07650448143,64048.92702919836,47663.683751349454,0.3001356390785087,0.25775193798449614
23420,"Fresno, CA",5,7,44060,"Spokane-Spokane Valley, WA",5,6.345238412036745,15168.0,100.346,97.059,77488.0,77220.81597672055,68263.22469141947,53147.52501230919,0.2529602704334384,0.30165289256198347
23420,"Fresno, CA",5,8,25260,"Hanford-Corcoran, CA",5,6.383744721238163,15972.0,101.612,93.497,70995.0,69868.71629335119,65091.98701065804,49373.371099151525,0.2896323690287874,0.3036649214659686
23420,"Fresno, CA",5,9,39300,"Providence-Warwick, RI-MA",4,6.493380215022188,15684.0,101.773,103.851,87040.0,85523.66541224097,68567.68550832792,53156.918408999016,0.26550380543656876,0.30124777183600715
23420,"Fresno, CA",5,10,47300,"Visalia, CA",5,6.558020769352287,15360.0,99.825,84.053,71300.0,71424.99373904332,65254.618116915866,49867.69099445155,0.2797930015027988,0.24362606232294617
23460,"Gadsden, AL",2,1,20020,"Dothan, AL",2,4.489107503380274,10920.0,83.833,46.872,57791.0,68935.86057996254,59876.342793150085,46850.446069902675,0.26989506182881967,0.4369747899159664
23460,"Gadsden, AL",2,2,25220,"Hammond, LA",2,5.220339511393497,12036.0,84.46,48.16,56760.0,67203.40989817666,60676.539670146114,46426.00687355601,0.2880153084231243,0.3870967741935484
23460,"Gadsden, AL",2,3,26300,"Hot Springs, AR",2,5.24546973979783,11592.0,85.73,57.281,57181.0,66698.93852793654,57035.43735789965,43513.916303426304,0.28264598801444357,0.4245810055865922
23460,"Gadsden, AL",2,4,25620,"Hattiesburg, MS",2,5.561558716939973,12168.0,87.633,60.059,60285.0,68792.57813837254,55486.33373612134,41601.15349580091,0.3000192571494962,0.35655737704918034
23460,"Gadsden, AL",2,5,22520,"Florence-Muscle Shoals, AL",2,5.651278379007233,10236.0,84.817,47.677,61891.0,72970.04138321328,60980.613091131,48912.27773383236,0.2468446353120323,0.4383561643835616
23460,"Gadsden, AL",2,6,21420,"Enid, OK",2,5.859458319364846,11028.0,84.269,51.389,66182.0,78536.59115451708,57901.412353855616,44814.749405440416,0.26729098824487724,0.4492753623188406
23460,"Gadsden, AL",2,7,27860,"Jonesboro, AR",2,5.8672767575412585,11148.0,85.876,53.848,56738.0,66069.68186687781,60278.60351726368,47297.09529610759,0.25100764913006907,0.3983402489626556
23460,"Gadsden, AL",2,8,46660,"Valdosta, GA",2,5.904460453713697,12300.0,88.271,58.758,57085.0,64670.163473847584,59038.44953295425,45104.08830446471,0.2825291611788849,0.35864978902953587
23460,"Gadsden, AL",2,9,24140,"Goldsboro, NC",2,5.969598984030451,11580.0,88.462,57.684,59733.0,67523.9085709118,60073.05161161477,46982.68512657035,0.26023030310527223,0.27835051546391754
23460,"Gadsden, AL",2,10,11500,"Anniston-Oxford, AL",2,6.023661065637779,9912.0,85.949,54.705,55029.0,64025.17772167215,59722.41737870192,48189.99698986668,0.23349610886231395,0.42408376963350786
23540,"Gainesville, FL",3,1,37860,"Pensacola-Ferry Pass-Brent, FL",3,4.6875511704601855,16248.0,97.717,98.77,75967.0,77741.84635222121,58562.87738004662,41935.26908261629,0.3324508354890374,0.3230769230769231
23540,"Gainesville, FL",3,2,31180,"Lubbock, TX",3,4.807171297269404,13908.0,91.317,76.357,63629.0,69679.24920880012,60446.15502547761,45215.69410363392,0.30262482152632064,0.2794871794871795
23540,"Gainesville, FL",3,3,28660,"Killeen-Temple, TX",2,5.28472552241476,14604.0,91.132,77.884,69923.0,76727.16499144098,62653.03964041871,46627.93320140717,0.308148462556426,0.30158730158730157
23540,"Gainesville, FL",3,4,46060,"Tucson, AZ",4,5.300267453897927,14544.0,96.896,91.765,70315.0,72567.49504623514,62973.76512906566,47963.857599343064,0.2787791107961612,0.25260960334029225
23540,"Gainesville, FL",3,5,11700,"Asheville, NC",3,5.301499928963265,15552.0,96.506,93.371,71838.0,74438.89499098502,61864.169371974436,45749.10916846377,0.3029191910352288,0.3237410071942446
23540,"Gainesville, FL",3,6,17900,"Columbia, SC",4,5.35572310526274,14316.0,93.662,79.455,68359.0,72984.77504217291,63684.94238174577,48400.195098963,0.28677960507808814,0.23391812865497075
23540,"Gainesville, FL",3,7,27140,"Jackson, MS",4,5.405504462336644,12864.0,89.048,64.768,61644.0,69225.58620070074,61146.49303705735,46700.35163017566,0.2819898425244015,0.29082774049217003
23540,"Gainesville, FL",3,8,22180,"Fayetteville, NC",4,5.47806559918275,14544.0,91.978,73.081,61763.0,67149.75320185263,64370.78897748841,48558.31208083921,0.29508008359611204,0.3083832335329341
23540,"Gainesville, FL",3,9,30780,"Little Rock-North Little Rock-Conway, AR",4,5.504403845822999,12660.0,89.364,68.295,67154.0,75146.59146860032,60718.25578171768,46551.47721316659,0.2692428810447293,0.29292929292929293
23540,"Gainesville, FL",3,10,17980,"Columbus, GA-AL",2,5.5148988799903105,12828.0,89.296,61.185,59336.0,66448.66511377889,62088.856915922086,47723.15184514624,0.2837119690139352,0.28152492668621704
23580,"Gainesville, GA",3,1,29540,"Lancaster, PA",3,5.433504318425045,16284.0,98.257,93.815,86959.0,88501.58258444691,61217.05816689836,44644.1931292929,0.3136956554666581,0.31685393258426964
23580,"Gainesville, GA",3,2,42340,"Savannah, GA",3,5.475293181889989,17448.0,95.206,86.012,77180.0,81066.31934962083,62240.72121680006,43914.14516066914,0.3525628748734045,0.26153846153846155
23580,"Gainesville, GA",3,3,29460,"Lakeland-Winter Haven, FL",3,5.541639359462221,16356.0,97.141,95.942,65978.0,67919.82787906239,58716.23195532363,41878.851240692326,0.33371656755950563,0.24768518518518517
23580,"Gainesville, GA",3,4,30860,"Logan, UT-ID",3,5.638347994748741,14412.0,95.927,90.959,81126.0,84570.55886246833,58634.29237551348,43610.36793296863,0.3017569074435835,0.34901960784313724
23580,"Gainesville, GA",3,5,16860,"Chattanooga, TN-GA",4,5.677814690678025,13956.0,91.464,76.55,72161.0,78895.52173532757,62800.371904345215,47541.90955850423,0.286937745330927,0.2907488986784141
23580,"Gainesville, GA",3,6,49620,"York-Hanover, PA",4,5.745887168513597,14316.0,96.0,79.762,84829.0,88363.54166666667,63750.44718013469,48837.94718013469,0.27805188096679934,0.2964824120603015
23580,"Gainesville, GA",3,7,29200,"Lafayette-West Lafayette, IN",4,5.835021353128902,13284.0,93.43,76.442,62011.0,66371.61511291875,63154.16176103321,48936.03053979806,0.2642391809024139,0.26143790849673204
23580,"Gainesville, GA",3,8,43900,"Spartanburg, SC",4,5.844481901101739,12684.0,91.051,68.007,64382.0,70709.8219679081,65350.0431802967,51419.38893157896,0.25919614848189526,0.27011494252873564
23580,"Gainesville, GA",3,9,17300,"Clarksville, TN-KY",2,6.056192905910698,14484.0,90.947,73.801,68967.0,75832.07802346422,62072.269197078145,46146.51023856385,0.3053920742170733,0.33663366336633666
23580,"Gainesville, GA",3,10,15500,"Burlington, NC",2,6.079925810179071,12768.0,93.196,77.88,65651.0,70444.01047255247,60993.965130447534,47293.8063253486,0.271091232246963,0.2661290322580645
23900,"Gettysburg, PA",2,1,46300,"Twin Falls, ID",2,4.189855048559054,12852.0,92.108,73.833,68810.0,74705.78017110348,59987.28474757254,46034.099356509876,0.27227558436631183,0.4236453201970443
23900,"Gettysburg, PA",2,2,33140,"Michigan City-La Porte, IN",2,4.428423997955172,11712.0,91.682,68.451,71055.0,77501.58155363103,60308.200852819915,47533.61042067401,0.24751796376976304,0.34759358288770054
23900,"Gettysburg, PA",2,3,30140,"Lebanon, PA",2,4.7314646315416296,13320.0,93.214,66.039,78425.0,84134.35749994636,62203.51361122803,47913.814638970645,0.2692273627288504,0.35023041474654376
23900,"Gettysburg, PA",2,4,44420,"Staunton-Stuarts Draft, VA",2,4.875500109555749,12816.0,91.128,68.232,73544.0,80704.0646124133,64357.79601245547,50294.061485197104,0.2596089907875784,0.3611111111111111
23900,"Gettysburg, PA",2,5,25500,"Harrisonburg, VA",2,4.9637503736461674,14076.0,94.892,82.272,75065.0,79105.72018716014,62081.14373235451,47247.438045889896,0.2815344368859989,0.36329588014981273
23900,"Gettysburg, PA",2,6,36980,"Owensboro, KY",2,5.028762296121685,10884.0,88.61,55.698,68002.0,76743.03126058007,61968.56622802557,49685.52819620073,0.23782500534711193,0.36633663366336633
23900,"Gettysburg, PA",2,7,12220,"Auburn-Opelika, AL",2,5.0846311216913636,12312.0,87.933,62.078,63649.0,72383.51927035356,62628.00710071414,48626.437724029616,0.27210367255887064,0.3426294820717131
23900,"Gettysburg, PA",2,8,46660,"Valdosta, GA",2,5.142272837084557,12300.0,88.271,58.758,57085.0,64670.163473847584,59038.44953295425,45104.08830446471,0.2825291611788849,0.35864978902953587
23900,"Gettysburg, PA",2,9,17420,"Cleveland, TN",2,5.247542610059343,12072.0,88.08,60.327,66135.0,75085.14986376022,61338.95322434151,47633.23115349682,0.27203319219128225,0.3251231527093596
23900,"Gettysburg, PA",2,10,17300,"Clarksville, TN-KY",2,5.2819561869420575,14484.0,90.947,73.801,68967.0,75832.07802346422,62072.269197078145,46146.51023856385,0.3053920742170733,0.33663366336633666
24020,"Glens Falls, NY",2,1,21300,"Elmira, NY",2,4.343496100690884,12708.0,94.398,76.357,63716.0,67497.19273713426,65592.10108153496,52129.951459720935,0.2460515704401425,0.4105263157894737
24020,"Glens Falls, NY",2,2,13740,"Billings, MT",4,4.6228393683228255,13404.0,93.526,77.364,77194.0,82537.476209824,65507.996490445395,51176.152938919615,0.2575829546765246,0.4252199413489736
24020,"Glens Falls, NY",2,3,31340,"Lynchburg, VA",4,4.72253529153622,11892.0,89.363,63.912,68996.0,77208.6881595291,66726.68393557685,53419.16292576295,0.23931646222428965,0.3181818181818182
24020,"Glens Falls, NY",2,4,45900,"Traverse City, MI",2,4.738207302509132,14700.0,93.372,78.146,80889.0,86630.8957717517,63845.01731270337,48101.539610608525,0.28270572947977574,0.3971119133574007
24020,"Glens Falls, NY",2,5,12620,"Bangor, ME",2,4.839047327927346,12492.0,96.508,77.688,66356.0,68756.99423881958,63285.9248892909,50341.9202471887,0.23516302037792222,0.4
24020,"Glens Falls, NY",2,6,36980,"Owensboro, KY",2,4.91810758889345,10884.0,88.61,55.698,68002.0,76743.03126058007,61968.56622802557,49685.52819620073,0.23782500534711193,0.36633663366336633
24020,"Glens Falls, NY",2,7,39380,"Pueblo, CO",2,4.945718272112097,13332.0,91.762,71.285,64010.0,69756.54410322355,65412.420195636885,50883.53024118951,0.2554319191910117,0.39763779527559057
24020,"Glens Falls, NY",2,8,43780,"South Bend-Mishawaka, IN-MI",4,4.964014707107112,12552.0,92.858,74.586,67217.0,72386.8702750436,64529.314989695355,51011.901304283216,0.24506448426998492,0.3015463917525773
24020,"Glens Falls, NY",2,9,48060,"Watertown-Fort Drum, NY",2,5.030233042609325,14556.0,87.69,53.185,66301.0,75608.3932033299,70249.36328733797,53649.979093017064,0.27582096910209875,0.44559585492227977
24020,"Glens Falls, NY",2,10,41540,"Salisbury, MD",2,5.05257358088992,15288.0,95.617,87.212,73802.0,77185.01940031584,64197.91982597236,48209.13122143551,0.2976588692551509,0.3983402489626556
24140,"Goldsboro, NC",2,1,46660,"Valdosta, GA",2,3.031037902654916,12300.0,88.271,58.758,57085.0,64670.163473847584,59038.44953295425,45104.08830446471,0.2825291611788849,0.35864978902953587
24140,"Goldsboro, NC",2,2,33140,"Michigan City-La Porte, IN",2,3.6736259918059915,11712.0,91.682,68.451,71055.0,77501.58155363103,60308.200852819915,47533.61042067401,0.24751796376976304,0.34759358288770054
24140,"Goldsboro, NC",2,3,25220,"Hammond, LA",2,3.828174173886588,12036.0,84.46,48.16,56760.0,67203.40989817666,60676.539670146114,46426.00687355601,0.2880153084231243,0.3870967741935484
24140,"Goldsboro, NC",2,4,36980,"Owensboro, KY",2,3.972863941044354,10884.0,88.61,55.698,68002.0,76743.03126058007,61968.56622802557,49685.52819620073,0.23782500534711193,0.36633663366336633
24140,"Goldsboro, NC",2,5,40580,"Rocky Mount, NC",2,3.990189945797889,11040.0,88.012,56.103,59636.0,67758.94196245966,63586.16470998596,51042.42067508163,0.23718808245067868,0.37398373983739835
24140,"Goldsboro, NC",2,6,15500,"Burlington, NC",2,3.9963994305220996,12768.0,93.196,77.88,65651.0,70444.01047255247,60993.965130447534,47293.8063253486,0.271091232246963,0.2661290322580645
24140,"Goldsboro, NC",2,7,44420,"Staunton-Stuarts Draft, VA",2,4.291049966274099,12816.0,91.128,68.232,73544.0,80704.0646124133,64357.79601245547,50294.061485197104,0.2596089907875784,0.3611111111111111
24140,"Goldsboro, NC",2,8,14540,"Bowling Green, KY",2,4.312519303978061,11700.0,90.179,63.395,63328.0,70224.77516938532,60885.41767580124,47911.2219096029,0.2515916322732563,0.32967032967032966
24140,"Goldsboro, NC",2,9,12220,"Auburn-Opelika, AL",2,4.362355537635545,12312.0,87.933,62.078,63649.0,72383.51927035356,62628.00710071414,48626.437724029616,0.27210367255887064,0.3426294820717131
24140,"Goldsboro, NC",2,10,40660,"Rome, GA",2,4.405326300644863,12168.0,90.161,60.276,65565.0,72719.91215714111,60486.93796730683,46991.080556674744,0.26570970700495744,0.3622448979591837
24220,"Grand Forks, ND-MN",4,1,41060,"St. Cloud, MN",4,3.516241615384325,12504.0,87.632,65.057,76497.0,87293.45444586451,74021.877683782,59753.11741356108,0.2236348658352055,0.3261538461538461
24220,"Grand Forks, ND-MN",4,2,20260,"Duluth, MN-WI",4,3.6907311173880455,11880.0,88.768,71.147,71769.0,80850.08111031001,71442.29151646238,58059.090362893534,0.21684599659232784,0.3562005277044855
24220,"Grand Forks, ND-MN",4,3,31860,"Mankato, MN",4,4.042251675587713,12828.0,90.955,79.884,75808.0,83346.7099114947,71152.64168644015,57048.96404364976,0.23238643102177742,0.32051282051282054
24220,"Grand Forks, ND-MN",4,4,47940,"Waterloo-Cedar Falls, IA",4,4.20802919512791,11724.0,87.057,63.13,70811.0,81338.66317470162,68655.5861916745,55188.54735505022,0.23019771670532055,0.3227848101265823
24220,"Grand Forks, ND-MN",4,5,22020,"Fargo, ND-MN",4,4.33871110747236,11604.0,90.871,81.142,76756.0,84466.99166950952,70028.45303293191,57258.702507461734,0.2124077502340074,0.3530864197530864
24220,"Grand Forks, ND-MN",4,6,13900,"Bismarck, ND",4,4.447688836722989,12252.0,91.024,84.013,85156.0,93553.3485674108,70374.38485583403,56914.198531348185,0.22044076465903792,0.4201388888888889
24220,"Grand Forks, ND-MN",4,7,16300,"Cedar Rapids, IA",4,4.701040274402749,11136.0,88.963,71.447,78080.0,87766.82441014805,67989.84945273602,55472.285971288664,0.21432513824084137,0.3076923076923077
24220,"Grand Forks, ND-MN",4,8,33500,"Minot, ND",2,5.065815316949813,12468.0,87.028,63.234,78200.0,89856.13825435491,69805.0450895377,55478.62140980245,0.23432690166054504,0.42483660130718953
24220,"Grand Forks, ND-MN",4,9,24260,"Grand Island, NE",2,5.112650724483523,11148.0,86.657,61.748,69704.0,80436.66408945614,67028.90487235664,54164.39306142389,0.2245023188835738,0.3526315789473684
24220,"Grand Forks, ND-MN",4,10,19340,"Davenport-Moline-Rock Island, IA-IL",4,5.1983276766929265,11292.0,89.079,68.346,72738.0,81655.60906610986,68382.6994289967,55706.31105463237,0.21823192377203676,0.26218097447795824
24260,"Grand Island, NE",2,1,41140,"St. Joseph, MO-KS",2,3.4603915438038912,10740.0,86.382,55.359,65005.0,75252.94621564678,66964.4952308007,54531.34943653802,0.22018524048956223,0.33183856502242154
24260,"Grand Island, NE",2,2,27900,"Joplin, MO-KS",2,3.72040864027101,11136.0,85.718,53.976,61901.0,72214.70402949204,65535.97466175526,52544.537624026896,0.23239779092365825,0.31690140845070425
24260,"Grand Island, NE",2,3,36980,"Owensboro, KY",2,4.059544112469293,10884.0,88.61,55.698,68002.0,76743.03126058007,61968.56622802557,49685.52819620073,0.23782500534711193,0.36633663366336633
24260,"Grand Island, NE",2,4,37140,"Paducah, KY-IL",2,4.0750761440868075,10488.0,86.084,48.794,64160.0,74531.8526090795,65233.921968954855,53050.47324445321,0.2219871318089273,0.36363636363636365
24260,"Grand Island, NE",2,5,30620,"Lima, OH",2,4.40976622957088,11064.0,89.669,57.275,64038.0,71415.9854576275,64678.78328276013,52340.07090724574,0.22672824193499586,0.34545454545454546
24260,"Grand Island, NE",2,6,47940,"Waterloo-Cedar Falls, IA",4,4.5227913612611435,11724.0,87.057,63.13,70811.0,81338.66317470162,68655.5861916745,55188.54735505022,0.23019771670532055,0.3227848101265823
24260,"Grand Island, NE",2,7,43580,"Sioux City, IA-NE-SD",4,4.524987078567146,12024.0,86.454,57.849,75192.0,86973.41939065862,68073.12295123762,54165.14876843521,0.24084804678289062,0.2916666666666667
24260,"Grand Island, NE",2,8,45500,"Texarkana, TX-AR",2,4.547063617718552,11400.0,84.012,49.885,55646.0,66235.77584154645,62572.92591513569,49003.43584228894,0.25881687835164313,0.3648068669527897
24260,"Grand Island, NE",2,9,33780,"Monroe, MI",2,4.662992636044518,12708.0,93.492,74.641,77335.0,82718.30744876566,66457.0452288844,52864.43837482201,0.24608840979640453,0.34183673469387754
24260,"Grand Island, NE",2,10,27180,"Jackson, TN",2,4.697297117640893,11964.0,85.522,56.567,61177.0,71533.64046678047,64366.84420383058,50377.461354972984,0.2560485348037776,0.3711340206185567
24300,"Grand Junction, CO",2,1,45900,"Traverse City, MI",2,3.5831658697261517,14700.0,93.372,78.146,80889.0,86630.8957717517,63845.01731270337,48101.539610608525,0.28270572947977574,0.3971119133574007
24300,"Grand Junction, CO",2,2,13740,"Billings, MT",4,3.8809177986352963,13404.0,93.526,77.364,77194.0,82537.476209824,65507.996490445395,51176.152938919615,0.2575829546765246,0.4252199413489736
24300,"Grand Junction, CO",2,3,24500,"Great Falls, MT",2,3.996842279726165,11268.0,96.845,97.115,67690.0,69895.19335019877,58202.4368836801,46567.34988899788,0.23183230705586225,0.46534653465346537
24300,"Grand Junction, CO",2,4,39380,"Pueblo, CO",2,4.271734962086511,13332.0,91.762,71.285,64010.0,69756.54410322355,65412.420195636885,50883.53024118951,0.2554319191910117,0.39763779527559057
24300,"Grand Junction, CO",2,5,39660,"Rapid City, SD",2,4.498809500052108,13680.0,89.16,72.552,75255.0,84404.44145356663,63780.95558546434,48437.75235531629,0.2789638201012201,0.46283783783783783
24300,"Grand Junction, CO",2,6,12620,"Bangor, ME",2,4.506696276058697,12492.0,96.508,77.688,66356.0,68756.99423881958,63285.9248892909,50341.9202471887,0.23516302037792222,0.4
24300,"Grand Junction, CO",2,7,20100,"Dover, DE",3,4.729880214703885,16248.0,97.507,95.899,74477.0,76381.18288943358,63119.146253602295,46455.727217020314,0.3177849740883776,0.36328125
24300,"Grand Junction, CO",2,8,21780,"Evansville, IN",4,4.874850491001647,11832.0,91.528,66.735,68232.0,74547.67939865396,64327.87401552051,51400.68233647148,0.2355851644071024,0.3278236914600551
24300,"Grand Junction, CO",2,9,31340,"Lynchburg, VA",4,4.914991989992396,11892.0,89.363,63.912,68996.0,77208.6881595291,66726.68393557685,53419.16292576295,0.23931646222428965,0.3181818181818182
24300,"Grand Junction, CO",2,10,11700,"Asheville, NC",3,4.968840218142081,15552.0,96.506,93.371,71838.0,74438.89499098502,61864.169371974436,45749.10916846377,0.3029191910352288,0.3237410071942446
24340,"Grand Rapids-Wyoming-Kentwood, MI",4,1,24860,"Greenville-Anderson-Greer, SC",4,3.5641515822095715,13800.0,93.26,76.836,71240.0,76388.59103581385,64467.9390950032,49670.598327257125,0.27513359975790086,0.2655038759689923
24340,"Grand Rapids-Wyoming-Kentwood, MI",4,2,17140,"Cincinnati, OH-KY-IN",4,3.8094648310412884,13260.0,95.37,87.608,81120.0,85058.19440075495,67151.80475042066,53248.06143491264,0.24356120073391233,0.215311004784689
24340,"Grand Rapids-Wyoming-Kentwood, MI",4,3,10420,"Akron, OH",4,3.8219844749463254,12396.0,93.37,76.785,72371.0,77509.9068223198,65443.69046198477,52167.47754563048,0.23829894393732945,0.2775423728813559
24340,"Grand Rapids-Wyoming-Kentwood, MI",4,4,23060,"Fort Wayne, IN",4,3.8702541316119876,12036.0,92.572,72.277,71213.0,76927.14859784815,63424.868905130206,50423.097311127705,0.23763223462009603,0.3185840707964602
24340,"Grand Rapids-Wyoming-Kentwood, MI",4,5,31140,"Louisville/Jefferson County, KY-IN",4,3.8913325088159105,13392.0,93.074,78.558,73863.0,79359.43442851923,65402.935966981255,51014.384921576515,0.2548875194337051,0.21847246891651864
24340,"Grand Rapids-Wyoming-Kentwood, MI",4,6,28940,"Knoxville, TN",4,4.103476223106144,13740.0,92.569,82.783,72422.0,78235.69445494712,64160.4664692093,49317.48447739778,0.27624760022122646,0.29259259259259257
24340,"Grand Rapids-Wyoming-Kentwood, MI",4,7,24660,"Greensboro-High Point, NC",4,4.116236239472005,13116.0,92.865,74.519,65565.0,70602.48748182846,64513.973821422944,50390.245829176136,0.2594799531728843,0.278
24340,"Grand Rapids-Wyoming-Kentwood, MI",4,8,26900,"Indianapolis-Carmel-Greenwood, IN",4,4.127478201673046,14292.0,95.696,88.917,79852.0,83443.40411302458,67102.48315808205,52167.689645291546,0.26071779381385785,0.23014586709886548
24340,"Grand Rapids-Wyoming-Kentwood, MI",4,9,16860,"Chattanooga, TN-GA",4,4.24648264358784,13956.0,91.464,76.55,72161.0,78895.52173532757,62800.371904345215,47541.90955850423,0.286937745330927,0.2907488986784141
24340,"Grand Rapids-Wyoming-Kentwood, MI",4,10,39740,"Reading, PA",4,4.250093197309547,14172.0,97.06,85.419,79777.0,82193.48856377498,63929.24829493275,49327.970734660754,0.26702749400029324,0.2684729064039409
24420,"Grants Pass, OR",5,1,17020,"Chico, CA",5,6.679912927472279,16968.0,101.197,91.946,67928.0,67124.51950156625,65453.20301229185,48685.907539105894,0.3055986042244876,0.37666666666666665
24420,"Grants Pass, OR",5,2,39820,"Redding, CA",5,7.576842840289349,15804.0,100.684,89.366,72636.0,72142.544992253,67386.68598933466,51690.050972847435,0.2778129955394769,0.38095238095238093
24420,"Grants Pass, OR",5,3,15180,"Brownsville-Harlingen, TX",2,8.167211090738972,10944.0,85.975,57.72,52601.0,61181.73887758069,60198.16536296302,47468.88359500721,0.2626049659909691,0.2302839116719243
24420,"Grants Pass, OR",5,4,49700,"Yuba City, CA",5,8.291779242965587,16632.0,104.233,108.279,78179.0,75004.07740350945,64324.98984646577,48368.430983149934,0.2964625706140576,0.3672566371681416
24420,"Grants Pass, OR",5,5,21500,"Erie, PA",4,8.555432889148648,10848.0,90.95,56.83,63354.0,69658.0538757559,63101.11761660605,51173.68496130094,0.22484026575282168,0.2936046511627907
24420,"Grants Pass, OR",5,6,32780,"Medford, OR",5,8.659728298433802,16296.0,101.433,97.658,73999.0,72953.57526643202,62144.5270666695,46078.74965695077,0.29616088827104076,0.35174418604651164
24420,"Grants Pass, OR",5,7,29740,"Las Cruces, NM",2,9.008562866025981,11208.0,90.212,62.982,56848.0,63016.00673967986,65154.128170601645,52730.060419083,0.23121993369223592,0.28679245283018867
24420,"Grants Pass, OR",5,8,10540,"Albany, OR",5,9.026422783573413,15840.0,102.1,101.059,76329.0,74759.05974534771,60992.29977993517,45478.0980169577,0.2931012230689965,0.39166666666666666
24420,"Grants Pass, OR",5,9,38540,"Pocatello, ID",2,9.150424339414535,11520.0,88.906,66.396,66499.0,74796.97658200796,62063.57907681719,49106.07339666061,0.24592540601312957,0.3468208092485549
24420,"Grants Pass, OR",5,10,30340,"Lewiston-Auburn, ME",2,9.178238723328349,12120.0,94.736,69.003,67873.0,71644.35906096942,64837.4800988468,52044.03304598411,0.22949447020117886,0.3872340425531915
24500,"Great Falls, MT",2,1,13020,"Bay City, MI",2,3.9772773232021126,10320.0,91.921,66.684,61763.0,67191.39260887065,61011.13368968465,49784.10178185074,0.22095670556041994,0.45
24500,"Great Falls, MT",2,2,24300,"Grand Junction, CO",2,3.996842279726165,14184.0,95.476,86.367,73658.0,77148.18383677573,62686.99538552695,47830.90589706912,0.27235353663590656,0.42402826855123676
24500,"Great Falls, MT",2,3,12620,"Bangor, ME",2,4.502485423948677,12492.0,96.508,77.688,66356.0,68756.99423881958,63285.9248892909,50341.9202471887,0.23516302037792222,0.4
24500,"Great Falls, MT",2,4,36980,"Owensboro, KY",2,4.940367613571854,10884.0,88.61,55.698,68002.0,76743.03126058007,61968.56622802557,49685.52819620073,0.23782500534711193,0.36633663366336633
24500,"Great Falls, MT",2,5,45900,"Traverse City, MI",2,5.037752613692941,14700.0,93.372,78.146,80889.0,86630.8957717517,63845.01731270337,48101.539610608525,0.28270572947977574,0.3971119133574007
24500,"Great Falls, MT",2,6,39380,"Pueblo, CO",2,5.057500322941932,13332.0,91.762,71.285,64010.0,69756.54410322355,65412.420195636885,50883.53024118951,0.2554319191910117,0.39763779527559057
24500,"Great Falls, MT",2,7,38540,"Pocatello, ID",2,5.060296968806606,11520.0,88.906,66.396,66499.0,74796.97658200796,62063.57907681719,49106.07339666061,0.24592540601312957,0.3468208092485549
24500,"Great Falls, MT",2,8,46660,"Valdosta, GA",2,5.215002794704911,12300.0,88.271,58.758,57085.0,64670.163473847584,59038.44953295425,45104.08830446471,0.2825291611788849,0.35864978902953587
24500,"Great Falls, MT",2,9,34620,"Muncie, IN",2,5.241017416888664,10872.0,88.148,57.474,58127.0,65942.50578572402,64374.798166014705,52040.99592433027,0.23166642453710123,0.375609756097561
24500,"Great Falls, MT",2,10,30300,"Lewiston, ID-WA",2,5.296407788803204,12288.0,91.16,71.925,72475.0,79503.07152259763,63079.71045665597,49600.114142483086,0.24642421751260365,0.32679738562091504
24540,"Greeley, CO",3,1,13380,"Bellingham, WA",5,5.182068634428657,18660.0,103.334,112.946,81784.0,79145.29583680104,68420.25426497441,50362.3062517358,0.3076581318562428,0.35135135135135137
24540,"Greeley, CO",3,2,39900,"Reno, NV",3,5.4761878765135,19104.0,101.014,123.478,87485.0,86606.80697725067,63229.712016809666,44317.4820288872,0.34879671340643237,0.30364372469635625
24540,"Greeley, CO",3,3,36260,"Ogden, UT",3,5.826237433560024,18000.0,100.349,117.903,101203.0,100851.02990562936,60199.226363012785,42261.82788370556,0.3500046634875995,0.3028953229398664
24540,"Greeley, CO",3,4,29540,"Lancaster, PA",3,5.850932332433811,16284.0,98.257,93.815,86959.0,88501.58258444691,61217.05816689836,44644.1931292929,0.3136956554666581,0.31685393258426964
24540,"Greeley, CO",3,5,14260,"Boise City, ID",3,5.948091092999896,17844.0,98.391,105.58,85987.0,87393.15587807828,62582.30278719957,44446.497683074194,0.33615988563011345,0.2851153039832285
24540,"Greeley, CO",3,6,47260,"Virginia Beach-Chesapeake-Norfolk, VA-NC",1,5.968744757619268,17736.0,97.941,99.805,82330.0,84060.8121215834,65890.17057801326,47781.30912060523,0.3266761783574887,0.2770034843205575
24540,"Greeley, CO",3,7,34580,"Mount Vernon-Anacortes, WA",5,6.047592320451755,18432.0,102.443,108.165,89263.0,87134.30883515712,70483.64866543798,52491.204086501406,0.2974167363049318,0.4555984555984556
24540,"Greeley, CO",3,8,38860,"Portland-South Portland, ME",1,6.13489273014835,17820.0,101.858,105.164,92175.0,90493.62838461387,65501.915349666735,48006.971408101024,0.3058479428735404,0.3081761006289308
24540,"Greeley, CO",3,9,13460,"Bend, OR",3,6.15616958334833,20364.0,103.607,109.958,89788.0,86662.09812078334,63998.86696921613,44343.824356265264,0.35544100910429943,0.3914209115281501
24540,"Greeley, CO",3,10,14740,"Bremerton-Silverdale-Port Orchard, WA",1,6.306481009676084,21864.0,105.607,129.641,104158.0,98627.93186057742,71699.63375038122,50996.46066526376,0.33808389781191417,0.3712374581939799
24580,"Green Bay, WI",4,1,11540,"Appleton, WI",4,2.575078460488048,12720.0,92.419,70.785,85825.0,92865.10349603437,66810.4702638197,53047.066634695824,0.24012503997365162,0.33429394812680113
24580,"Green Bay, WI",4,2,23060,"Fort Wayne, IN",4,2.9028380936622695,12036.0,92.572,72.277,71213.0,76927.14859784815,63424.868905130206,50423.097311127705,0.23763223462009603,0.3185840707964602
24580,"Green Bay, WI",4,3,20740,"Eau Claire, WI",4,2.9152677391377986,12396.0,92.796,72.85,74595.0,80386.00801758695,65810.39035741365,52452.05594644766,0.23801879735332193,0.31715210355987056
24580,"Green Bay, WI",4,4,36780,"Oshkosh-Neenah, WI",4,3.131537394940034,11580.0,92.929,74.442,74925.0,80626.06936478386,68307.04823702751,55845.92200086871,0.21430529948188135,0.32450331125827814
24580,"Green Bay, WI",4,5,29100,"La Crosse-Onalaska, WI-MN",4,3.1409592388281053,12324.0,91.769,69.386,73340.0,79918.05511665158,67956.63342042305,54527.26184614416,0.23195177286284113,0.3104575163398693
24580,"Green Bay, WI",4,6,10420,"Akron, OH",4,3.309587847901976,12396.0,93.37,76.785,72371.0,77509.9068223198,65443.69046198477,52167.47754563048,0.23829894393732945,0.2775423728813559
24580,"Green Bay, WI",4,7,21780,"Evansville, IN",4,3.397857759086357,11832.0,91.528,66.735,68232.0,74547.67939865396,64327.87401552051,51400.68233647148,0.2355851644071024,0.3278236914600551
24580,"Green Bay, WI",4,8,48140,"Wausau, WI",4,3.573365976935155,11988.0,92.651,71.464,77884.0,84061.6938834983,66115.57611276988,53176.697957110475,0.23153445639447356,0.29545454545454547
24580,"Green Bay, WI",4,9,28020,"Kalamazoo-Portage, MI",4,3.611759494139875,13116.0,94.84,81.59,72532.0,76478.27920708562,66113.98144242936,52284.37368199071,0.24899406391349468,0.3254437869822485
24580,"Green Bay, WI",4,10,45780,"Toledo, OH",4,3.74266816397302,11268.0,91.455,67.317,65486.0,71604.61429118145,66680.42277093793,54359.609256094576,0.21694709413389476,0.2801724137931034
24660,"Greensboro-High Point, NC",4,1,24860,"Greenville-Anderson-Greer, SC",4,2.6105496358660454,13800.0,93.26,76.836,71240.0,76388.59103581385,64467.9390950032,49670.598327257125,0.27513359975790086,0.2655038759689923
24660,"Greensboro-High Point, NC",4,2,49180,"Winston-Salem, NC",4,2.9051321247044455,12192.0,92.043,71.377,65975.0,71678.45463533347,63979.902085542344,50733.91922970323,0.24631398755916462,0.2692307692307692
24660,"Greensboro-High Point, NC",4,3,23060,"Fort Wayne, IN",4,3.0938187570168916,12036.0,92.572,72.277,71213.0,76927.14859784815,63424.868905130206,50423.097311127705,0.23763223462009603,0.3185840707964602
24660,"Greensboro-High Point, NC",4,4,46140,"Tulsa, OK",4,3.2141201987422474,12936.0,89.214,68.235,69359.0,77744.52440199968,65785.36914696037,51285.40277396959,0.2634387283725328,0.2770137524557957
24660,"Greensboro-High Point, NC",4,5,28940,"Knoxville, TN",4,3.230641392283259,13740.0,92.569,82.783,72422.0,78235.69445494712,64160.4664692093,49317.48447739778,0.27624760022122646,0.29259259259259257
24660,"Greensboro-High Point, NC",4,6,31140,"Louisville/Jefferson County, KY-IN",4,3.2626393124296933,13392.0,93.074,78.558,73863.0,79359.43442851923,65402.935966981255,51014.384921576515,0.2548875194337051,0.21847246891651864
24660,"Greensboro-High Point, NC",4,7,16860,"Chattanooga, TN-GA",4,3.3199961744832924,13956.0,91.464,76.55,72161.0,78895.52173532757,62800.371904345215,47541.90955850423,0.286937745330927,0.2907488986784141
24660,"Greensboro-High Point, NC",4,8,10420,"Akron, OH",4,3.342336472343567,12396.0,93.37,76.785,72371.0,77509.9068223198,65443.69046198477,52167.47754563048,0.23829894393732945,0.2775423728813559
24660,"Greensboro-High Point, NC",4,9,39740,"Reading, PA",4,3.476162817535775,14172.0,97.06,85.419,79777.0,82193.48856377498,63929.24829493275,49327.970734660754,0.26702749400029324,0.2684729064039409
24660,"Greensboro-High Point, NC",4,10,43780,"South Bend-Mishawaka, IN-MI",4,3.570624713627196,12552.0,92.858,74.586,67217.0,72386.8702750436,64529.314989695355,51011.901304283216,0.24506448426998492,0.3015463917525773
24780,"Greenville, NC",4,1,34060,"Morgantown, WV",2,3.68534514675363,11604.0,93.323,69.126,64640.0,69264.81146126892,63238.77726891756,50804.54347874793,0.24081274226244528,0.3486590038314176
24780,"Greenville, NC",4,2,22420,"Flint, MI",4,4.149755569715287,11868.0,93.034,74.039,62281.0,66944.34292839176,65006.57327924778,52249.94666962119,0.23458804632094313,0.32621951219512196
24780,"Greenville, NC",4,3,26580,"Huntington-Ashland, WV-KY-OH",2,4.341116393798639,10608.0,88.422,51.257,60078.0,67944.62916468752,61336.21257419301,49339.19825648927,0.23270316864726165,0.3569553805774278
24780,"Greenville, NC",4,4,49180,"Winston-Salem, NC",4,4.466330410695107,12192.0,92.043,71.377,65975.0,71678.45463533347,63979.902085542344,50733.91922970323,0.24631398755916462,0.2692307692307692
24780,"Greenville, NC",4,5,17860,"Columbia, MO",4,4.531921835764602,12840.0,89.438,69.248,72340.0,80882.84621749145,66558.14857563554,52201.83470457402,0.25362735798030933,0.309375
24780,"Greenville, NC",4,6,21780,"Evansville, IN",4,4.541023278549735,11832.0,91.528,66.735,68232.0,74547.67939865396,64327.87401552051,51400.68233647148,0.2355851644071024,0.3278236914600551
24780,"Greenville, NC",4,7,29100,"La Crosse-Onalaska, WI-MN",4,4.5951803806539235,12324.0,91.769,69.386,73340.0,79918.05511665158,67956.63342042305,54527.26184614416,0.23195177286284113,0.3104575163398693
24780,"Greenville, NC",4,8,31340,"Lynchburg, VA",4,4.61712257671988,11892.0,89.363,63.912,68996.0,77208.6881595291,66726.68393557685,53419.16292576295,0.23931646222428965,0.3181818181818182
24780,"Greenville, NC",4,9,22180,"Fayetteville, NC",4,4.672431240671947,14544.0,91.978,73.081,61763.0,67149.75320185263,64370.78897748841,48558.31208083921,0.29508008359611204,0.3083832335329341
24780,"Greenville, NC",4,10,43780,"South Bend-Mishawaka, IN-MI",4,4.682038701357199,12552.0,92.858,74.586,67217.0,72386.8702750436,64529.314989695355,51011.901304283216,0.24506448426998492,0.3015463917525773
24860,"Greenville-Anderson-Greer, SC",4,1,28940,"Knoxville, TN",4,2.497590465975935,13740.0,92.569,82.783,72422.0,78235.69445494712,64160.4664692093,49317.48447739778,0.27624760022122646,0.29259259259259257
24860,"Greenville-Anderson-Greer, SC",4,2,24660,"Greensboro-High Point, NC",4,2.6105496358660454,13116.0,92.865,74.519,65565.0,70602.48748182846,64513.973821422944,50390.245829176136,0.2594799531728843,0.278
24860,"Greenville-Anderson-Greer, SC",4,3,49180,"Winston-Salem, NC",4,2.9693411790517734,12192.0,92.043,71.377,65975.0,71678.45463533347,63979.902085542344,50733.91922970323,0.24631398755916462,0.2692307692307692
24860,"Greenville-Anderson-Greer, SC",4,4,12260,"Augusta-Richmond County, GA-SC",4,3.062542722864332,13440.0,91.903,70.603,69344.0,75453.46724263625,65140.91119212998,50516.79663656596,0.2768530164375221,0.271264367816092
24860,"Greenville-Anderson-Greer, SC",4,5,13820,"Birmingham, AL",4,3.074878027689662,14064.0,91.644,71.851,71498.0,78017.10968530399,65723.20893893762,50376.868753000745,0.2824240211735994,0.31392931392931395
24860,"Greenville-Anderson-Greer, SC",4,6,16860,"Chattanooga, TN-GA",4,3.1132337392017995,13956.0,91.464,76.55,72161.0,78895.52173532757,62800.371904345215,47541.90955850423,0.286937745330927,0.2907488986784141
24860,"Greenville-Anderson-Greer, SC",4,7,17900,"Columbia, SC",4,3.186524085140272,14316.0,93.662,79.455,68359.0,72984.77504217291,63684.94238174577,48400.195098963,0.28677960507808814,0.23391812865497075
24860,"Greenville-Anderson-Greer, SC",4,8,46140,"Tulsa, OK",4,3.290871683109723,12936.0,89.214,68.235,69359.0,77744.52440199968,65785.36914696037,51285.40277396959,0.2634387283725328,0.2770137524557957
24860,"Greenville-Anderson-Greer, SC",4,9,36420,"Oklahoma City, OK",4,3.426479343971135,13488.0,90.408,73.885,72094.0,79742.94310238032,66009.0050723851,51089.97135855447,0.27197005468478924,0.2937062937062937
24860,"Greenville-Anderson-Greer, SC",4,10,30460,"Lexington-Fayette, KY",4,3.4573527002287605,13656.0,92.889,77.093,71966.0,77475.26617791127,65679.17980959354,50977.761988322985,0.2637648845559352,0.2595078299776286
25020,"Guayama, PR",2,1,11640,"Arecibo, PR",2,7.635436350321878,6600.0,,,25084.0,,,,0.23296854931898064,0.45454545454545453
25020,"Guayama, PR",2,2,10380,"Aguadilla, PR",2,9.586440330282501,6336.0,,,22398.0,,,,0.21996112001289034,0.43617021276595747
25020,"Guayama, PR",2,3,32420,"Mayaguez, PR",2,9.70593700106082,6048.0,,,21163.0,,,,0.2200711591994767,0.46153846153846156
25020,"Guayama, PR",2,4,38660,"Ponce, PR",2,11.223733297698645,6396.0,,,22247.0,,,,0.22019577939120014,0.4117647058823529
25020,"Guayama, PR",2,5,21420,"Enid, OK",2,11.49579744484377,11028.0,84.269,51.389,66182.0,78536.59115451708,57901.412353855616,44814.749405440416,0.26729098824487724,0.4492753623188406
25020,"Guayama, PR",2,6,23460,"Gadsden, AL",2,12.086770320218697,10164.0,85.653,53.696,54563.0,63702.380535416145,54471.06802575962,42604.583489316065,0.26914002861085906,0.5033112582781457
25020,"Guayama, PR",2,7,25980,"Hinesville, GA",2,12.623006262286841,14556.0,93.933,79.46,61709.0,65694.6972842345,57379.14121549265,41882.98970324456,0.3170362636946513,0.4369747899159664
25020,"Guayama, PR",2,8,24140,"Goldsboro, NC",2,12.654376805123782,11580.0,88.462,57.684,59733.0,67523.9085709118,60073.05161161477,46982.68512657035,0.26023030310527223,0.27835051546391754
25020,"Guayama, PR",2,9,25220,"Hammond, LA",2,12.659038846634003,12036.0,84.46,48.16,56760.0,67203.40989817666,60676.539670146114,46426.00687355601,0.2880153084231243,0.3870967741935484
25020,"Guayama, PR",2,10,11500,"Anniston-Oxford, AL",2,12.691704244268006,9912.0,85.949,54.705,55029.0,64025.17772167215,59722.41737870192,48189.99698986668,0.23349610886231395,0.42408376963350786
25060,"Gulfport-Biloxi, MS",2,1,12020,"Athens-Clarke County, GA",2,4.661123254819797,14412.0,93.343,76.759,65608.0,70287.00598866545,60948.05798261451,45508.22853637858,0.3056447161735425,0.3210702341137124
25060,"Gulfport-Biloxi, MS",2,2,12220,"Auburn-Opelika, AL",2,4.6844976368108915,12312.0,87.933,62.078,63649.0,72383.51927035356,62628.00710071414,48626.437724029616,0.27210367255887064,0.3426294820717131
25060,"Gulfport-Biloxi, MS",2,3,12260,"Augusta-Richmond County, GA-SC",4,4.712945141695106,13440.0,91.903,70.603,69344.0,75453.46724263625,65140.91119212998,50516.79663656596,0.2768530164375221,0.271264367816092
25060,"Gulfport-Biloxi, MS",2,4,11700,"Asheville, NC",3,4.912127058703164,15552.0,96.506,93.371,71838.0,74438.89499098502,61864.169371974436,45749.10916846377,0.3029191910352288,0.3237410071942446
25060,"Gulfport-Biloxi, MS",2,5,29340,"Lake Charles, LA",2,5.015031640915515,12972.0,85.852,51.752,66700.0,77691.84177421608,62692.773610399294,47583.04989982761,0.29840407211250963,0.33579335793357934
25060,"Gulfport-Biloxi, MS",2,6,17980,"Columbus, GA-AL",2,5.048798616519207,12828.0,89.296,61.185,59336.0,66448.66511377889,62088.856915922086,47723.15184514624,0.2837119690139352,0.28152492668621704
25060,"Gulfport-Biloxi, MS",2,7,43340,"Shreveport-Bossier City, LA",2,5.06192582552374,12168.0,84.766,52.286,55925.0,65975.74499209588,63475.7282131115,49120.916142234026,0.2779671839710722,0.3884057971014493
25060,"Gulfport-Biloxi, MS",2,8,31740,"Manhattan, KS",2,5.2042024058812775,12756.0,90.162,71.971,65469.0,72612.63059825647,63830.00767799487,49682.14050557191,0.2657730092269942,0.35802469135802467
25060,"Gulfport-Biloxi, MS",2,9,48900,"Wilmington, NC",3,5.241556737415822,16668.0,96.422,93.215,76471.0,79308.66399784281,61990.545528534785,44704.034151463165,0.33401982090631044,0.33093525179856115
25060,"Gulfport-Biloxi, MS",2,10,22180,"Fayetteville, NC",4,5.2422166034853985,14544.0,91.978,73.081,61763.0,67149.75320185263,64370.78897748841,48558.31208083921,0.29508008359611204,0.3083832335329341
25180,"Hagerstown-Martinsburg, MD-WV",4,1,39740,"Reading, PA",4,3.5535710703994177,14172.0,97.06,85.419,79777.0,82193.48856377498,63929.24829493275,49327.970734660754,0.26702749400029324,0.2684729064039409
25180,"Hagerstown-Martinsburg, MD-WV",4,2,17980,"Columbus, GA-AL",2,3.924876497312286,12828.0,89.296,61.185,59336.0,66448.66511377889,62088.856915922086,47723.15184514624,0.2837119690139352,0.28152492668621704
25180,"Hagerstown-Martinsburg, MD-WV",4,3,42540,"Scranton--Wilkes-Barre, PA",4,3.9251044662089214,12036.0,93.556,66.987,65158.0,69645.98742998845,63404.724193869064,50539.702174971295,0.23999877383652904,0.2325056433408578
25180,"Hagerstown-Martinsburg, MD-WV",4,4,43780,"South Bend-Mishawaka, IN-MI",4,3.9589468580796963,12552.0,92.858,74.586,67217.0,72386.8702750436,64529.314989695355,51011.901304283216,0.24506448426998492,0.3015463917525773
25180,"Hagerstown-Martinsburg, MD-WV",4,5,22180,"Fayetteville, NC",4,3.9617323224048895,14544.0,91.978,73.081,61763.0,67149.75320185263,64370.78897748841,48558.31208083921,0.29508008359611204,0.3083832335329341
25180,"Hagerstown-Martinsburg, MD-WV",4,6,49620,"York-Hanover, PA",4,4.0156279320603945,14316.0,96.0,79.762,84829.0,88363.54166666667,63750.44718013469,48837.94718013469,0.27805188096679934,0.2964824120603015
25180,"Hagerstown-Martinsburg, MD-WV",4,7,24660,"Greensboro-High Point, NC",4,4.0573135617478755,13116.0,92.865,74.519,65565.0,70602.48748182846,64513.973821422944,50390.245829176136,0.2594799531728843,0.278
25180,"Hagerstown-Martinsburg, MD-WV",4,8,28660,"Killeen-Temple, TX",2,4.097267307573422,14604.0,91.132,77.884,69923.0,76727.16499144098,62653.03964041871,46627.93320140717,0.308148462556426,0.30158730158730157
25180,"Hagerstown-Martinsburg, MD-WV",4,9,40220,"Roanoke, VA",4,4.135877871310171,12516.0,93.618,78.531,68761.0,73448.482129505,62641.13272502912,49271.9088578241,0.25237181089584726,0.2727272727272727
25180,"Hagerstown-Martinsburg, MD-WV",4,10,49180,"Winston-Salem, NC",4,4.210247106376316,12192.0,92.043,71.377,65975.0,71678.45463533347,63979.902085542344,50733.91922970323,0.24631398755916462,0.2692307692307692
25220,"Hammond, LA",2,1,46660,"Valdosta, GA",2,3.450750327955236,12300.0,88.271,58.758,57085.0,64670.163473847584,59038.44953295425,45104.08830446471,0.2825291611788849,0.35864978902953587
25220,"Hammond, LA",2,2,24140,"Goldsboro, NC",2,3.828174173886588,11580.0,88.462,57.684,59733.0,67523.9085709118,60073.05161161477,46982.68512657035,0.26023030310527223,0.27835051546391754
25220,"Hammond, LA",2,3,20020,"Dothan, AL",2,4.592479402518739,10920.0,83.833,46.872,57791.0,68935.86057996254,59876.342793150085,46850.446069902675,0.26989506182881967,0.4369747899159664
25220,"Hammond, LA",2,4,36980,"Owensboro, KY",2,4.593047112473339,10884.0,88.61,55.698,68002.0,76743.03126058007,61968.56622802557,49685.52819620073,0.23782500534711193,0.36633663366336633
25220,"Hammond, LA",2,5,48660,"Wichita Falls, TX",2,4.635287523895519,11940.0,89.513,68.208,65379.0,73038.55305933216,60039.527016390704,46700.68237929889,0.26803627407771496,0.3374485596707819
25220,"Hammond, LA",2,6,27860,"Jonesboro, AR",2,4.647258138747205,11148.0,85.876,53.848,56738.0,66069.68186687781,60278.60351726368,47297.09529610759,0.25100764913006907,0.3983402489626556
25220,"Hammond, LA",2,7,25620,"Hattiesburg, MS",2,4.663988791671467,12168.0,87.633,60.059,60285.0,68792.57813837254,55486.33373612134,41601.15349580091,0.3000192571494962,0.35655737704918034
25220,"Hammond, LA",2,8,45500,"Texarkana, TX-AR",2,4.6819884184388645,11400.0,84.012,49.885,55646.0,66235.77584154645,62572.92591513569,49003.43584228894,0.25881687835164313,0.3648068669527897
25220,"Hammond, LA",2,9,26300,"Hot Springs, AR",2,4.82873157559039,11592.0,85.73,57.281,57181.0,66698.93852793654,57035.43735789965,43513.916303426304,0.28264598801444357,0.4245810055865922
25220,"Hammond, LA",2,10,47020,"Victoria, TX",2,4.841632243073315,13812.0,89.839,69.318,70236.0,78179.85507407696,60374.08746734778,44999.91811995968,0.30440067181058594,0.4020618556701031
25260,"Hanford-Corcoran, CA",5,1,32900,"Merced, CA",5,3.2749601084153346,16116.0,98.275,78.63,65510.0,66659.88298142965,66030.75334158426,49631.87264964838,0.29416172248390293,0.3159851301115242
25260,"Hanford-Corcoran, CA",5,2,47300,"Visalia, CA",5,5.432748423865112,15360.0,99.825,84.053,71300.0,71424.99373904332,65254.618116915866,49867.69099445155,0.2797930015027988,0.24362606232294617
25260,"Hanford-Corcoran, CA",5,3,49700,"Yuba City, CA",5,5.56729367682686,16632.0,104.233,108.279,78179.0,75004.07740350945,64324.98984646577,48368.430983149934,0.2964625706140576,0.3672566371681416
25260,"Hanford-Corcoran, CA",5,4,49420,"Yakima, WA",5,6.009776616720706,13308.0,95.545,72.628,70656.0,73950.49453137265,68255.84855832382,54327.33319906903,0.237783662979341,0.31864406779661014
25260,"Hanford-Corcoran, CA",5,5,23420,"Fresno, CA",5,6.383744721238163,16704.0,102.158,95.725,74468.0,72894.92746529885,66492.0975055277,50140.955157400276,0.2932519632166356,0.2350674373795761
25260,"Hanford-Corcoran, CA",5,6,33700,"Modesto, CA",5,6.52245393145302,19476.0,104.108,108.476,81468.0,78253.35228800861,67774.94121726394,49067.44515548194,0.3266800405031649,0.3374384236453202
25260,"Hanford-Corcoran, CA",5,7,12540,"Bakersfield-Delano, CA",5,6.568825261403833,15600.0,100.886,90.291,70210.0,69593.40245425531,69138.47716015762,53675.47932101245,0.26548481745322783,0.2683982683982684
25260,"Hanford-Corcoran, CA",5,8,17020,"Chico, CA",5,7.607156589528294,16968.0,101.197,91.946,67928.0,67124.51950156625,65453.20301229185,48685.907539105894,0.3055986042244876,0.37666666666666665
25260,"Hanford-Corcoran, CA",5,9,48300,"Wenatchee-East Wenatchee, WA",5,7.646412584604422,15012.0,103.855,114.958,81938.0,78896.53844302152,65153.42179663622,50698.653128781996,0.26201727484369114,0.3706896551724138
25260,"Hanford-Corcoran, CA",5,10,39820,"Redding, CA",5,7.725525146594083,15804.0,100.684,89.366,72636.0,72142.544992253,67386.68598933466,51690.050972847435,0.2778129955394769,0.38095238095238093
25420,"Harrisburg-Carlisle, PA",4,1,26900,"Indianapolis-Carmel-Greenwood, IN",4,3.954470126679931,14292.0,95.696,88.917,79852.0,83443.40411302458,67102.48315808205,52167.689645291546,0.26071779381385785,0.23014586709886548
25420,"Harrisburg-Carlisle, PA",4,2,10900,"Allentown-Bethlehem-Easton, PA-NJ",4,4.041164210204174,16380.0,99.968,105.52,84587.0,84614.07650448143,64048.92702919836,47663.683751349454,0.3001356390785087,0.25775193798449614
25420,"Harrisburg-Carlisle, PA",4,3,31140,"Louisville/Jefferson County, KY-IN",4,4.0568599463577835,13392.0,93.074,78.558,73863.0,79359.43442851923,65402.935966981255,51014.384921576515,0.2548875194337051,0.21847246891651864
25420,"Harrisburg-Carlisle, PA",4,4,39740,"Reading, PA",4,4.143616726962538,14172.0,97.06,85.419,79777.0,82193.48856377498,63929.24829493275,49327.970734660754,0.26702749400029324,0.2684729064039409
25420,"Harrisburg-Carlisle, PA",4,5,18140,"Columbus, OH",4,4.147281078169929,15288.0,95.469,87.945,81945.0,85834.14511516828,68597.49537246945,52583.92028526837,0.27429271692332724,0.178752107925801
25420,"Harrisburg-Carlisle, PA",4,6,30460,"Lexington-Fayette, KY",4,4.204282557477185,13656.0,92.889,77.093,71966.0,77475.26617791127,65679.17980959354,50977.761988322985,0.2637648845559352,0.2595078299776286
25420,"Harrisburg-Carlisle, PA",4,7,10420,"Akron, OH",4,4.342084312975965,12396.0,93.37,76.785,72371.0,77509.9068223198,65443.69046198477,52167.47754563048,0.23829894393732945,0.2775423728813559
25420,"Harrisburg-Carlisle, PA",4,8,41180,"St. Louis, MO-IL",4,4.3707219019012875,13356.0,95.088,79.024,80196.0,84338.71781928319,67041.5904014345,52995.654005674776,0.24362628518226778,0.19314641744548286
25420,"Harrisburg-Carlisle, PA",4,9,38300,"Pittsburgh, PA",4,4.449242574353717,12636.0,94.671,71.986,75762.0,80026.6184998574,66463.37941855424,53116.103061486065,0.23725910596419883,0.24960753532182103
25420,"Harrisburg-Carlisle, PA",4,10,42540,"Scranton--Wilkes-Barre, PA",4,4.562892522138111,12036.0,93.556,66.987,65158.0,69645.98742998845,63404.724193869064,50539.702174971295,0.23999877383652904,0.2325056433408578
25500,"Harrisonburg, VA",2,1,44420,"Staunton-Stuarts Draft, VA",2,4.18310087038172,12816.0,91.128,68.232,73544.0,80704.0646124133,64357.79601245547,50294.061485197104,0.2596089907875784,0.3611111111111111
25500,"Harrisonburg, VA",2,2,12220,"Auburn-Opelika, AL",2,4.207611590055973,12312.0,87.933,62.078,63649.0,72383.51927035356,62628.00710071414,48626.437724029616,0.27210367255887064,0.3426294820717131
25500,"Harrisonburg, VA",2,3,13980,"Blacksburg-Christiansburg-Radford, VA",4,4.4080311571822675,13248.0,92.71,74.371,65839.0,71016.07162118434,65476.72869949841,51187.00806526261,0.260562510282103,0.35815602836879434
25500,"Harrisonburg, VA",2,4,43780,"South Bend-Mishawaka, IN-MI",4,4.883019364829157,12552.0,92.858,74.586,67217.0,72386.8702750436,64529.314989695355,51011.901304283216,0.24506448426998492,0.3015463917525773
25500,"Harrisonburg, VA",2,5,23900,"Gettysburg, PA",2,4.9637503736461674,13380.0,95.379,73.865,84092.0,88166.15816898897,59957.413696091804,45929.16848488179,0.27853825994911163,0.4228571428571429
25500,"Harrisonburg, VA",2,6,29200,"Lafayette-West Lafayette, IN",4,5.030683232132147,13284.0,93.43,76.442,62011.0,66371.61511291875,63154.16176103321,48936.03053979806,0.2642391809024139,0.26143790849673204
25500,"Harrisonburg, VA",2,7,33140,"Michigan City-La Porte, IN",2,5.054020574408998,11712.0,91.682,68.451,71055.0,77501.58155363103,60308.200852819915,47533.61042067401,0.24751796376976304,0.34759358288770054
25500,"Harrisonburg, VA",2,8,30140,"Lebanon, PA",2,5.10924918919646,13320.0,93.214,66.039,78425.0,84134.35749994636,62203.51361122803,47913.814638970645,0.2692273627288504,0.35023041474654376
25500,"Harrisonburg, VA",2,9,11700,"Asheville, NC",3,5.135741704080698,15552.0,96.506,93.371,71838.0,74438.89499098502,61864.169371974436,45749.10916846377,0.3029191910352288,0.3237410071942446
25500,"Harrisonburg, VA",2,10,21780,"Evansville, IN",4,5.174470771810412,11832.0,91.528,66.735,68232.0,74547.67939865396,64327.87401552051,51400.68233647148,0.2355851644071024,0.3278236914600551
25540,"Hartford-West Hartford-East Hartford, CT",1,1,35300,"New Haven, CT",1,3.7407943476821113,18300.0,104.559,124.293,88197.0,84351.41881617077,69752.43215382156,52250.351988556016,0.2981927492560833,0.28832951945080093
25540,"Hartford-West Hartford-East Hartford, CT",1,2,49340,"Worcester, MA",5,4.072811905722093,17112.0,102.523,113.001,95939.0,93578.02639407742,71034.52136418616,54343.63249047002,0.27836628366176264,0.35084033613445376
25540,"Hartford-West Hartford-East Hartford, CT",1,3,33460,"Minneapolis-St. Paul-Bloomington, MN-WI",1,4.081636718698659,17280.0,104.822,111.838,99833.0,95240.50294785445,69614.09635807802,53129.00735004536,0.2774938216482202,0.19969512195121952
25540,"Hartford-West Hartford-East Hartford, CT",1,4,39300,"Providence-Warwick, RI-MA",4,4.113379975584223,15684.0,101.773,103.851,87040.0,85523.66541224097,68567.68550832792,53156.918408999016,0.26550380543656876,0.30124777183600715
25540,"Hartford-West Hartford-East Hartford, CT",1,5,37980,"Philadelphia-Camden-Wilmington, PA-NJ-DE-MD",1,4.55307310722629,17760.0,102.554,113.141,91289.0,89015.54303098854,66967.56327977296,49649.85748575226,0.30524714301644423,0.20220082530949107
25540,"Hartford-West Hartford-East Hartford, CT",1,6,12580,"Baltimore-Columbia-Towson, MD",1,4.742900503741909,19332.0,104.487,118.194,99470.0,95198.4457396614,67308.79132704846,48806.96813373255,0.32844073814588853,0.30670926517571884
25540,"Hartford-West Hartford-East Hartford, CT",1,7,10580,"Albany-Schenectady-Troy, NY",4,4.91142042278944,15360.0,99.566,102.582,88074.0,88457.90731775906,70461.07192936643,55034.118953450954,0.25776651404899287,0.35304347826086957
25540,"Hartford-West Hartford-East Hartford, CT",1,8,47930,"Waterbury-Shelton, CT",5,4.940436032432901,15960.0,99.778,89.111,86191.0,86382.76974884242,68011.71009898384,52016.20006671219,0.27924712171290555,0.3435897435897436
25540,"Hartford-West Hartford-East Hartford, CT",1,9,38860,"Portland-South Portland, ME",1,4.994796957777265,17820.0,101.858,105.164,92175.0,90493.62838461387,65501.915349666735,48006.971408101024,0.3058479428735404,0.3081761006289308
25540,"Hartford-West Hartford-East Hartford, CT",1,10,18140,"Columbus, OH",4,5.048222958158984,15288.0,95.469,87.945,81945.0,85834.14511516828,68597.49537246945,52583.92028526837,0.27429271692332724,0.178752107925801
25620,"Hattiesburg, MS",2,1,46660,"Valdosta, GA",2,4.296276188361064,12300.0,88.271,58.758,57085.0,64670.163473847584,59038.44953295425,45104.08830446471,0.2825291611788849,0.35864978902953587
25620,"Hattiesburg, MS",2,2,41660,"San Angelo, TX",2,4.443620986228562,13860.0,92.453,81.442,68419.0,74004.08856391897,58094.47881147742,43103.07777527525,0.30891388764814864,0.3392070484581498
25620,"Hattiesburg, MS",2,3,26300,"Hot Springs, AR",2,4.490937481785487,11592.0,85.73,57.281,57181.0,66698.93852793654,57035.43735789965,43513.916303426304,0.28264598801444357,0.4245810055865922
25620,"Hattiesburg, MS",2,4,36100,"Ocala, FL",3,4.636347221036971,15324.0,95.234,86.23,61010.0,64063.25471995296,56391.25544287655,40300.3635345245,0.3291928952142377,0.33225806451612905
25620,"Hattiesburg, MS",2,5,47020,"Victoria, TX",2,4.650248420764206,13812.0,89.839,69.318,70236.0,78179.85507407696,60374.08746734778,44999.91811995968,0.30440067181058594,0.4020618556701031
25620,"Hattiesburg, MS",2,6,25220,"Hammond, LA",2,4.663988791671467,12036.0,84.46,48.16,56760.0,67203.40989817666,60676.539670146114,46426.00687355601,0.2880153084231243,0.3870967741935484
25620,"Hattiesburg, MS",2,7,42700,"Sebring, FL",2,4.677410607378063,12420.0,92.47,73.455,54897.0,59367.36238780145,55525.5908823282,42094.207731035895,0.2869409093661601,0.4097222222222222
25620,"Hattiesburg, MS",2,8,48660,"Wichita Falls, TX",2,4.748381434752908,11940.0,89.513,68.208,65379.0,73038.55305933216,60039.527016390704,46700.68237929889,0.26803627407771496,0.3374485596707819
25620,"Hattiesburg, MS",2,9,20020,"Dothan, AL",2,4.821724700495138,10920.0,83.833,46.872,57791.0,68935.86057996254,59876.342793150085,46850.446069902675,0.26989506182881967,0.4369747899159664
25620,"Hattiesburg, MS",2,10,29420,"Lake Havasu City-Kingman, AZ",2,4.926844623061266,13092.0,94.098,79.773,57684.0,61302.04680226997,59506.783334880805,45593.62896390586,0.27039111170233077,0.3624454148471616
25740,"Helena, MT",4,1,33540,"Missoula, MT",3,5.913352684096791,14208.0,96.445,94.945,74989.0,77753.12354191509,61422.33689204623,46690.62451711751,0.279610042926258,0.46885245901639344
25740,"Helena, MT",4,2,16940,"Cheyenne, WY",2,6.134956200496166,13920.0,96.491,89.828,80173.0,83088.57820936668,64502.64302683034,50076.42711031999,0.2690342234314558,0.46543778801843316
25740,"Helena, MT",4,3,13740,"Billings, MT",4,6.874370120073686,13404.0,93.526,77.364,77194.0,82537.476209824,65507.996490445395,51176.152938919615,0.2575829546765246,0.4252199413489736
25740,"Helena, MT",4,4,29620,"Lansing-East Lansing, MI",4,6.9514364427355995,13032.0,94.991,83.472,72550.0,76375.65664115548,68225.30697149358,54506.112521493065,0.23614684705994923,0.3090909090909091
25740,"Helena, MT",4,5,42140,"Santa Fe, NM",3,7.226374174336045,16668.0,98.767,107.978,79071.0,80058.11657739934,63056.16468106011,46180.08258886332,0.31475592708752903,0.4396887159533074
25740,"Helena, MT",4,6,45820,"Topeka, KS",4,7.273531244970905,11652.0,88.82,64.987,69888.0,78684.98086016663,67111.28207694297,53992.61511004362,0.23044157947003216,0.3374233128834356
25740,"Helena, MT",4,7,30700,"Lincoln, NE",4,7.275659677700101,12984.0,91.581,84.208,75049.0,81948.22070080039,66038.39117887121,51860.77791847877,0.24763292461288774,0.40046296296296297
25740,"Helena, MT",4,8,10580,"Albany-Schenectady-Troy, NY",4,7.2841884582585426,15360.0,99.566,102.582,88074.0,88457.90731775906,70461.07192936643,55034.118953450954,0.25776651404899287,0.35304347826086957
25740,"Helena, MT",4,9,44100,"Springfield, IL",4,7.369262291722173,11748.0,92.745,71.616,75895.0,81831.90468488866,66825.75246857957,54158.76233434053,0.22267191134467204,0.30914826498422715
25740,"Helena, MT",4,10,31740,"Manhattan, KS",2,7.470990111255021,12756.0,90.162,71.971,65469.0,72612.63059825647,63830.00767799487,49682.14050557191,0.2657730092269942,0.35802469135802467
25860,"Hickory-Lenoir-Morganton, NC",4,1,43900,"Spartanburg, SC",4,3.7019308043419294,12684.0,91.051,68.007,64382.0,70709.8219679081,65350.0431802967,51419.38893157896,0.25919614848189526,0.27011494252873564
25860,"Hickory-Lenoir-Morganton, NC",4,2,46220,"Tuscaloosa, AL",4,4.166757722385284,12060.0,87.722,58.246,61517.0,70127.22008162149,65711.97733692081,51964.00077459893,0.25317329157969176,0.3193548387096774
25860,"Hickory-Lenoir-Morganton, NC",4,3,40420,"Rockford, IL",4,4.492258813948437,12276.0,92.154,70.076,68033.0,73825.33585085835,66247.96407049483,52926.78430618726,0.23770536809852624,0.29080118694362017
25860,"Hickory-Lenoir-Morganton, NC",4,4,23060,"Fort Wayne, IN",4,4.757098342150729,12036.0,92.572,72.277,71213.0,76927.14859784815,63424.868905130206,50423.097311127705,0.23763223462009603,0.3185840707964602
25860,"Hickory-Lenoir-Morganton, NC",4,5,40580,"Rocky Mount, NC",2,4.853264697223464,11040.0,88.012,56.103,59636.0,67758.94196245966,63586.16470998596,51042.42067508163,0.23718808245067868,0.37398373983739835
25860,"Hickory-Lenoir-Morganton, NC",4,6,48140,"Wausau, WI",4,4.9039160099639485,11988.0,92.651,71.464,77884.0,84061.6938834983,66115.57611276988,53176.697957110475,0.23153445639447356,0.29545454545454547
25860,"Hickory-Lenoir-Morganton, NC",4,7,29200,"Lafayette-West Lafayette, IN",4,4.9819786301380615,13284.0,93.43,76.442,62011.0,66371.61511291875,63154.16176103321,48936.03053979806,0.2642391809024139,0.26143790849673204
25860,"Hickory-Lenoir-Morganton, NC",4,8,34740,"Muskegon-Norton Shores, MI",2,5.010363208006961,12336.0,92.519,74.228,65024.0,70281.77995871118,61434.03112928609,48100.55368141052,0.2543614238559642,0.36134453781512604
25860,"Hickory-Lenoir-Morganton, NC",4,9,24660,"Greensboro-High Point, NC",4,5.049235398577219,13116.0,92.865,74.519,65565.0,70602.48748182846,64513.973821422944,50390.245829176136,0.2594799531728843,0.278
25860,"Hickory-Lenoir-Morganton, NC",4,10,27900,"Joplin, MO-KS",2,5.084504109358297,11136.0,85.718,53.976,61901.0,72214.70402949204,65535.97466175526,52544.537624026896,0.23239779092365825,0.31690140845070425
25940,"Hilton Head Island-Bluffton-Port Royal, SC",3,1,42680,"Sebastian-Vero Beach-West Vero Corridor, FL",3,4.709395697647093,16284.0,98.308,101.635,73491.0,74755.86930870326,58142.586116411716,41578.318711927845,0.3364726851604395,0.42616033755274263
25940,"Hilton Head Island-Bluffton-Port Royal, SC",3,2,34820,"Myrtle Beach-Conway-North Myrtle Beach, SC",3,4.973717284988632,15060.0,93.642,83.129,66880.0,71420.94359368659,56514.926734059176,40432.39966287316,0.3376817872436972,0.2861736334405145
25940,"Hilton Head Island-Bluffton-Port Royal, SC",3,3,34940,"Naples-Marco Island, FL",3,5.0896357307510005,22344.0,103.2,129.441,90045.0,87252.90697674418,62069.15544675643,40417.99265605875,0.41385420867850703,0.3157894736842105
25940,"Hilton Head Island-Bluffton-Port Royal, SC",3,4,19300,"Daphne-Fairhope-Foley, AL",3,5.3001295853216535,15324.0,94.69,89.15,78775.0,83192.52296969057,56427.54314236325,40244.20804890037,0.34405650080153694,0.4128787878787879
25940,"Hilton Head Island-Bluffton-Port Royal, SC",3,5,19660,"Deltona-Daytona Beach-Ormond Beach, FL",3,5.413417274874509,18000.0,99.367,108.375,71277.0,71731.05759457365,56280.31925881352,38165.65342407966,0.37412577856248325,0.3053435114503817
25940,"Hilton Head Island-Bluffton-Port Royal, SC",3,6,35840,"North Port-Bradenton-Sarasota, FL",3,5.718949881644684,20964.0,102.417,127.95,80859.0,78950.76012771318,58295.16398581491,37825.90595248059,0.4099315419670332,0.2753303964757709
25940,"Hilton Head Island-Bluffton-Port Royal, SC",3,7,22380,"Flagstaff, AZ",3,5.922207880705255,17676.0,100.325,108.961,72966.0,72729.62870670321,61409.03851101806,43790.29941308633,0.32794761334216854,0.3493975903614458
25940,"Hilton Head Island-Bluffton-Port Royal, SC",3,8,37460,"Panama City-Panama City Beach, FL",3,5.968486032183498,17472.0,97.296,96.424,71514.0,73501.48001973359,58354.237566858705,40396.6647992218,0.36177488698844124,0.3771043771043771
25940,"Hilton Head Island-Bluffton-Port Royal, SC",3,9,17660,"Coeur d'Alene, ID",3,6.001030166914675,17904.0,98.293,105.597,81861.0,83282.63457214653,60748.985176970884,42534.056341753734,0.3479514361497808,0.4024390243902439
25940,"Hilton Head Island-Bluffton-Port Royal, SC",3,10,38940,"Port St. Lucie, FL",3,6.045068702586643,18960.0,100.228,113.642,74514.0,74344.49455242048,59021.63945325537,40104.76991580076,0.3778380640189969,0.31767955801104975
25980,"Hinesville, GA",2,1,46660,"Valdosta, GA",2,5.885806788626436,12300.0,88.271,58.758,57085.0,64670.163473847584,59038.44953295425,45104.08830446471,0.2825291611788849,0.35864978902953587
25980,"Hinesville, GA",2,2,21420,"Enid, OK",2,6.487224810555082,11028.0,84.269,51.389,66182.0,78536.59115451708,57901.412353855616,44814.749405440416,0.26729098824487724,0.4492753623188406
25980,"Hinesville, GA",2,3,27340,"Jacksonville, NC",3,6.557170126281573,15180.0,92.085,72.118,68148.0,74005.53836129663,57147.35748943275,40662.58798299847,0.34252414219900523,0.4260089686098655
25980,"Hinesville, GA",2,4,41660,"San Angelo, TX",2,6.828253254914896,13860.0,92.453,81.442,68419.0,74004.08856391897,58094.47881147742,43103.07777527525,0.30891388764814864,0.3392070484581498
25980,"Hinesville, GA",2,5,24140,"Goldsboro, NC",2,6.932609576421839,11580.0,88.462,57.684,59733.0,67523.9085709118,60073.05161161477,46982.68512657035,0.26023030310527223,0.27835051546391754
25980,"Hinesville, GA",2,6,46300,"Twin Falls, ID",2,6.9705267544624245,12852.0,92.108,73.833,68810.0,74705.78017110348,59987.28474757254,46034.099356509876,0.27227558436631183,0.4236453201970443
25980,"Hinesville, GA",2,7,23900,"Gettysburg, PA",2,6.9838034588271505,13380.0,95.379,73.865,84092.0,88166.15816898897,59957.413696091804,45929.16848488179,0.27853825994911163,0.4228571428571429
25980,"Hinesville, GA",2,8,30020,"Lawton, OK",2,7.021074847646064,11580.0,85.941,57.389,60665.0,70589.12509745058,59318.50485351303,45844.1445365514,0.27193716653678307,0.4182692307692308
25980,"Hinesville, GA",2,9,25220,"Hammond, LA",2,7.118507970317238,12036.0,84.46,48.16,56760.0,67203.40989817666,60676.539670146114,46426.00687355601,0.2880153084231243,0.3870967741935484
25980,"Hinesville, GA",2,10,47020,"Victoria, TX",2,7.128331381875267,13812.0,89.839,69.318,70236.0,78179.85507407696,60374.08746734778,44999.91811995968,0.30440067181058594,0.4020618556701031
26140,"Homosassa Springs, FL",2,1,26300,"Hot Springs, AR",2,4.155161479084166,11592.0,85.73,57.281,57181.0,66698.93852793654,57035.43735789965,43513.916303426304,0.28264598801444357,0.4245810055865922
26140,"Homosassa Springs, FL",2,2,42700,"Sebring, FL",2,4.601144701170935,12420.0,92.47,73.455,54897.0,59367.36238780145,55525.5908823282,42094.207731035895,0.2869409093661601,0.4097222222222222
26140,"Homosassa Springs, FL",2,3,42680,"Sebastian-Vero Beach-West Vero Corridor, FL",3,5.101545061268791,16284.0,98.308,101.635,73491.0,74755.86930870326,58142.586116411716,41578.318711927845,0.3364726851604395,0.42616033755274263
26140,"Homosassa Springs, FL",2,4,39460,"Punta Gorda, FL",3,5.575257071791742,17568.0,100.525,113.277,69952.0,69586.6699825914,55461.082836236514,37984.833147104466,0.36401371523552833,0.4507042253521127
26140,"Homosassa Springs, FL",2,5,39150,"Prescott Valley-Prescott, AZ",3,6.1473993490041146,16212.0,98.255,98.781,69613.0,70849.3206452598,60312.06677738661,43812.1431093799,0.3176941760564194,0.3861003861003861
26140,"Homosassa Springs, FL",2,6,25620,"Hattiesburg, MS",2,6.180248353984025,12168.0,87.633,60.059,60285.0,68792.57813837254,55486.33373612134,41601.15349580091,0.3000192571494962,0.35655737704918034
26140,"Homosassa Springs, FL",2,7,29420,"Lake Havasu City-Kingman, AZ",2,6.344722285031064,13092.0,94.098,79.773,57684.0,61302.04680226997,59506.783334880805,45593.62896390586,0.27039111170233077,0.3624454148471616
26140,"Homosassa Springs, FL",2,8,24500,"Great Falls, MT",2,6.43843289527271,11268.0,96.845,97.115,67690.0,69895.19335019877,58202.4368836801,46567.34988899788,0.23183230705586225,0.46534653465346537
26140,"Homosassa Springs, FL",2,9,27340,"Jacksonville, NC",3,6.593945149705194,15180.0,92.085,72.118,68148.0,74005.53836129663,57147.35748943275,40662.58798299847,0.34252414219900523,0.4260089686098655
26140,"Homosassa Springs, FL",2,10,46300,"Twin Falls, ID",2,6.712693255540269,12852.0,92.108,73.833,68810.0,74705.78017110348,59987.28474757254,46034.099356509876,0.27227558436631183,0.4236453201970443
26300,"Hot Springs, AR",2,1,26140,"Homosassa Springs, FL",2,4.155161479084166,13284.0,93.467,78.427,56546.0,60498.357709137985,56956.77208375364,42744.26927527578,0.2967745497428479,0.48125
26300,"Hot Springs, AR",2,2,42700,"Sebring, FL",2,4.294366710628203,12420.0,92.47,73.455,54897.0,59367.36238780145,55525.5908823282,42094.207731035895,0.2869409093661601,0.4097222222222222
26300,"Hot Springs, AR",2,3,25620,"Hattiesburg, MS",2,4.490937481785487,12168.0,87.633,60.059,60285.0,68792.57813837254,55486.33373612134,41601.15349580091,0.3000192571494962,0.35655737704918034
26300,"Hot Springs, AR",2,4,25220,"Hammond, LA",2,4.82873157559039,12036.0,84.46,48.16,56760.0,67203.40989817666,60676.539670146114,46426.00687355601,0.2880153084231243,0.3870967741935484
26300,"Hot Springs, AR",2,5,27860,"Jonesboro, AR",2,5.092357523536943,11148.0,85.876,53.848,56738.0,66069.68186687781,60278.60351726368,47297.09529610759,0.25100764913006907,0.3983402489626556
26300,"Hot Springs, AR",2,6,46660,"Valdosta, GA",2,5.234478374487874,12300.0,88.271,58.758,57085.0,64670.163473847584,59038.44953295425,45104.08830446471,0.2825291611788849,0.35864978902953587
26300,"Hot Springs, AR",2,7,23460,"Gadsden, AL",2,5.24546973979783,10164.0,85.653,53.696,54563.0,63702.380535416145,54471.06802575962,42604.583489316065,0.26914002861085906,0.5033112582781457
26300,"Hot Springs, AR",2,8,47020,"Victoria, TX",2,5.354071771206234,13812.0,89.839,69.318,70236.0,78179.85507407696,60374.08746734778,44999.91811995968,0.30440067181058594,0.4020618556701031
26300,"Hot Springs, AR",2,9,20020,"Dothan, AL",2,5.382999134350699,10920.0,83.833,46.872,57791.0,68935.86057996254,59876.342793150085,46850.446069902675,0.26989506182881967,0.4369747899159664
26300,"Hot Springs, AR",2,10,22520,"Florence-Muscle Shoals, AL",2,5.501684551527629,10236.0,84.817,47.677,61891.0,72970.04138321328,60980.613091131,48912.27773383236,0.2468446353120323,0.4383561643835616
26380,"Houma-Bayou Cane-Thibodaux, LA",2,1,30980,"Longview, TX",2,6.104505692352035,12720.0,89.485,66.749,66647.0,74478.40420182153,61945.59707644817,47730.924226249816,0.2785181405920559,0.3224852071005917
26380,"Houma-Bayou Cane-Thibodaux, LA",2,2,48540,"Wheeling, WV-OH",2,6.310055889413424,9744.0,88.323,51.443,57418.0,65009.11427374523,63569.55545162468,52537.32149218037,0.2104281474137525,0.4068441064638783
26380,"Houma-Bayou Cane-Thibodaux, LA",2,3,34100,"Morristown, TN",2,6.386400195395674,10476.0,86.364,59.024,60553.0,70113.7047844009,60387.64810082568,48257.59391158017,0.23531920622132108,0.4077669902912621
26380,"Houma-Bayou Cane-Thibodaux, LA",2,4,37140,"Paducah, KY-IL",2,6.3916884587094565,10488.0,86.084,48.794,64160.0,74531.8526090795,65233.921968954855,53050.47324445321,0.2219871318089273,0.36363636363636365
26380,"Houma-Bayou Cane-Thibodaux, LA",2,5,22140,"Farmington, NM",2,6.446912957126058,11472.0,87.707,56.552,55872.0,63703.01116216494,64504.34695771934,51424.433153804035,0.24074411044968866,0.39408866995073893
26380,"Houma-Bayou Cane-Thibodaux, LA",2,6,46300,"Twin Falls, ID",2,6.559122622664336,12852.0,92.108,73.833,68810.0,74705.78017110348,59987.28474757254,46034.099356509876,0.27227558436631183,0.4236453201970443
26380,"Houma-Bayou Cane-Thibodaux, LA",2,7,27180,"Jackson, TN",2,6.580823208648576,11964.0,85.522,56.567,61177.0,71533.64046678047,64366.84420383058,50377.461354972984,0.2560485348037776,0.3711340206185567
26380,"Houma-Bayou Cane-Thibodaux, LA",2,8,33660,"Mobile, AL",2,6.596283336600435,12624.0,88.098,60.116,58880.0,66834.66139980477,63613.36681434754,49283.870117487226,0.269627839278571,0.34908136482939633
26380,"Houma-Bayou Cane-Thibodaux, LA",2,9,29340,"Lake Charles, LA",2,6.6224736049172845,12972.0,85.852,51.752,66700.0,77691.84177421608,62692.773610399294,47583.04989982761,0.29840407211250963,0.33579335793357934
26380,"Houma-Bayou Cane-Thibodaux, LA",2,10,19460,"Decatur, AL",2,6.728189439326208,10164.0,87.212,58.067,68116.0,78103.93065174518,64758.03586969434,53103.67637788128,0.2212756985888278,0.4156378600823045
26420,"Houston-Pasadena-The Woodlands, TX",1,1,41700,"San Antonio-New Braunfels, TX",4,3.6307291285001737,16356.0,94.716,94.575,76213.0,80464.75780227206,65452.93090162896,48184.465172501885,0.3194721786194416,0.20689655172413793
26420,"Houston-Pasadena-The Woodlands, TX",1,2,19100,"Dallas-Fort Worth-Arlington, TX",1,3.9556105482201214,19368.0,103.09,117.874,90275.0,87569.11436608787,64319.4799120766,45532.012650460536,0.35664425864692695,0.19602272727272727
26420,"Houston-Pasadena-The Woodlands, TX",1,3,16740,"Charlotte-Concord-Gastonia, NC-SC",1,4.175746286197143,17676.0,97.348,97.635,83304.0,85573.40674692855,65335.56193294378,47178.02402769663,0.32930309038430056,0.20500782472613457
26420,"Houston-Pasadena-The Woodlands, TX",1,4,34980,"Nashville-Davidson--Murfreesboro--Franklin, TN",1,4.234947320306977,18336.0,96.338,104.626,85447.0,88695.0113143308,65971.2658122988,46938.27779095728,0.3405239575125513,0.24666666666666667
26420,"Houston-Pasadena-The Woodlands, TX",1,5,12060,"Atlanta-Sandy Springs-Roswell, GA",1,4.498775657340942,20064.0,100.058,111.022,89724.0,89671.99024565752,65399.90559141387,45347.53596579673,0.3707652333637077,0.20268256333830104
26420,"Houston-Pasadena-The Woodlands, TX",1,6,47260,"Virginia Beach-Chesapeake-Norfolk, VA-NC",1,4.787146241245521,17736.0,97.941,99.805,82330.0,84060.8121215834,65890.17057801326,47781.30912060523,0.3266761783574887,0.2770034843205575
26420,"Houston-Pasadena-The Woodlands, TX",1,7,27260,"Jacksonville, FL",3,4.939975965032678,18156.0,99.484,109.777,79643.0,80056.08942141451,61809.61575844957,43559.44487669975,0.3471988980962408,0.21837088388214904
26420,"Houston-Pasadena-The Woodlands, TX",1,8,16980,"Chicago-Naperville-Elgin, IL-IN",1,5.01428264324283,17160.0,103.595,112.01,90887.0,87732.99869684831,67456.4865428279,50891.98053385063,0.28962815200218683,0.19247467438494936
26420,"Houston-Pasadena-The Woodlands, TX",1,9,38060,"Phoenix-Mesa-Chandler, AZ",1,5.201908914583056,20424.0,103.316,121.236,88301.0,85466.91703124394,63795.93762867011,44027.46033570484,0.36109507456401635,0.23355263157894737
26420,"Houston-Pasadena-The Woodlands, TX",1,10,28140,"Kansas City, MO-KS",4,5.280895729410047,14988.0,92.543,86.642,83460.0,90185.10314124243,69750.30951537898,53554.59509073314,0.2741518431576365,0.18357487922705315
26580,"Huntington-Ashland, WV-KY-OH",2,1,22500,"Florence, SC",2,4.001247541782418,11208.0,86.774,52.425,54443.0,62741.14366054348,62566.05390515404,49649.74256765663,0.24883360441537591,0.35125448028673834
26580,"Huntington-Ashland, WV-KY-OH",2,2,15940,"Canton-Massillon, OH",4,4.104508067608659,10896.0,89.406,58.143,67801.0,75834.95514842404,63138.081042181606,50950.979505372,0.22437122305040677,0.3256997455470738
26580,"Huntington-Ashland, WV-KY-OH",2,3,49660,"Youngstown-Warren, OH",2,4.1964676833604955,9540.0,87.394,53.448,56713.0,64893.47094766231,63549.85505936163,52633.77386385622,0.20069441219467554,0.3277777777777778
26580,"Huntington-Ashland, WV-KY-OH",2,4,21780,"Evansville, IN",4,4.201798735286403,11832.0,91.528,66.735,68232.0,74547.67939865396,64327.87401552051,51400.68233647148,0.2355851644071024,0.3278236914600551
26580,"Huntington-Ashland, WV-KY-OH",2,5,22420,"Flint, MI",4,4.216414843130226,11868.0,93.034,74.039,62281.0,66944.34292839176,65006.57327924778,52249.94666962119,0.23458804632094313,0.32621951219512196
26580,"Huntington-Ashland, WV-KY-OH",2,6,24780,"Greenville, NC",4,4.341116393798639,11916.0,88.402,57.326,58188.0,65822.04022533426,66882.18929713823,53402.85625037458,0.2446559569768659,0.33568904593639576
26580,"Huntington-Ashland, WV-KY-OH",2,7,43780,"South Bend-Mishawaka, IN-MI",4,4.44787465533427,12552.0,92.858,74.586,67217.0,72386.8702750436,64529.314989695355,51011.901304283216,0.24506448426998492,0.3015463917525773
26580,"Huntington-Ashland, WV-KY-OH",2,8,11020,"Altoona, PA",2,4.493217395022322,10620.0,89.507,54.978,62382.0,69695.1076452121,62179.822938593694,50314.82913922604,0.22773399270949926,0.35684647302904565
26580,"Huntington-Ashland, WV-KY-OH",2,9,48700,"Williamsport, PA",2,4.494298625057665,10956.0,92.35,64.392,63917.0,69211.69463995668,61918.573443537956,50055.0109096993,0.22641284961979163,0.358974358974359
26580,"Huntington-Ashland, WV-KY-OH",2,10,43340,"Shreveport-Bossier City, LA",2,4.547163486227237,12168.0,84.766,52.286,55925.0,65975.74499209588,63475.7282131115,49120.916142234026,0.2779671839710722,0.3884057971014493
26620,"Huntsville, AL",4,1,19430,"Dayton-Kettering-Beavercreek, OH",4,7.567094758874794,12468.0,92.694,72.712,71739.0,77393.3587934494,69465.98837606114,56015.2795923211,0.2309123392681901,0.2871900826446281
26620,"Huntsville, AL",4,2,18020,"Columbus, IN",4,7.611537135273575,13524.0,93.003,75.468,79901.0,85912.28239949248,65791.304149262,51249.83774495247,0.271672187492159,0.2923076923076923
26620,"Huntsville, AL",4,3,19820,"Detroit-Warren-Dearborn, MI",4,8.159890493718866,14484.0,100.298,94.69,76664.0,76436.22006420865,65444.846478705585,51003.8805571518,0.25953048925138034,0.16845329249617153
26620,"Huntsville, AL",4,4,37340,"Palm Bay-Melbourne-Titusville, FL",3,8.351306743015682,18672.0,100.005,111.731,78476.0,78472.0763961802,61954.3789165682,43283.31246989053,0.36083188905335234,0.31786542923433875
26620,"Huntsville, AL",4,5,19340,"Davenport-Moline-Rock Island, IA-IL",4,8.552877455434675,11292.0,89.079,68.346,72738.0,81655.60906610986,68382.6994289967,55706.31105463237,0.21823192377203676,0.26218097447795824
26620,"Huntsville, AL",4,6,24340,"Grand Rapids-Wyoming-Kentwood, MI",4,8.56209018488279,14424.0,95.546,86.596,82874.0,86737.27837900068,64744.44559242641,49648.05223216016,0.2729372434726822,0.2539964476021314
26620,"Huntsville, AL",4,7,48620,"Wichita, KS",4,8.650549336543667,11844.0,88.946,66.245,70655.0,79435.83747442267,66396.8130349132,53080.868529258085,0.24047063980016656,0.27467811158798283
26620,"Huntsville, AL",4,8,28140,"Kansas City, MO-KS",4,8.714527294873678,14988.0,92.543,86.642,83460.0,90185.10314124243,69750.30951537898,53554.59509073314,0.2741518431576365,0.18357487922705315
26620,"Huntsville, AL",4,9,47580,"Warner Robins, GA",4,8.723509826252313,14004.0,93.789,79.172,79345.0,84599.47328577978,63947.08413491946,49015.695592553086,0.28586451062981416,0.2529182879377432
26620,"Huntsville, AL",4,10,30500,"Lexington Park, MD",1,8.770847746556134,21000.0,100.76,103.809,126256.0,125303.69194124652,74658.02210889546,53816.418297859345,0.35243029390746733,0.3769230769230769
26820,"Idaho Falls, ID",4,1,47380,"Waco, TX",4,4.358629383547048,13812.0,92.55,83.531,66205.0,71534.30578065911,63271.5083520552,48347.68339257384,0.28515605049146603,0.2621082621082621
26820,"Idaho Falls, ID",4,2,28020,"Kalamazoo-Portage, MI",4,4.451811142204257,13116.0,94.84,81.59,72532.0,76478.27920708562,66113.98144242936,52284.37368199071,0.24899406391349468,0.3254437869822485
26820,"Idaho Falls, ID",4,3,44300,"State College, PA",4,4.505707399317283,14484.0,96.762,85.688,74291.0,76777.04057377896,63660.19718484529,48691.51113040243,0.28255179120848817,0.3134920634920635
26820,"Idaho Falls, ID",4,4,13740,"Billings, MT",4,4.5356009762655605,13404.0,93.526,77.364,77194.0,82537.476209824,65507.996490445395,51176.152938919615,0.2575829546765246,0.4252199413489736
26820,"Idaho Falls, ID",4,5,45900,"Traverse City, MI",2,4.547919346625943,14700.0,93.372,78.146,80889.0,86630.8957717517,63845.01731270337,48101.539610608525,0.28270572947977574,0.3971119133574007
26820,"Idaho Falls, ID",4,6,30860,"Logan, UT-ID",3,4.573409548754959,14412.0,95.927,90.959,81126.0,84570.55886246833,58634.29237551348,43610.36793296863,0.3017569074435835,0.34901960784313724
26820,"Idaho Falls, ID",4,7,11100,"Amarillo, TX",2,4.596117335804302,13032.0,91.82,78.38,69611.0,75812.45915922457,61035.46924106171,46842.48296356226,0.2803830781797324,0.2767857142857143
26820,"Idaho Falls, ID",4,8,28940,"Knoxville, TN",4,4.60808414258723,13740.0,92.569,82.783,72422.0,78235.69445494712,64160.4664692093,49317.48447739778,0.27624760022122646,0.29259259259259257
26820,"Idaho Falls, ID",4,9,31740,"Manhattan, KS",2,4.643481401008314,12756.0,90.162,71.971,65469.0,72612.63059825647,63830.00767799487,49682.14050557191,0.2657730092269942,0.35802469135802467
26820,"Idaho Falls, ID",4,10,21780,"Evansville, IN",4,4.659880074637062,11832.0,91.528,66.735,68232.0,74547.67939865396,64327.87401552051,51400.68233647148,0.2355851644071024,0.3278236914600551
26900,"Indianapolis-Carmel-Greenwood, IN",4,1,17140,"Cincinnati, OH-KY-IN",4,2.3645863541894094,13260.0,95.37,87.608,81120.0,85058.19440075495,67151.80475042066,53248.06143491264,0.24356120073391233,0.215311004784689
26900,"Indianapolis-Carmel-Greenwood, IN",4,2,18140,"Columbus, OH",4,2.4131947774513827,15288.0,95.469,87.945,81945.0,85834.14511516828,68597.49537246945,52583.92028526837,0.27429271692332724,0.178752107925801
26900,"Indianapolis-Carmel-Greenwood, IN",4,3,33340,"Milwaukee-Waukesha, WI",4,2.800693046729907,13668.0,96.937,97.111,78218.0,80689.51999752417,68438.57298461662,54338.69368156412,0.2432016245299029,0.24273504273504273
26900,"Indianapolis-Carmel-Greenwood, IN",4,4,31140,"Louisville/Jefferson County, KY-IN",4,3.16459491520896,13392.0,93.074,78.558,73863.0,79359.43442851923,65402.935966981255,51014.384921576515,0.2548875194337051,0.21847246891651864
26900,"Indianapolis-Carmel-Greenwood, IN",4,5,17410,"Cleveland, OH",4,3.183888034650897,12600.0,93.923,79.434,70678.0,75251.00348157533,67255.02311467905,53839.77871234947,0.23579692944191716,0.25938009787928223
26900,"Indianapolis-Carmel-Greenwood, IN",4,6,41180,"St. Louis, MO-IL",4,3.355620994383794,13356.0,95.088,79.024,80196.0,84338.71781928319,67041.5904014345,52995.654005674776,0.24362628518226778,0.19314641744548286
26900,"Indianapolis-Carmel-Greenwood, IN",4,7,10420,"Akron, OH",4,3.4530000480488434,12396.0,93.37,76.785,72371.0,77509.9068223198,65443.69046198477,52167.47754563048,0.23829894393732945,0.2775423728813559
26900,"Indianapolis-Carmel-Greenwood, IN",4,8,28140,"Kansas City, MO-KS",4,3.566800635012672,14988.0,92.543,86.642,83460.0,90185.10314124243,69750.30951537898,53554.59509073314,0.2741518431576365,0.18357487922705315
26900,"Indianapolis-Carmel-Greenwood, IN",4,9,38300,"Pittsburgh, PA",4,3.6788077278102085,12636.0,94.671,71.986,75762.0,80026.6184998574,66463.37941855424,53116.103061486065,0.23725910596419883,0.24960753532182103
26900,"Indianapolis-Carmel-Greenwood, IN",4,10,25420,"Harrisburg-Carlisle, PA",4,3.954470126679931,14544.0,98.65,96.28,80919.0,82026.35580334516,63772.066346825595,49029.035429440904,0.2705695567354116,0.21914893617021278
26980,"Iowa City, IA",4,1,17860,"Columbia, MO",4,4.886646882635061,12840.0,89.438,69.248,72340.0,80882.84621749145,66558.14857563554,52201.83470457402,0.25362735798030933,0.309375
26980,"Iowa City, IA",4,2,11180,"Ames, IA",4,5.088409894078349,12000.0,88.83,69.163,73127.0,82322.41359900935,70728.97001159821,57220.02033243576,0.22942304532569632,0.37547892720306514
26980,"Iowa City, IA",4,3,16580,"Champaign-Urbana, IL",4,5.097321308019884,12516.0,92.704,71.604,65528.0,70685.19157749396,69408.1661432769,55907.130589255496,0.22760665799329224,0.34036144578313254
26980,"Iowa City, IA",4,4,30700,"Lincoln, NE",4,5.79166333183751,12984.0,91.581,84.208,75049.0,81948.22070080039,66038.39117887121,51860.77791847877,0.24763292461288774,0.40046296296296297
26980,"Iowa City, IA",4,5,30460,"Lexington-Fayette, KY",4,5.841632254088656,13656.0,92.889,77.093,71966.0,77475.26617791127,65679.17980959354,50977.761988322985,0.2637648845559352,0.2595078299776286
26980,"Iowa City, IA",4,6,22020,"Fargo, ND-MN",4,5.893585887568515,11604.0,90.871,81.142,76756.0,84466.99166950952,70028.45303293191,57258.702507461734,0.2124077502340074,0.3530864197530864
26980,"Iowa City, IA",4,7,24780,"Greenville, NC",4,5.934703491631291,11916.0,88.402,57.326,58188.0,65822.04022533426,66882.18929713823,53402.85625037458,0.2446559569768659,0.33568904593639576
26980,"Iowa City, IA",4,8,29100,"La Crosse-Onalaska, WI-MN",4,6.075712793562823,12324.0,91.769,69.386,73340.0,79918.05511665158,67956.63342042305,54527.26184614416,0.23195177286284113,0.3104575163398693
26980,"Iowa City, IA",4,9,44100,"Springfield, IL",4,6.099622515433693,11748.0,92.745,71.616,75895.0,81831.90468488866,66825.75246857957,54158.76233434053,0.22267191134467204,0.30914826498422715
26980,"Iowa City, IA",4,10,28020,"Kalamazoo-Portage, MI",4,6.18336597402095,13116.0,94.84,81.59,72532.0,76478.27920708562,66113.98144242936,52284.37368199071,0.24899406391349468,0.3254437869822485
27060,"Ithaca, NY",5,1,11200,"Amherst Town-Northampton, MA",5,7.129706368745727,16656.0,100.243,97.537,87001.0,86790.10005686183,73508.71647630524,56893.09244270688,0.26436482767175296,0.4290909090909091
27060,"Ithaca, NY",5,2,28740,"Kingston, NY",5,7.83442940950497,17100.0,100.709,110.173,86271.0,85663.64475866109,62617.465097360895,45637.850564399596,0.31443492088828084,0.3735408560311284
27060,"Ithaca, NY",5,3,17780,"College Station-Bryan, TX",4,8.088522398263226,14136.0,90.951,75.088,60087.0,66065.24392255172,66111.4649223631,50569.02998486929,0.2898410565760211,0.28846153846153844
27060,"Ithaca, NY",5,4,20100,"Dover, DE",3,8.20482522126743,16248.0,97.507,95.899,74477.0,76381.18288943358,63119.146253602295,46455.727217020314,0.3177849740883776,0.36328125
27060,"Ithaca, NY",5,5,11460,"Ann Arbor, MI",1,8.204906993776182,17556.0,100.88,125.3,89180.0,88402.06185567011,69261.88909791148,51859.034220829795,0.3014723087635701,0.3243847874720358
27060,"Ithaca, NY",5,6,21660,"Eugene-Springfield, OR",5,8.648349864638876,16260.0,101.568,98.35,71544.0,70439.50850661626,64475.11932439578,48466.14011834663,0.2889320409761229,0.3464203233256351
27060,"Ithaca, NY",5,7,47930,"Waterbury-Shelton, CT",5,8.727709354609013,15960.0,99.778,89.111,86191.0,86382.76974884242,68011.71009898384,52016.20006671219,0.27924712171290555,0.3435897435897436
27060,"Ithaca, NY",5,8,41540,"Salisbury, MD",2,8.765682320099641,15288.0,95.617,87.212,73802.0,77185.01940031584,64197.91982597236,48209.13122143551,0.2976588692551509,0.3983402489626556
27060,"Ithaca, NY",5,9,38340,"Pittsfield, MA",5,8.829109162524947,13164.0,95.106,73.452,76013.0,79924.50528883561,72935.90909386499,59094.51107481257,0.22577645314782158,0.398406374501992
27060,"Ithaca, NY",5,10,13980,"Blacksburg-Christiansburg-Radford, VA",4,8.857847116393877,13248.0,92.71,74.371,65839.0,71016.07162118434,65476.72869949841,51187.00806526261,0.260562510282103,0.35815602836879434
27100,"Jackson, MI",4,1,12980,"Battle Creek, MI",4,3.0807270061183885,11616.0,90.541,61.045,63177.0,69777.22799615645,67014.15253067094,54184.605695535465,0.22634321888355152,0.36796536796536794
27100,"Jackson, MI",4,2,40580,"Rocky Mount, NC",2,3.3485919408971565,11040.0,88.012,56.103,59636.0,67758.94196245966,63586.16470998596,51042.42067508163,0.23718808245067868,0.37398373983739835
27100,"Jackson, MI",4,3,28020,"Kalamazoo-Portage, MI",4,3.621265227298238,13116.0,94.84,81.59,72532.0,76478.27920708562,66113.98144242936,52284.37368199071,0.24899406391349468,0.3254437869822485
27100,"Jackson, MI",4,4,40980,"Saginaw, MI",4,3.6355444634065996,11364.0,90.891,63.647,60622.0,66697.47279708661,65266.14375970962,52763.25568498275,0.2258077324135344,0.3129496402877698
27100,"Jackson, MI",4,5,31340,"Lynchburg, VA",4,3.7321943741768773,11892.0,89.363,63.912,68996.0,77208.6881595291,66726.68393557685,53419.16292576295,0.23931646222428965,0.3181818181818182
27100,"Jackson, MI",4,6,22540,"Fond du Lac, WI",4,3.755252646868415,11520.0,91.643,67.317,74275.0,81048.19789836647,66735.04795783637,54164.52975131761,0.2248073208782546,0.3613861386138614
27100,"Jackson, MI",4,7,40420,"Rockford, IL",4,3.7660629278375297,12276.0,92.154,70.076,68033.0,73825.33585085835,66247.96407049483,52926.78430618726,0.23770536809852624,0.29080118694362017
27100,"Jackson, MI",4,8,48140,"Wausau, WI",4,3.833216488341002,11988.0,92.651,71.464,77884.0,84061.6938834983,66115.57611276988,53176.697957110475,0.23153445639447356,0.29545454545454547
27100,"Jackson, MI",4,9,48700,"Williamsport, PA",2,3.8559936647939557,10956.0,92.35,64.392,63917.0,69211.69463995668,61918.573443537956,50055.0109096993,0.22641284961979163,0.358974358974359
27100,"Jackson, MI",4,10,35660,"Niles, MI",2,3.87416562251174,11304.0,92.37,71.599,65425.0,70829.2735736711,65037.08357514415,52799.34404932408,0.22494694787872416,0.372
27140,"Jackson, MS",4,1,30780,"Little Rock-North Little Rock-Conway, AR",4,2.496533519512493,12660.0,89.364,68.295,67154.0,75146.59146860032,60718.25578171768,46551.47721316659,0.2692428810447293,0.29292929292929293
27140,"Jackson, MS",4,2,33860,"Montgomery, AL",4,3.1168100029243404,13140.0,89.682,64.347,64010.0,71374.41181061974,61830.14057075741,47178.37098488734,0.28340972491274713,0.3485254691689008
27140,"Jackson, MS",4,3,40220,"Roanoke, VA",4,3.141218091714079,12516.0,93.618,78.531,68761.0,73448.482129505,62641.13272502912,49271.9088578241,0.25237181089584726,0.2727272727272727
27140,"Jackson, MS",4,4,49180,"Winston-Salem, NC",4,3.1675657920984635,12192.0,92.043,71.377,65975.0,71678.45463533347,63979.902085542344,50733.91922970323,0.24631398755916462,0.2692307692307692
27140,"Jackson, MS",4,5,17900,"Columbia, SC",4,3.2223643263805837,14316.0,93.662,79.455,68359.0,72984.77504217291,63684.94238174577,48400.195098963,0.28677960507808814,0.23391812865497075
27140,"Jackson, MS",4,6,44180,"Springfield, MO",4,3.301008988174568,11664.0,88.585,65.568,65071.0,73456.00270926229,63126.94834819056,49959.933616576855,0.2404464327024649,0.28672985781990523
27140,"Jackson, MS",4,7,31420,"Macon-Bibb County, GA",2,3.3136324903300567,12528.0,88.528,58.916,59526.0,67239.74335803361,62706.12035379103,48554.66544686892,0.2700999257002899,0.3050847457627119
27140,"Jackson, MS",4,8,13820,"Birmingham, AL",4,3.3777764981233416,14064.0,91.644,71.851,71498.0,78017.10968530399,65723.20893893762,50376.868753000745,0.2824240211735994,0.31392931392931395
27140,"Jackson, MS",4,9,17980,"Columbus, GA-AL",2,3.453540305956125,12828.0,89.296,61.185,59336.0,66448.66511377889,62088.856915922086,47723.15184514624,0.2837119690139352,0.28152492668621704
27140,"Jackson, MS",4,10,22180,"Fayetteville, NC",4,3.603728369269493,14544.0,91.978,73.081,61763.0,67149.75320185263,64370.78897748841,48558.31208083921,0.29508008359611204,0.3083832335329341
27180,"Jackson, TN",2,1,36980,"Owensboro, KY",2,3.094716256675586,10884.0,88.61,55.698,68002.0,76743.03126058007,61968.56622802557,49685.52819620073,0.23782500534711193,0.36633663366336633
27180,"Jackson, TN",2,2,48700,"Williamsport, PA",2,3.307278432028135,10956.0,92.35,64.392,63917.0,69211.69463995668,61918.573443537956,50055.0109096993,0.22641284961979163,0.358974358974359
27180,"Jackson, TN",2,3,22500,"Florence, SC",2,3.4796818057132124,11208.0,86.774,52.425,54443.0,62741.14366054348,62566.05390515404,49649.74256765663,0.24883360441537591,0.35125448028673834
27180,"Jackson, TN",2,4,14540,"Bowling Green, KY",2,3.5525991576529377,11700.0,90.179,63.395,63328.0,70224.77516938532,60885.41767580124,47911.2219096029,0.2515916322732563,0.32967032967032966
27180,"Jackson, TN",2,5,27900,"Joplin, MO-KS",2,3.5830850011017845,11136.0,85.718,53.976,61901.0,72214.70402949204,65535.97466175526,52544.537624026896,0.23239779092365825,0.31690140845070425
27180,"Jackson, TN",2,6,41140,"St. Joseph, MO-KS",2,3.6103205932691904,10740.0,86.382,55.359,65005.0,75252.94621564678,66964.4952308007,54531.34943653802,0.22018524048956223,0.33183856502242154
27180,"Jackson, TN",2,7,40580,"Rocky Mount, NC",2,3.855009410178428,11040.0,88.012,56.103,59636.0,67758.94196245966,63586.16470998596,51042.42067508163,0.23718808245067868,0.37398373983739835
27180,"Jackson, TN",2,8,30620,"Lima, OH",2,3.926889981539015,11064.0,89.669,57.275,64038.0,71415.9854576275,64678.78328276013,52340.07090724574,0.22672824193499586,0.34545454545454546
27180,"Jackson, TN",2,9,33740,"Monroe, LA",2,4.031468570649285,11172.0,83.597,42.815,51660.0,61796.4759500939,62682.74243490622,49318.626497731435,0.26206553733126503,0.40601503759398494
27180,"Jackson, TN",2,10,21780,"Evansville, IN",4,4.07960759747064,11832.0,91.528,66.735,68232.0,74547.67939865396,64327.87401552051,51400.68233647148,0.2355851644071024,0.3278236914600551
27260,"Jacksonville, FL",3,1,45300,"Tampa-St. Petersburg-Clearwater, FL",3,3.094619023588503,19536.0,100.89,125.839,74392.0,73735.75180890078,59465.07072966093,40101.40733388336,0.37957932846007064,0.24006359300476948
27260,"Jacksonville, FL",3,2,34980,"Nashville-Davidson--Murfreesboro--Franklin, TN",1,3.421191313980311,18336.0,96.338,104.626,85447.0,88695.0113143308,65971.2658122988,46938.27779095728,0.3405239575125513,0.24666666666666667
27260,"Jacksonville, FL",3,3,41700,"San Antonio-New Braunfels, TX",4,3.499234886299387,16356.0,94.716,94.575,76213.0,80464.75780227206,65452.93090162896,48184.465172501885,0.3194721786194416,0.20689655172413793
27260,"Jacksonville, FL",3,4,16740,"Charlotte-Concord-Gastonia, NC-SC",1,3.5111271066921588,17676.0,97.348,97.635,83304.0,85573.40674692855,65335.56193294378,47178.02402769663,0.32930309038430056,0.20500782472613457
27260,"Jacksonville, FL",3,5,16700,"Charleston-North Charleston, SC",3,3.52968457088708,19260.0,100.962,119.77,85254.0,84441.67112378916,63358.45642415075,44281.97220236433,0.363787039055273,0.2874015748031496
27260,"Jacksonville, FL",3,6,38060,"Phoenix-Mesa-Chandler, AZ",1,3.702567311724681,20424.0,103.316,121.236,88301.0,85466.91703124394,63795.93762867011,44027.46033570484,0.36109507456401635,0.23355263157894737
27260,"Jacksonville, FL",3,7,14260,"Boise City, ID",3,3.7583320293303464,17844.0,98.391,105.58,85987.0,87393.15587807828,62582.30278719957,44446.497683074194,0.33615988563011345,0.2851153039832285
27260,"Jacksonville, FL",3,8,12060,"Atlanta-Sandy Springs-Roswell, GA",1,4.275451615920204,20064.0,100.058,111.022,89724.0,89671.99024565752,65399.90559141387,45347.53596579673,0.3707652333637077,0.20268256333830104
27260,"Jacksonville, FL",3,9,42340,"Savannah, GA",3,4.437353186376559,17448.0,95.206,86.012,77180.0,81066.31934962083,62240.72121680006,43914.14516066914,0.3525628748734045,0.26153846153846155
27260,"Jacksonville, FL",3,10,37860,"Pensacola-Ferry Pass-Brent, FL",3,4.514812151591609,16248.0,97.717,98.77,75967.0,77741.84635222121,58562.87738004662,41935.26908261629,0.3324508354890374,0.3230769230769231
27340,"Jacksonville, NC",3,1,19300,"Daphne-Fairhope-Foley, AL",3,4.447804785539286,15324.0,94.69,89.15,78775.0,83192.52296969057,56427.54314236325,40244.20804890037,0.34405650080153694,0.4128787878787879
27340,"Jacksonville, NC",3,2,37460,"Panama City-Panama City Beach, FL",3,4.748251207388197,17472.0,97.296,96.424,71514.0,73501.48001973359,58354.237566858705,40396.6647992218,0.36177488698844124,0.3771043771043771
27340,"Jacksonville, NC",3,3,43640,"Slidell-Mandeville-Covington, LA",3,4.938109970009103,15984.0,92.726,85.449,81202.0,87571.98628216465,59338.88760765797,42101.003950431295,0.35668548159307384,0.4307692307692308
27340,"Jacksonville, NC",3,4,46660,"Valdosta, GA",2,4.981111272292784,12300.0,88.271,58.758,57085.0,64670.163473847584,59038.44953295425,45104.08830446471,0.2825291611788849,0.35864978902953587
27340,"Jacksonville, NC",3,5,39150,"Prescott Valley-Prescott, AZ",3,5.1260196124249635,16212.0,98.255,98.781,69613.0,70849.3206452598,60312.06677738661,43812.1431093799,0.3176941760564194,0.3861003861003861
27340,"Jacksonville, NC",3,6,41660,"San Angelo, TX",2,5.174722316412762,13860.0,92.453,81.442,68419.0,74004.08856391897,58094.47881147742,43103.07777527525,0.30891388764814864,0.3392070484581498
27340,"Jacksonville, NC",3,7,36100,"Ocala, FL",3,5.399094199862325,15324.0,95.234,86.23,61010.0,64063.25471995296,56391.25544287655,40300.3635345245,0.3291928952142377,0.33225806451612905
27340,"Jacksonville, NC",3,8,42680,"Sebastian-Vero Beach-West Vero Corridor, FL",3,5.453149648144154,16284.0,98.308,101.635,73491.0,74755.86930870326,58142.586116411716,41578.318711927845,0.3364726851604395,0.42616033755274263
27340,"Jacksonville, NC",3,9,25620,"Hattiesburg, MS",2,5.464363603674076,12168.0,87.633,60.059,60285.0,68792.57813837254,55486.33373612134,41601.15349580091,0.3000192571494962,0.35655737704918034
27340,"Jacksonville, NC",3,10,48900,"Wilmington, NC",3,5.527481330268786,16668.0,96.422,93.215,76471.0,79308.66399784281,61990.545528534785,44704.034151463165,0.33401982090631044,0.33093525179856115
27500,"Janesville-Beloit, WI",4,1,39540,"Racine-Mount Pleasant, WI",4,2.873987143836744,12960.0,95.961,92.029,78096.0,81383.06186888424,64313.61930148584,50808.132697553,0.24865044638818126,0.31417624521072796
27500,"Janesville-Beloit, WI",4,2,33780,"Monroe, MI",2,3.1127621898493376,12708.0,93.492,74.641,77335.0,82718.30744876566,66457.0452288844,52864.43837482201,0.24608840979640453,0.34183673469387754
27500,"Janesville-Beloit, WI",4,3,20740,"Eau Claire, WI",4,3.186242475424855,12396.0,92.796,72.85,74595.0,80386.00801758695,65810.39035741365,52452.05594644766,0.23801879735332193,0.31715210355987056
27500,"Janesville-Beloit, WI",4,4,29100,"La Crosse-Onalaska, WI-MN",4,3.20865452154621,12324.0,91.769,69.386,73340.0,79918.05511665158,67956.63342042305,54527.26184614416,0.23195177286284113,0.3104575163398693
27500,"Janesville-Beloit, WI",4,5,22540,"Fond du Lac, WI",4,3.266543354669182,11520.0,91.643,67.317,74275.0,81048.19789836647,66735.04795783637,54164.52975131761,0.2248073208782546,0.3613861386138614
27500,"Janesville-Beloit, WI",4,6,48140,"Wausau, WI",4,3.427087589272322,11988.0,92.651,71.464,77884.0,84061.6938834983,66115.57611276988,53176.697957110475,0.23153445639447356,0.29545454545454547
27500,"Janesville-Beloit, WI",4,7,11540,"Appleton, WI",4,3.43434413315576,12720.0,92.419,70.785,85825.0,92865.10349603437,66810.4702638197,53047.066634695824,0.24012503997365162,0.33429394812680113
27500,"Janesville-Beloit, WI",4,8,40420,"Rockford, IL",4,3.4484399734685973,12276.0,92.154,70.076,68033.0,73825.33585085835,66247.96407049483,52926.78430618726,0.23770536809852624,0.29080118694362017
27500,"Janesville-Beloit, WI",4,9,24580,"Green Bay, WI",4,3.893609139284858,12120.0,93.086,74.696,79267.0,85154.5882302387,65835.59204587441,52815.37418282305,0.22732122905949836,0.3058252427184466
27500,"Janesville-Beloit, WI",4,10,44420,"Staunton-Stuarts Draft, VA",2,3.9271996240978537,12816.0,91.128,68.232,73544.0,80704.0646124133,64357.79601245547,50294.061485197104,0.2596089907875784,0.3611111111111111
27620,"Jefferson City, MO",4,1,45820,"Topeka, KS",4,5.091277009406877,11652.0,88.82,64.987,69888.0,78684.98086016663,67111.28207694297,53992.61511004362,0.23044157947003216,0.3374233128834356
27620,"Jefferson City, MO",4,2,21060,"Elizabethtown, KY",2,5.975061209998616,11568.0,90.572,66.669,67534.0,74563.88287771054,63070.00777487575,50297.84860868752,0.23883372018100513,0.3425925925925926
27620,"Jefferson City, MO",4,3,16620,"Charleston, WV",4,6.36057840036324,10752.0,88.717,51.394,60117.0,67762.66104579731,64335.805321624524,52216.36936233825,0.22830744129223363,0.3880597014925373
27620,"Jefferson City, MO",4,4,47380,"Waco, TX",4,6.363055751677843,13812.0,92.55,83.531,66205.0,71534.30578065911,63271.5083520552,48347.68339257384,0.28515605049146603,0.2621082621082621
27620,"Jefferson City, MO",4,5,44100,"Springfield, IL",4,6.4276173630886655,11748.0,92.745,71.616,75895.0,81831.90468488866,66825.75246857957,54158.76233434053,0.22267191134467204,0.30914826498422715
27620,"Jefferson City, MO",4,6,30700,"Lincoln, NE",4,6.4611707961705855,12984.0,91.581,84.208,75049.0,81948.22070080039,66038.39117887121,51860.77791847877,0.24763292461288774,0.40046296296296297
27620,"Jefferson City, MO",4,7,26820,"Idaho Falls, ID",4,6.509469952924119,13524.0,94.412,83.985,80291.0,85043.21484557047,64894.98335528667,50570.53307354283,0.2703297036209735,0.35315985130111527
27620,"Jefferson City, MO",4,8,41140,"St. Joseph, MO-KS",2,6.539129026615764,10740.0,86.382,55.359,65005.0,75252.94621564678,66964.4952308007,54531.34943653802,0.22018524048956223,0.33183856502242154
27620,"Jefferson City, MO",4,9,44180,"Springfield, MO",4,6.540261913752669,11664.0,88.585,65.568,65071.0,73456.00270926229,63126.94834819056,49959.933616576855,0.2404464327024649,0.28672985781990523
27620,"Jefferson City, MO",4,10,17860,"Columbia, MO",4,6.54700822077303,12840.0,89.438,69.248,72340.0,80882.84621749145,66558.14857563554,52201.83470457402,0.25362735798030933,0.309375
27740,"Johnson City, TN",2,1,22500,"Florence, SC",2,5.334590193244344,11208.0,86.774,52.425,54443.0,62741.14366054348,62566.05390515404,49649.74256765663,0.24883360441537591,0.35125448028673834
27740,"Johnson City, TN",2,2,27180,"Jackson, TN",2,5.3370928827363535,11964.0,85.522,56.567,61177.0,71533.64046678047,64366.84420383058,50377.461354972984,0.2560485348037776,0.3711340206185567
27740,"Johnson City, TN",2,3,16020,"Cape Girardeau, MO-IL",2,5.459046679434043,10368.0,86.078,56.422,66759.0,77556.40233276795,63408.829935150614,51363.940416342084,0.22389822940887097,0.32857142857142857
27740,"Johnson City, TN",2,4,11020,"Altoona, PA",2,5.513792644962094,10620.0,89.507,54.978,62382.0,69695.1076452121,62179.822938593694,50314.82913922604,0.22773399270949926,0.35684647302904565
27740,"Johnson City, TN",2,5,10180,"Abilene, TX",2,5.521758790156567,13692.0,90.364,73.791,67328.0,74507.54725333097,61015.10519141739,45863.05348941217,0.29480265501265174,0.3494809688581315
27740,"Johnson City, TN",2,6,44940,"Sumter, SC",2,5.613011651268726,12684.0,88.02,60.833,56693.0,64409.22517609634,62039.69670581962,47629.335424292694,0.289801782055298,0.3563218390804598
27740,"Johnson City, TN",2,7,33740,"Monroe, LA",2,5.6259755408577865,11172.0,83.597,42.815,51660.0,61796.4759500939,62682.74243490622,49318.626497731435,0.26206553733126503,0.40601503759398494
27740,"Johnson City, TN",2,8,43340,"Shreveport-Bossier City, LA",2,5.6925391801778,12168.0,84.766,52.286,55925.0,65975.74499209588,63475.7282131115,49120.916142234026,0.2779671839710722,0.3884057971014493
27740,"Johnson City, TN",2,9,36980,"Owensboro, KY",2,5.863121110091084,10884.0,88.61,55.698,68002.0,76743.03126058007,61968.56622802557,49685.52819620073,0.23782500534711193,0.36633663366336633
27740,"Johnson City, TN",2,10,48700,"Williamsport, PA",2,5.87405197807726,10956.0,92.35,64.392,63917.0,69211.69463995668,61918.573443537956,50055.0109096993,0.22641284961979163,0.358974358974359
27780,"Johnstown, PA",2,1,11020,"Altoona, PA",2,3.566469599473978,10620.0,89.507,54.978,62382.0,69695.1076452121,62179.822938593694,50314.82913922604,0.22773399270949926,0.35684647302904565
27780,"Johnstown, PA",2,2,48260,"Weirton-Steubenville, WV-OH",2,4.285917008470035,9420.0,89.024,52.383,58784.0,66031.63191948239,61784.71012197054,51203.293874666444,0.20762400003583392,0.40782122905027934
27780,"Johnstown, PA",2,3,36980,"Owensboro, KY",2,4.441167301815675,10884.0,88.61,55.698,68002.0,76743.03126058007,61968.56622802557,49685.52819620073,0.23782500534711193,0.36633663366336633
27780,"Johnstown, PA",2,4,48700,"Williamsport, PA",2,4.536675493032489,10956.0,92.35,64.392,63917.0,69211.69463995668,61918.573443537956,50055.0109096993,0.22641284961979163,0.358974358974359
27780,"Johnstown, PA",2,5,31900,"Mansfield, OH",2,4.702541865678573,9888.0,88.872,54.919,59509.0,66960.34746601855,62618.687943722405,51492.57398206969,0.20843290776580617,0.39565217391304347
27780,"Johnstown, PA",2,6,49660,"Youngstown-Warren, OH",2,4.780328606885237,9540.0,87.394,53.448,56713.0,64893.47094766231,63549.85505936163,52633.77386385622,0.20069441219467554,0.3277777777777778
27780,"Johnstown, PA",2,7,26580,"Huntington-Ashland, WV-KY-OH",2,4.824139456754273,10608.0,88.422,51.257,60078.0,67944.62916468752,61336.21257419301,49339.19825648927,0.23270316864726165,0.3569553805774278
27780,"Johnstown, PA",2,8,22500,"Florence, SC",2,4.825666479564263,11208.0,86.774,52.425,54443.0,62741.14366054348,62566.05390515404,49649.74256765663,0.24883360441537591,0.35125448028673834
27780,"Johnstown, PA",2,9,16020,"Cape Girardeau, MO-IL",2,4.87643633229583,10368.0,86.078,56.422,66759.0,77556.40233276795,63408.829935150614,51363.940416342084,0.22389822940887097,0.32857142857142857
27780,"Johnstown, PA",2,10,21500,"Erie, PA",4,5.093972484162759,10848.0,90.95,56.83,63354.0,69658.0538757559,63101.11761660605,51173.68496130094,0.22484026575282168,0.2936046511627907
27860,"Jonesboro, AR",2,1,36980,"Owensboro, KY",2,3.4866447299957106,10884.0,88.61,55.698,68002.0,76743.03126058007,61968.56622802557,49685.52819620073,0.23782500534711193,0.36633663366336633
27860,"Jonesboro, AR",2,2,45500,"Texarkana, TX-AR",2,3.7518153222423654,11400.0,84.012,49.885,55646.0,66235.77584154645,62572.92591513569,49003.43584228894,0.25881687835164313,0.3648068669527897
27860,"Jonesboro, AR",2,3,22900,"Fort Smith, AR-OK",2,3.9396360568145794,10392.0,85.888,53.443,58468.0,68074.70193740685,58892.34541160423,46792.86702114223,0.23832657232574747,0.34797297297297297
27860,"Jonesboro, AR",2,4,48660,"Wichita Falls, TX",2,3.9527225996431348,11940.0,89.513,68.208,65379.0,73038.55305933216,60039.527016390704,46700.68237929889,0.26803627407771496,0.3374485596707819
27860,"Jonesboro, AR",2,5,40660,"Rome, GA",2,4.097367506774682,12168.0,90.161,60.276,65565.0,72719.91215714111,60486.93796730683,46991.080556674744,0.26570970700495744,0.3622448979591837
27860,"Jonesboro, AR",2,6,48700,"Williamsport, PA",2,4.149840235735695,10956.0,92.35,64.392,63917.0,69211.69463995668,61918.573443537956,50055.0109096993,0.22641284961979163,0.358974358974359
27860,"Jonesboro, AR",2,7,43340,"Shreveport-Bossier City, LA",2,4.157230890493124,12168.0,84.766,52.286,55925.0,65975.74499209588,63475.7282131115,49120.916142234026,0.2779671839710722,0.3884057971014493
27860,"Jonesboro, AR",2,8,22500,"Florence, SC",2,4.185373438898245,11208.0,86.774,52.425,54443.0,62741.14366054348,62566.05390515404,49649.74256765663,0.24883360441537591,0.35125448028673834
27860,"Jonesboro, AR",2,9,27180,"Jackson, TN",2,4.256388895449411,11964.0,85.522,56.567,61177.0,71533.64046678047,64366.84420383058,50377.461354972984,0.2560485348037776,0.3711340206185567
27860,"Jonesboro, AR",2,10,30620,"Lima, OH",2,4.323515947767498,11064.0,89.669,57.275,64038.0,71415.9854576275,64678.78328276013,52340.07090724574,0.22672824193499586,0.34545454545454546
27900,"Joplin, MO-KS",2,1,41140,"St. Joseph, MO-KS",2,2.703178107237759,10740.0,86.382,55.359,65005.0,75252.94621564678,66964.4952308007,54531.34943653802,0.22018524048956223,0.33183856502242154
27900,"Joplin, MO-KS",2,2,43580,"Sioux City, IA-NE-SD",4,3.4946929186936733,12024.0,86.454,57.849,75192.0,86973.41939065862,68073.12295123762,54165.14876843521,0.24084804678289062,0.2916666666666667
27900,"Joplin, MO-KS",2,3,27180,"Jackson, TN",2,3.5830850011017845,11964.0,85.522,56.567,61177.0,71533.64046678047,64366.84420383058,50377.461354972984,0.2560485348037776,0.3711340206185567
27900,"Joplin, MO-KS",2,4,40420,"Rockford, IL",4,3.6317747737954806,12276.0,92.154,70.076,68033.0,73825.33585085835,66247.96407049483,52926.78430618726,0.23770536809852624,0.29080118694362017
27900,"Joplin, MO-KS",2,5,24260,"Grand Island, NE",2,3.72040864027101,11148.0,86.657,61.748,69704.0,80436.66408945614,67028.90487235664,54164.39306142389,0.2245023188835738,0.3526315789473684
27900,"Joplin, MO-KS",2,6,28700,"Kingsport-Bristol, TN-VA",4,3.723307319992776,10188.0,86.447,56.496,57792.0,66852.52235473758,65706.86528491796,53921.60957910977,0.21518060993346674,0.27586206896551724
27900,"Joplin, MO-KS",2,7,14540,"Bowling Green, KY",2,3.727176187872706,11700.0,90.179,63.395,63328.0,70224.77516938532,60885.41767580124,47911.2219096029,0.2515916322732563,0.32967032967032966
27900,"Joplin, MO-KS",2,8,44220,"Springfield, OH",2,3.7616396663555545,10464.0,90.482,61.726,63132.0,69772.99352357375,62536.56525648136,50971.834149741895,0.21651752780453368,0.34782608695652173
27900,"Joplin, MO-KS",2,9,15940,"Canton-Massillon, OH",4,3.843346778546093,10896.0,89.406,58.143,67801.0,75834.95514842404,63138.081042181606,50950.979505372,0.22437122305040677,0.3256997455470738
27900,"Joplin, MO-KS",2,10,30620,"Lima, OH",2,3.9093850349209998,11064.0,89.669,57.275,64038.0,71415.9854576275,64678.78328276013,52340.07090724574,0.22672824193499586,0.34545454545454546
27980,"Kahului-Wailuku, HI",3,1,34940,"Naples-Marco Island, FL",3,7.461381398588394,22344.0,103.2,129.441,90045.0,87252.90697674418,62069.15544675643,40417.99265605875,0.41385420867850703,0.3157894736842105
27980,"Kahului-Wailuku, HI",3,2,25940,"Hilton Head Island-Bluffton-Port Royal, SC",3,7.740634654537238,18876.0,98.017,101.235,83304.0,84989.33858412316,58370.05165370473,39112.16781722738,0.3938453566326406,0.322463768115942
27980,"Kahului-Wailuku, HI",3,3,46520,"Urban Honolulu, HI",1,7.955674576813917,24996.0,110.961,135.538,106195.0,95704.79718099152,63501.889663461654,40975.05591106216,0.4167379570982066,0.40210526315789474
27980,"Kahului-Wailuku, HI",3,4,22380,"Flagstaff, AZ",3,7.97723132326711,17676.0,100.325,108.961,72966.0,72729.62870670321,61409.03851101806,43790.29941308633,0.32794761334216854,0.3493975903614458
27980,"Kahului-Wailuku, HI",3,5,14580,"Bozeman, MT",3,8.099763296172682,20328.0,102.51,139.188,93528.0,91237.9280070237,61586.91834942931,41756.657887035406,0.36948574028016967,0.4134275618374558
27980,"Kahului-Wailuku, HI",3,6,13460,"Bend, OR",3,8.221074468982055,20364.0,103.607,109.958,89788.0,86662.09812078334,63998.86696921613,44343.824356265264,0.35544100910429943,0.3914209115281501
27980,"Kahului-Wailuku, HI",3,7,42020,"San Luis Obispo-Paso Robles, CA",1,8.242239826435593,23904.0,108.596,144.362,97446.0,89732.58683561088,65492.69870617381,43480.838232491544,0.399979463955744,0.3521505376344086
27980,"Kahului-Wailuku, HI",3,8,42220,"Santa Rosa-Petaluma, CA",1,8.748172958434766,25896.0,107.784,139.569,104674.0,97114.59956950937,69520.56219415164,45494.73275750057,0.4065091968434686,0.330188679245283
27980,"Kahului-Wailuku, HI",3,9,28740,"Kingston, NY",5,8.883977726822959,17100.0,100.709,110.173,86271.0,85663.64475866109,62617.465097360895,45637.850564399596,0.31443492088828084,0.3735408560311284
27980,"Kahului-Wailuku, HI",3,10,42680,"Sebastian-Vero Beach-West Vero Corridor, FL",3,9.036413923074882,16284.0,98.308,101.635,73491.0,74755.86930870326,58142.586116411716,41578.318711927845,0.3364726851604395,0.42616033755274263
28020,"Kalamazoo-Portage, MI",4,1,10420,"Akron, OH",4,3.349179005422338,12396.0,93.37,76.785,72371.0,77509.9068223198,65443.69046198477,52167.47754563048,0.23829894393732945,0.2775423728813559
28020,"Kalamazoo-Portage, MI",4,2,21780,"Evansville, IN",4,3.567824938026655,11832.0,91.528,66.735,68232.0,74547.67939865396,64327.87401552051,51400.68233647148,0.2355851644071024,0.3278236914600551
28020,"Kalamazoo-Portage, MI",4,3,24580,"Green Bay, WI",4,3.611759494139875,12120.0,93.086,74.696,79267.0,85154.5882302387,65835.59204587441,52815.37418282305,0.22732122905949836,0.3058252427184466
28020,"Kalamazoo-Portage, MI",4,4,27100,"Jackson, MI",4,3.621265227298238,11820.0,91.779,67.092,66073.0,71991.41415792283,65764.28923560276,52885.526119857335,0.23273049433515275,0.34497816593886466
28020,"Kalamazoo-Portage, MI",4,5,40420,"Rockford, IL",4,3.634906462900416,12276.0,92.154,70.076,68033.0,73825.33585085835,66247.96407049483,52926.78430618726,0.23770536809852624,0.29080118694362017
28020,"Kalamazoo-Portage, MI",4,6,29100,"La Crosse-Onalaska, WI-MN",4,3.749378639094606,12324.0,91.769,69.386,73340.0,79918.05511665158,67956.63342042305,54527.26184614416,0.23195177286284113,0.3104575163398693
28020,"Kalamazoo-Portage, MI",4,7,43780,"South Bend-Mishawaka, IN-MI",4,3.7620202669095555,12552.0,92.858,74.586,67217.0,72386.8702750436,64529.314989695355,51011.901304283216,0.24506448426998492,0.3015463917525773
28020,"Kalamazoo-Portage, MI",4,8,23060,"Fort Wayne, IN",4,3.811434276988377,12036.0,92.572,72.277,71213.0,76927.14859784815,63424.868905130206,50423.097311127705,0.23763223462009603,0.3185840707964602
28020,"Kalamazoo-Portage, MI",4,9,20740,"Eau Claire, WI",4,3.8279093751971685,12396.0,92.796,72.85,74595.0,80386.00801758695,65810.39035741365,52452.05594644766,0.23801879735332193,0.31715210355987056
28020,"Kalamazoo-Portage, MI",4,10,37900,"Peoria, IL",4,3.867922209369861,11460.0,91.231,63.763,71857.0,78763.79739342986,69581.11682553023,57019.59716664234,0.21445568399867354,0.30238726790450926
28100,"Kankakee, IL",2,1,40660,"Rome, GA",2,3.236709253742558,12168.0,90.161,60.276,65565.0,72719.91215714111,60486.93796730683,46991.080556674744,0.26570970700495744,0.3622448979591837
28100,"Kankakee, IL",2,2,30620,"Lima, OH",2,4.16583450737428,11064.0,89.669,57.275,64038.0,71415.9854576275,64678.78328276013,52340.07090724574,0.22672824193499586,0.34545454545454546
28100,"Kankakee, IL",2,3,36980,"Owensboro, KY",2,4.352438007984787,10884.0,88.61,55.698,68002.0,76743.03126058007,61968.56622802557,49685.52819620073,0.23782500534711193,0.36633663366336633
28100,"Kankakee, IL",2,4,44220,"Springfield, OH",2,4.480855819878428,10464.0,90.482,61.726,63132.0,69772.99352357375,62536.56525648136,50971.834149741895,0.21651752780453368,0.34782608695652173
28100,"Kankakee, IL",2,5,48660,"Wichita Falls, TX",2,4.550791663403711,11940.0,89.513,68.208,65379.0,73038.55305933216,60039.527016390704,46700.68237929889,0.26803627407771496,0.3374485596707819
28100,"Kankakee, IL",2,6,27860,"Jonesboro, AR",2,4.695484051413151,11148.0,85.876,53.848,56738.0,66069.68186687781,60278.60351726368,47297.09529610759,0.25100764913006907,0.3983402489626556
28100,"Kankakee, IL",2,7,48260,"Weirton-Steubenville, WV-OH",2,4.763791944972765,9420.0,89.024,52.383,58784.0,66031.63191948239,61784.71012197054,51203.293874666444,0.20762400003583392,0.40782122905027934
28100,"Kankakee, IL",2,8,48700,"Williamsport, PA",2,4.887848767268796,10956.0,92.35,64.392,63917.0,69211.69463995668,61918.573443537956,50055.0109096993,0.22641284961979163,0.358974358974359
28100,"Kankakee, IL",2,9,15500,"Burlington, NC",2,4.981044746327479,12768.0,93.196,77.88,65651.0,70444.01047255247,60993.965130447534,47293.8063253486,0.271091232246963,0.2661290322580645
28100,"Kankakee, IL",2,10,14540,"Bowling Green, KY",2,4.9999644015206215,11700.0,90.179,63.395,63328.0,70224.77516938532,60885.41767580124,47911.2219096029,0.2515916322732563,0.32967032967032966
28140,"Kansas City, MO-KS",4,1,18140,"Columbus, OH",4,2.9165633888209634,15288.0,95.469,87.945,81945.0,85834.14511516828,68597.49537246945,52583.92028526837,0.27429271692332724,0.178752107925801
28140,"Kansas City, MO-KS",4,2,36540,"Omaha, NE-IA",4,2.9863255325505187,14304.0,91.911,86.404,84829.0,92294.71989206951,69538.21019913851,53975.32871596457,0.26226383373999673,0.28884826325411334
28140,"Kansas City, MO-KS",4,3,17140,"Cincinnati, OH-KY-IN",4,3.3438917738904927,13260.0,95.37,87.608,81120.0,85058.19440075495,67151.80475042066,53248.06143491264,0.24356120073391233,0.215311004784689
28140,"Kansas City, MO-KS",4,4,26900,"Indianapolis-Carmel-Greenwood, IN",4,3.566800635012672,14292.0,95.696,88.917,79852.0,83443.40411302458,67102.48315808205,52167.689645291546,0.26071779381385785,0.23014586709886548
28140,"Kansas City, MO-KS",4,5,41180,"St. Louis, MO-IL",4,3.591091095288577,13356.0,95.088,79.024,80196.0,84338.71781928319,67041.5904014345,52995.654005674776,0.24362628518226778,0.19314641744548286
28140,"Kansas City, MO-KS",4,6,19780,"Des Moines-West Des Moines, IA",4,3.6253215046719975,13800.0,91.701,84.741,85890.0,93663.10072954494,69766.47267337589,54717.563719275066,0.2534210687134835,0.2922465208747515
28140,"Kansas City, MO-KS",4,7,33340,"Milwaukee-Waukesha, WI",4,3.92846619612132,13668.0,96.937,97.111,78218.0,80689.51999752417,68438.57298461662,54338.69368156412,0.2432016245299029,0.24273504273504273
28140,"Kansas City, MO-KS",4,8,17410,"Cleveland, OH",4,4.018122267345822,12600.0,93.923,79.434,70678.0,75251.00348157533,67255.02311467905,53839.77871234947,0.23579692944191716,0.25938009787928223
28140,"Kansas City, MO-KS",4,9,38300,"Pittsburgh, PA",4,4.033229491170373,12636.0,94.671,71.986,75762.0,80026.6184998574,66463.37941855424,53116.103061486065,0.23725910596419883,0.24960753532182103
28140,"Kansas City, MO-KS",4,10,36420,"Oklahoma City, OK",4,4.2096799168434345,13488.0,90.408,73.885,72094.0,79742.94310238032,66009.0050723851,51089.97135855447,0.27197005468478924,0.2937062937062937
28420,"Kennewick-Richland, WA",5,1,31020,"Longview-Kelso, WA",5,5.928433695614347,14472.0,97.545,82.536,76531.0,78457.12235378542,71716.04350212347,56879.81406955389,0.24305237252199086,0.4029126213592233
28420,"Kennewick-Richland, WA",5,2,34580,"Mount Vernon-Anacortes, WA",5,6.191685970778704,18432.0,102.443,108.165,89263.0,87134.30883515712,70483.64866543798,52491.204086501406,0.2974167363049318,0.4555984555984556
28420,"Kennewick-Richland, WA",5,3,45060,"Syracuse, NY",4,6.3510027198759795,12924.0,95.742,80.656,75492.0,78849.40778341793,70582.2444795936,57083.466513810556,0.22411724162820085,0.30980392156862746
28420,"Kennewick-Richland, WA",5,4,44060,"Spokane-Spokane Valley, WA",5,6.455292056966124,15168.0,100.346,97.059,77488.0,77220.81597672055,68263.22469141947,53147.52501230919,0.2529602704334384,0.30165289256198347
28420,"Kennewick-Richland, WA",5,5,13380,"Bellingham, WA",5,6.652981998509488,18660.0,103.334,112.946,81784.0,79145.29583680104,68420.25426497441,50362.3062517358,0.3076581318562428,0.35135135135135137
28420,"Kennewick-Richland, WA",5,6,35980,"Norwich-New London-Willimantic, CT",5,6.69397067987106,16380.0,100.445,93.662,86586.0,86202.3993230126,70612.52787414845,54305.0959462277,0.27632534853659135,0.3179190751445087
28420,"Kennewick-Richland, WA",5,7,40380,"Rochester, NY",4,6.71543943702988,13716.0,97.035,87.481,76284.0,78614.93275622198,68855.4798247465,54720.37393511904,0.23952373161743856,0.31393298059964725
28420,"Kennewick-Richland, WA",5,8,15380,"Buffalo-Cheektowaga, NY",4,6.719797493422736,12684.0,95.844,80.989,72237.0,75369.35019406537,71795.89607982081,58561.89082127568,0.2184560153424531,0.28027681660899656
28420,"Kennewick-Richland, WA",5,9,49340,"Worcester, MA",5,6.905945702548119,17112.0,102.523,113.001,95939.0,93578.02639407742,71034.52136418616,54343.63249047002,0.27836628366176264,0.35084033613445376
28420,"Kennewick-Richland, WA",5,10,14740,"Bremerton-Silverdale-Port Orchard, WA",1,6.981181650651472,21864.0,105.607,129.641,104158.0,98627.93186057742,71699.63375038122,50996.46066526376,0.33808389781191417,0.3712374581939799
28450,"Kenosha, WI",5,1,16540,"Chambersburg, PA",2,4.41572666842763,13116.0,94.642,71.914,77003.0,81362.39724435241,64245.62840967539,50387.087804024624,0.26030826489152853,0.34615384615384615
28450,"Kenosha, WI",5,2,49620,"York-Hanover, PA",4,4.921994642236357,14316.0,96.0,79.762,84829.0,88363.54166666667,63750.44718013469,48837.94718013469,0.27805188096679934,0.2964824120603015
28450,"Kenosha, WI",5,3,30140,"Lebanon, PA",2,4.923749693042469,13320.0,93.214,66.039,78425.0,84134.35749994636,62203.51361122803,47913.814638970645,0.2692273627288504,0.35023041474654376
28450,"Kenosha, WI",5,4,39740,"Reading, PA",4,5.130548851217267,14172.0,97.06,85.419,79777.0,82193.48856377498,63929.24829493275,49327.970734660754,0.26702749400029324,0.2684729064039409
28450,"Kenosha, WI",5,5,25180,"Hagerstown-Martinsburg, MD-WV",4,5.243058907755006,13908.0,94.171,75.737,78802.0,83679.6890762549,63970.349531323714,49201.47163897894,0.2702539647279858,0.2708333333333333
28450,"Kenosha, WI",5,6,27500,"Janesville-Beloit, WI",4,5.457076933254595,12444.0,93.703,79.552,75673.0,80758.35352123197,66473.54932463648,53193.29148870807,0.24034669263041522,0.32567049808429116
28450,"Kenosha, WI",5,7,42540,"Scranton--Wilkes-Barre, PA",4,5.599751486914116,12036.0,93.556,66.987,65158.0,69645.98742998845,63404.724193869064,50539.702174971295,0.23999877383652904,0.2325056433408578
28450,"Kenosha, WI",5,8,39540,"Racine-Mount Pleasant, WI",4,5.729947826737745,12960.0,95.961,92.029,78096.0,81383.06186888424,64313.61930148584,50808.132697553,0.24865044638818126,0.31417624521072796
28450,"Kenosha, WI",5,9,44420,"Staunton-Stuarts Draft, VA",2,5.735577662149461,12816.0,91.128,68.232,73544.0,80704.0646124133,64357.79601245547,50294.061485197104,0.2596089907875784,0.3611111111111111
28450,"Kenosha, WI",5,10,49020,"Winchester, VA-WV",3,5.765502575566358,16296.0,96.45,90.009,84298.0,87400.72576464489,64025.637400442996,47129.83646731703,0.3182636255664705,0.2653061224489796
28660,"Killeen-Temple, TX",2,1,22180,"Fayetteville, NC",4,3.057070987523189,14544.0,91.978,73.081,61763.0,67149.75320185263,64370.78897748841,48558.31208083921,0.29508008359611204,0.3083832335329341
28660,"Killeen-Temple, TX",2,2,31180,"Lubbock, TX",3,3.4436724778075765,13908.0,91.317,76.357,63629.0,69679.24920880012,60446.15502547761,45215.69410363392,0.30262482152632064,0.2794871794871795
28660,"Killeen-Temple, TX",2,3,12020,"Athens-Clarke County, GA",2,3.5386617422937725,14412.0,93.343,76.759,65608.0,70287.00598866545,60948.05798261451,45508.22853637858,0.3056447161735425,0.3210702341137124
28660,"Killeen-Temple, TX",2,4,11100,"Amarillo, TX",2,3.673551988744315,13032.0,91.82,78.38,69611.0,75812.45915922457,61035.46924106171,46842.48296356226,0.2803830781797324,0.2767857142857143
28660,"Killeen-Temple, TX",2,5,17980,"Columbus, GA-AL",2,3.741987859695794,12828.0,89.296,61.185,59336.0,66448.66511377889,62088.856915922086,47723.15184514624,0.2837119690139352,0.28152492668621704
28660,"Killeen-Temple, TX",2,6,27140,"Jackson, MS",4,3.8539133567726878,12864.0,89.048,64.768,61644.0,69225.58620070074,61146.49303705735,46700.35163017566,0.2819898425244015,0.29082774049217003
28660,"Killeen-Temple, TX",2,7,17300,"Clarksville, TN-KY",2,3.9357494703595153,14484.0,90.947,73.801,68967.0,75832.07802346422,62072.269197078145,46146.51023856385,0.3053920742170733,0.33663366336633666
28660,"Killeen-Temple, TX",2,8,21340,"El Paso, TX",4,3.9561263377042404,12948.0,89.912,71.248,59751.0,66454.97820090756,61103.52958467151,46702.782187216224,0.28833702992574883,0.2627118644067797
28660,"Killeen-Temple, TX",2,9,46340,"Tyler, TX",3,4.004423582212129,14856.0,92.156,79.911,74192.0,80506.96644819653,59821.31703505932,43700.82569428932,0.32118232163227556,0.3069908814589666
28660,"Killeen-Temple, TX",2,10,10180,"Abilene, TX",2,4.060757523881028,13692.0,90.364,73.791,67328.0,74507.54725333097,61015.10519141739,45863.05348941217,0.29480265501265174,0.3494809688581315
28700,"Kingsport-Bristol, TN-VA",4,1,21780,"Evansville, IN",4,3.579315179777793,11832.0,91.528,66.735,68232.0,74547.67939865396,64327.87401552051,51400.68233647148,0.2355851644071024,0.3278236914600551
28700,"Kingsport-Bristol, TN-VA",4,2,15940,"Canton-Massillon, OH",4,3.6201000907445255,10896.0,89.406,58.143,67801.0,75834.95514842404,63138.081042181606,50950.979505372,0.22437122305040677,0.3256997455470738
28700,"Kingsport-Bristol, TN-VA",4,3,27900,"Joplin, MO-KS",2,3.723307319992776,11136.0,85.718,53.976,61901.0,72214.70402949204,65535.97466175526,52544.537624026896,0.23239779092365825,0.31690140845070425
28700,"Kingsport-Bristol, TN-VA",4,4,31340,"Lynchburg, VA",4,3.748798698577386,11892.0,89.363,63.912,68996.0,77208.6881595291,66726.68393557685,53419.16292576295,0.23931646222428965,0.3181818181818182
28700,"Kingsport-Bristol, TN-VA",4,5,49660,"Youngstown-Warren, OH",2,3.7579876758090762,9540.0,87.394,53.448,56713.0,64893.47094766231,63549.85505936163,52633.77386385622,0.20069441219467554,0.3277777777777778
28700,"Kingsport-Bristol, TN-VA",4,6,41140,"St. Joseph, MO-KS",2,3.830916812058115,10740.0,86.382,55.359,65005.0,75252.94621564678,66964.4952308007,54531.34943653802,0.22018524048956223,0.33183856502242154
28700,"Kingsport-Bristol, TN-VA",4,7,49180,"Winston-Salem, NC",4,3.9887179312865366,12192.0,92.043,71.377,65975.0,71678.45463533347,63979.902085542344,50733.91922970323,0.24631398755916462,0.2692307692307692
28700,"Kingsport-Bristol, TN-VA",4,8,14540,"Bowling Green, KY",2,4.005728916425759,11700.0,90.179,63.395,63328.0,70224.77516938532,60885.41767580124,47911.2219096029,0.2515916322732563,0.32967032967032966
28700,"Kingsport-Bristol, TN-VA",4,9,22420,"Flint, MI",4,4.038441154884349,11868.0,93.034,74.039,62281.0,66944.34292839176,65006.57327924778,52249.94666962119,0.23458804632094313,0.32621951219512196
28700,"Kingsport-Bristol, TN-VA",4,10,44180,"Springfield, MO",4,4.047150688815499,11664.0,88.585,65.568,65071.0,73456.00270926229,63126.94834819056,49959.933616576855,0.2404464327024649,0.28672985781990523
28740,"Kingston, NY",5,1,20100,"Dover, DE",3,4.318020614178777,16248.0,97.507,95.899,74477.0,76381.18288943358,63119.146253602295,46455.727217020314,0.3177849740883776,0.36328125
28740,"Kingston, NY",5,2,32780,"Medford, OR",5,4.468750108870068,16296.0,101.433,97.658,73999.0,72953.57526643202,62144.5270666695,46078.74965695077,0.29616088827104076,0.35174418604651164
28740,"Kingston, NY",5,3,41540,"Salisbury, MD",2,4.592110142403091,15288.0,95.617,87.212,73802.0,77185.01940031584,64197.91982597236,48209.13122143551,0.2976588692551509,0.3983402489626556
28740,"Kingston, NY",5,4,13460,"Bend, OR",3,5.102227216371137,20364.0,103.607,109.958,89788.0,86662.09812078334,63998.86696921613,44343.824356265264,0.35544100910429943,0.3914209115281501
28740,"Kingston, NY",5,5,24300,"Grand Junction, CO",2,5.377634839845235,14184.0,95.476,86.367,73658.0,77148.18383677573,62686.99538552695,47830.90589706912,0.27235353663590656,0.42402826855123676
28740,"Kingston, NY",5,6,45900,"Traverse City, MI",2,5.404017118249522,14700.0,93.372,78.146,80889.0,86630.8957717517,63845.01731270337,48101.539610608525,0.28270572947977574,0.3971119133574007
28740,"Kingston, NY",5,7,24020,"Glens Falls, NY",2,5.444030506381298,12924.0,94.866,76.231,75836.0,79940.12607256552,65441.69467700668,51818.26794877949,0.24111018809398313,0.4357976653696498
28740,"Kingston, NY",5,8,21660,"Eugene-Springfield, OR",5,5.452323371692581,16260.0,101.568,98.35,71544.0,70439.50850661626,64475.11932439578,48466.14011834663,0.2889320409761229,0.3464203233256351
28740,"Kingston, NY",5,9,13380,"Bellingham, WA",5,5.4712506834587185,18660.0,103.334,112.946,81784.0,79145.29583680104,68420.25426497441,50362.3062517358,0.3076581318562428,0.35135135135135137
28740,"Kingston, NY",5,10,11700,"Asheville, NC",3,5.4901260842593125,15552.0,96.506,93.371,71838.0,74438.89499098502,61864.169371974436,45749.10916846377,0.3029191910352288,0.3237410071942446
28880,"Kiryas Joel-Poughkeepsie-Newburgh, NY",5,1,33700,"Modesto, CA",5,5.718883561373361,19476.0,104.108,108.476,81468.0,78253.35228800861,67774.94121726394,49067.44515548194,0.3266800405031649,0.3374384236453202
28880,"Kiryas Joel-Poughkeepsie-Newburgh, NY",5,2,13380,"Bellingham, WA",5,5.90739087827495,18660.0,103.334,112.946,81784.0,79145.29583680104,68420.25426497441,50362.3062517358,0.3076581318562428,0.35135135135135137
28880,"Kiryas Joel-Poughkeepsie-Newburgh, NY",5,3,38860,"Portland-South Portland, ME",1,5.999804053055651,17820.0,101.858,105.164,92175.0,90493.62838461387,65501.915349666735,48006.971408101024,0.3058479428735404,0.3081761006289308
28880,"Kiryas Joel-Poughkeepsie-Newburgh, NY",5,4,13460,"Bend, OR",3,6.034735072673186,20364.0,103.607,109.958,89788.0,86662.09812078334,63998.86696921613,44343.824356265264,0.35544100910429943,0.3914209115281501
28880,"Kiryas Joel-Poughkeepsie-Newburgh, NY",5,5,41420,"Salem, OR",5,6.125858171505043,16788.0,103.649,110.333,78900.0,76122.297369005,65913.51063560153,49716.53816119271,0.2875189685609681,0.313953488372093
28880,"Kiryas Joel-Poughkeepsie-Newburgh, NY",5,6,31700,"Manchester-Nashua, NH",1,6.275430954149429,19476.0,105.657,134.22,103545.0,98001.07896305971,63863.91534751542,45430.6832852763,0.34212374074494756,0.3234624145785877
28880,"Kiryas Joel-Poughkeepsie-Newburgh, NY",5,7,46520,"Urban Honolulu, HI",1,6.349902212308738,24996.0,110.961,135.538,106195.0,95704.79718099152,63501.889663461654,40975.05591106216,0.4167379570982066,0.40210526315789474
28880,"Kiryas Joel-Poughkeepsie-Newburgh, NY",5,8,21660,"Eugene-Springfield, OR",5,6.378375997419354,16260.0,101.568,98.35,71544.0,70439.50850661626,64475.11932439578,48466.14011834663,0.2889320409761229,0.3464203233256351
28880,"Kiryas Joel-Poughkeepsie-Newburgh, NY",5,9,32780,"Medford, OR",5,6.501292167994514,16296.0,101.433,97.658,73999.0,72953.57526643202,62144.5270666695,46078.74965695077,0.29616088827104076,0.35174418604651164
28880,"Kiryas Joel-Poughkeepsie-Newburgh, NY",5,10,10900,"Allentown-Bethlehem-Easton, PA-NJ",4,6.543901617071634,16380.0,99.968,105.52,84587.0,84614.07650448143,64048.92702919836,47663.683751349454,0.3001356390785087,0.25775193798449614
28940,"Knoxville, TN",4,1,16860,"Chattanooga, TN-GA",4,2.336556995325262,13956.0,91.464,76.55,72161.0,78895.52173532757,62800.371904345215,47541.90955850423,0.286937745330927,0.2907488986784141
28940,"Knoxville, TN",4,2,24860,"Greenville-Anderson-Greer, SC",4,2.497590465975935,13800.0,93.26,76.836,71240.0,76388.59103581385,64467.9390950032,49670.598327257125,0.27513359975790086,0.2655038759689923
28940,"Knoxville, TN",4,3,36420,"Oklahoma City, OK",4,2.8038311152420223,13488.0,90.408,73.885,72094.0,79742.94310238032,66009.0050723851,51089.97135855447,0.27197005468478924,0.2937062937062937
28940,"Knoxville, TN",4,4,46140,"Tulsa, OK",4,3.119755613713751,12936.0,89.214,68.235,69359.0,77744.52440199968,65785.36914696037,51285.40277396959,0.2634387283725328,0.2770137524557957
28940,"Knoxville, TN",4,5,30460,"Lexington-Fayette, KY",4,3.1523507635914743,13656.0,92.889,77.093,71966.0,77475.26617791127,65679.17980959354,50977.761988322985,0.2637648845559352,0.2595078299776286
28940,"Knoxville, TN",4,6,24660,"Greensboro-High Point, NC",4,3.230641392283259,13116.0,92.865,74.519,65565.0,70602.48748182846,64513.973821422944,50390.245829176136,0.2594799531728843,0.278
28940,"Knoxville, TN",4,7,47380,"Waco, TX",4,3.4014242560496695,13812.0,92.55,83.531,66205.0,71534.30578065911,63271.5083520552,48347.68339257384,0.28515605049146603,0.2621082621082621
28940,"Knoxville, TN",4,8,13820,"Birmingham, AL",4,3.5671844787028606,14064.0,91.644,71.851,71498.0,78017.10968530399,65723.20893893762,50376.868753000745,0.2824240211735994,0.31392931392931395
28940,"Knoxville, TN",4,9,22220,"Fayetteville-Springdale-Rogers, AR",4,3.5675673970541433,13884.0,91.353,76.886,81650.0,89378.56446969448,63245.08247483576,48046.89522318557,0.28781528593000755,0.24449877750611246
28940,"Knoxville, TN",4,10,31140,"Louisville/Jefferson County, KY-IN",4,3.5918593727923205,13392.0,93.074,78.558,73863.0,79359.43442851923,65402.935966981255,51014.384921576515,0.2548875194337051,0.21847246891651864
29020,"Kokomo, IN",2,1,24140,"Goldsboro, NC",2,4.700204092538999,11580.0,88.462,57.684,59733.0,67523.9085709118,60073.05161161477,46982.68512657035,0.26023030310527223,0.27835051546391754
29020,"Kokomo, IN",2,2,34620,"Muncie, IN",2,4.9905961764065445,10872.0,88.148,57.474,58127.0,65942.50578572402,64374.798166014705,52040.99592433027,0.23166642453710123,0.375609756097561
29020,"Kokomo, IN",2,3,33140,"Michigan City-La Porte, IN",2,5.192641787157221,11712.0,91.682,68.451,71055.0,77501.58155363103,60308.200852819915,47533.61042067401,0.24751796376976304,0.34759358288770054
29020,"Kokomo, IN",2,4,12220,"Auburn-Opelika, AL",2,5.534696817936146,12312.0,87.933,62.078,63649.0,72383.51927035356,62628.00710071414,48626.437724029616,0.27210367255887064,0.3426294820717131
29020,"Kokomo, IN",2,5,40980,"Saginaw, MI",4,5.583325801084165,11364.0,90.891,63.647,60622.0,66697.47279708661,65266.14375970962,52763.25568498275,0.2258077324135344,0.3129496402877698
29020,"Kokomo, IN",2,6,36980,"Owensboro, KY",2,5.649855621141996,10884.0,88.61,55.698,68002.0,76743.03126058007,61968.56622802557,49685.52819620073,0.23782500534711193,0.36633663366336633
29020,"Kokomo, IN",2,7,19500,"Decatur, IL",4,5.672812354139204,10164.0,88.422,56.186,62666.0,70871.5025672344,68827.25162565021,57332.37478504493,0.19838139507214525,0.26063829787234044
29020,"Kokomo, IN",2,8,31340,"Lynchburg, VA",4,5.682224086524726,11892.0,89.363,63.912,68996.0,77208.6881595291,66726.68393557685,53419.16292576295,0.23931646222428965,0.3181818181818182
29020,"Kokomo, IN",2,9,30620,"Lima, OH",2,5.72620732831956,11064.0,89.669,57.275,64038.0,71415.9854576275,64678.78328276013,52340.07090724574,0.22672824193499586,0.34545454545454546
29020,"Kokomo, IN",2,10,34740,"Muskegon-Norton Shores, MI",2,5.728376332073977,12336.0,92.519,74.228,65024.0,70281.77995871118,61434.03112928609,48100.55368141052,0.2543614238559642,0.36134453781512604
29100,"La Crosse-Onalaska, WI-MN",4,1,20740,"Eau Claire, WI",4,1.8823397672097155,12396.0,92.796,72.85,74595.0,80386.00801758695,65810.39035741365,52452.05594644766,0.23801879735332193,0.31715210355987056
29100,"La Crosse-Onalaska, WI-MN",4,2,24580,"Green Bay, WI",4,3.1409592388281053,12120.0,93.086,74.696,79267.0,85154.5882302387,65835.59204587441,52815.37418282305,0.22732122905949836,0.3058252427184466
29100,"La Crosse-Onalaska, WI-MN",4,3,27500,"Janesville-Beloit, WI",4,3.20865452154621,12444.0,93.703,79.552,75673.0,80758.35352123197,66473.54932463648,53193.29148870807,0.24034669263041522,0.32567049808429116
29100,"La Crosse-Onalaska, WI-MN",4,4,43780,"South Bend-Mishawaka, IN-MI",4,3.302082644885467,12552.0,92.858,74.586,67217.0,72386.8702750436,64529.314989695355,51011.901304283216,0.24506448426998492,0.3015463917525773
29100,"La Crosse-Onalaska, WI-MN",4,5,21780,"Evansville, IN",4,3.3925900329072225,11832.0,91.528,66.735,68232.0,74547.67939865396,64327.87401552051,51400.68233647148,0.2355851644071024,0.3278236914600551
29100,"La Crosse-Onalaska, WI-MN",4,6,31340,"Lynchburg, VA",4,3.556866077902231,11892.0,89.363,63.912,68996.0,77208.6881595291,66726.68393557685,53419.16292576295,0.23931646222428965,0.3181818181818182
29100,"La Crosse-Onalaska, WI-MN",4,7,28020,"Kalamazoo-Portage, MI",4,3.749378639094606,13116.0,94.84,81.59,72532.0,76478.27920708562,66113.98144242936,52284.37368199071,0.24899406391349468,0.3254437869822485
29100,"La Crosse-Onalaska, WI-MN",4,8,11540,"Appleton, WI",4,3.890705426936592,12720.0,92.419,70.785,85825.0,92865.10349603437,66810.4702638197,53047.066634695824,0.24012503997365162,0.33429394812680113
29100,"La Crosse-Onalaska, WI-MN",4,9,40420,"Rockford, IL",4,3.9291468360982447,12276.0,92.154,70.076,68033.0,73825.33585085835,66247.96407049483,52926.78430618726,0.23770536809852624,0.29080118694362017
29100,"La Crosse-Onalaska, WI-MN",4,10,15940,"Canton-Massillon, OH",4,4.0382070275677835,10896.0,89.406,58.143,67801.0,75834.95514842404,63138.081042181606,50950.979505372,0.22437122305040677,0.3256997455470738
29180,"Lafayette, LA",2,1,33660,"Mobile, AL",2,3.5513892642319895,12624.0,88.098,60.116,58880.0,66834.66139980477,63613.36681434754,49283.870117487226,0.269627839278571,0.34908136482939633
29180,"Lafayette, LA",2,2,43340,"Shreveport-Bossier City, LA",2,3.7067221076196026,12168.0,84.766,52.286,55925.0,65975.74499209588,63475.7282131115,49120.916142234026,0.2779671839710722,0.3884057971014493
29180,"Lafayette, LA",2,3,11100,"Amarillo, TX",2,3.903689162586387,13032.0,91.82,78.38,69611.0,75812.45915922457,61035.46924106171,46842.48296356226,0.2803830781797324,0.2767857142857143
29180,"Lafayette, LA",2,4,46140,"Tulsa, OK",4,4.094064803337354,12936.0,89.214,68.235,69359.0,77744.52440199968,65785.36914696037,51285.40277396959,0.2634387283725328,0.2770137524557957
29180,"Lafayette, LA",2,5,44180,"Springfield, MO",4,4.136171330793706,11664.0,88.585,65.568,65071.0,73456.00270926229,63126.94834819056,49959.933616576855,0.2404464327024649,0.28672985781990523
29180,"Lafayette, LA",2,6,27140,"Jackson, MS",4,4.169892155238669,12864.0,89.048,64.768,61644.0,69225.58620070074,61146.49303705735,46700.35163017566,0.2819898425244015,0.29082774049217003
29180,"Lafayette, LA",2,7,21780,"Evansville, IN",4,4.175285482549592,11832.0,91.528,66.735,68232.0,74547.67939865396,64327.87401552051,51400.68233647148,0.2355851644071024,0.3278236914600551
29180,"Lafayette, LA",2,8,28700,"Kingsport-Bristol, TN-VA",4,4.203473564468816,10188.0,86.447,56.496,57792.0,66852.52235473758,65706.86528491796,53921.60957910977,0.21518060993346674,0.27586206896551724
29180,"Lafayette, LA",2,9,30980,"Longview, TX",2,4.243835117615384,12720.0,89.485,66.749,66647.0,74478.40420182153,61945.59707644817,47730.924226249816,0.2785181405920559,0.3224852071005917
29180,"Lafayette, LA",2,10,14540,"Bowling Green, KY",2,4.253692279188794,11700.0,90.179,63.395,63328.0,70224.77516938532,60885.41767580124,47911.2219096029,0.2515916322732563,0.32967032967032966
29200,"Lafayette-West Lafayette, IN",4,1,14020,"Bloomington, IN",4,3.532639332627747,14112.0,95.084,85.59,65543.0,68931.68146060326,63574.025694922704,48732.41196390591,0.27921642110851186,0.27340823970037453
29200,"Lafayette-West Lafayette, IN",4,2,13980,"Blacksburg-Christiansburg-Radford, VA",4,3.707932635933416,13248.0,92.71,74.371,65839.0,71016.07162118434,65476.72869949841,51187.00806526261,0.260562510282103,0.35815602836879434
29200,"Lafayette-West Lafayette, IN",4,3,23060,"Fort Wayne, IN",4,3.7829018093962365,12036.0,92.572,72.277,71213.0,76927.14859784815,63424.868905130206,50423.097311127705,0.23763223462009603,0.3185840707964602
29200,"Lafayette-West Lafayette, IN",4,4,43780,"South Bend-Mishawaka, IN-MI",4,3.8613410077011636,12552.0,92.858,74.586,67217.0,72386.8702750436,64529.314989695355,51011.901304283216,0.24506448426998492,0.3015463917525773
29200,"Lafayette-West Lafayette, IN",4,5,40420,"Rockford, IL",4,3.96210027717632,12276.0,92.154,70.076,68033.0,73825.33585085835,66247.96407049483,52926.78430618726,0.23770536809852624,0.29080118694362017
29200,"Lafayette-West Lafayette, IN",4,6,27100,"Jackson, MI",4,3.988480552589398,11820.0,91.779,67.092,66073.0,71991.41415792283,65764.28923560276,52885.526119857335,0.23273049433515275,0.34497816593886466
29200,"Lafayette-West Lafayette, IN",4,7,46220,"Tuscaloosa, AL",4,4.017979029177799,12060.0,87.722,58.246,61517.0,70127.22008162149,65711.97733692081,51964.00077459893,0.25317329157969176,0.3193548387096774
29200,"Lafayette-West Lafayette, IN",4,8,43900,"Spartanburg, SC",4,4.135247698056447,12684.0,91.051,68.007,64382.0,70709.8219679081,65350.0431802967,51419.38893157896,0.25919614848189526,0.27011494252873564
29200,"Lafayette-West Lafayette, IN",4,9,12220,"Auburn-Opelika, AL",2,4.1800796923229315,12312.0,87.933,62.078,63649.0,72383.51927035356,62628.00710071414,48626.437724029616,0.27210367255887064,0.3426294820717131
29200,"Lafayette-West Lafayette, IN",4,10,34740,"Muskegon-Norton Shores, MI",2,4.192372325482513,12336.0,92.519,74.228,65024.0,70281.77995871118,61434.03112928609,48100.55368141052,0.2543614238559642,0.36134453781512604
29340,"Lake Charles, LA",2,1,25060,"Gulfport-Biloxi, MS",2,5.015031640915515,13164.0,90.006,67.906,62418.0,69348.71008599427,61678.51801553741,47052.82639497877,0.29109976332567916,0.383248730964467
29340,"Lake Charles, LA",2,2,33660,"Mobile, AL",2,5.0239808940009665,12624.0,88.098,60.116,58880.0,66834.66139980477,63613.36681434754,49283.870117487226,0.269627839278571,0.34908136482939633
29340,"Lake Charles, LA",2,3,12940,"Baton Rouge, LA",4,5.093918106530878,13620.0,90.78,74.183,69599.0,76667.76823088786,64713.738341778655,49710.43364911507,0.2807868502063127,0.3291139240506329
29340,"Lake Charles, LA",2,4,13140,"Beaumont-Port Arthur, TX",4,5.144598637326475,13272.0,90.046,70.939,64659.0,71806.63216578194,67602.97064802509,52863.83731617248,0.27114437322021245,0.3203342618384401
29340,"Lake Charles, LA",2,5,29180,"Lafayette, LA",2,5.214946921691602,11724.0,87.209,58.845,60892.0,69823.06871997156,61722.79389203087,48279.22728766664,0.2661046210296421,0.29846153846153844
29340,"Lake Charles, LA",2,6,46220,"Tuscaloosa, AL",4,5.2396009232492275,12060.0,87.722,58.246,61517.0,70127.22008162149,65711.97733692081,51964.00077459893,0.25317329157969176,0.3193548387096774
29340,"Lake Charles, LA",2,7,30980,"Longview, TX",2,5.3415515084903475,12720.0,89.485,66.749,66647.0,74478.40420182153,61945.59707644817,47730.924226249816,0.2785181405920559,0.3224852071005917
29340,"Lake Charles, LA",2,8,43340,"Shreveport-Bossier City, LA",2,5.535270274766854,12168.0,84.766,52.286,55925.0,65975.74499209588,63475.7282131115,49120.916142234026,0.2779671839710722,0.3884057971014493
29340,"Lake Charles, LA",2,9,18580,"Corpus Christi, TX",3,5.705333031822279,15300.0,92.671,84.905,67453.0,72787.60345739228,62721.401517195234,46211.38220155172,0.3196434298238254,0.3065326633165829
29340,"Lake Charles, LA",2,10,40580,"Rocky Mount, NC",2,5.752401177542616,11040.0,88.012,56.103,59636.0,67758.94196245966,63586.16470998596,51042.42067508163,0.23718808245067868,0.37398373983739835
29420,"Lake Havasu City-Kingman, AZ",2,1,41660,"San Angelo, TX",2,4.166786735369364,13860.0,92.453,81.442,68419.0,74004.08856391897,58094.47881147742,43103.07777527525,0.30891388764814864,0.3392070484581498
29420,"Lake Havasu City-Kingman, AZ",2,2,39150,"Prescott Valley-Prescott, AZ",3,4.198686317096777,16212.0,98.255,98.781,69613.0,70849.3206452598,60312.06677738661,43812.1431093799,0.3176941760564194,0.3861003861003861
29420,"Lake Havasu City-Kingman, AZ",2,3,46660,"Valdosta, GA",2,4.247363458788631,12300.0,88.271,58.758,57085.0,64670.163473847584,59038.44953295425,45104.08830446471,0.2825291611788849,0.35864978902953587
29420,"Lake Havasu City-Kingman, AZ",2,4,36100,"Ocala, FL",3,4.333016925962657,15324.0,95.234,86.23,61010.0,64063.25471995296,56391.25544287655,40300.3635345245,0.3291928952142377,0.33225806451612905
29420,"Lake Havasu City-Kingman, AZ",2,5,47020,"Victoria, TX",2,4.818826015931728,13812.0,89.839,69.318,70236.0,78179.85507407696,60374.08746734778,44999.91811995968,0.30440067181058594,0.4020618556701031
29420,"Lake Havasu City-Kingman, AZ",2,6,10500,"Albany, GA",2,4.838739007724836,11400.0,87.669,54.626,56906.0,64910.05942807606,63410.94034166649,50407.48415989186,0.2527808062075669,0.3601694915254237
29420,"Lake Havasu City-Kingman, AZ",2,7,10180,"Abilene, TX",2,4.8504024141940745,13692.0,90.364,73.791,67328.0,74507.54725333097,61015.10519141739,45863.05348941217,0.29480265501265174,0.3494809688581315
29420,"Lake Havasu City-Kingman, AZ",2,8,11100,"Amarillo, TX",2,4.904286490166169,13032.0,91.82,78.38,69611.0,75812.45915922457,61035.46924106171,46842.48296356226,0.2803830781797324,0.2767857142857143
29420,"Lake Havasu City-Kingman, AZ",2,9,25620,"Hattiesburg, MS",2,4.926844623061266,12168.0,87.633,60.059,60285.0,68792.57813837254,55486.33373612134,41601.15349580091,0.3000192571494962,0.35655737704918034
29420,"Lake Havasu City-Kingman, AZ",2,10,48660,"Wichita Falls, TX",2,4.931280045976561,11940.0,89.513,68.208,65379.0,73038.55305933216,60039.527016390704,46700.68237929889,0.26803627407771496,0.3374485596707819
29460,"Lakeland-Winter Haven, FL",3,1,42340,"Savannah, GA",3,4.058888591742857,17448.0,95.206,86.012,77180.0,81066.31934962083,62240.72121680006,43914.14516066914,0.3525628748734045,0.26153846153846155
29460,"Lakeland-Winter Haven, FL",3,2,36100,"Ocala, FL",3,4.727065206780717,15324.0,95.234,86.23,61010.0,64063.25471995296,56391.25544287655,40300.3635345245,0.3291928952142377,0.33225806451612905
29460,"Lakeland-Winter Haven, FL",3,3,27260,"Jacksonville, FL",3,4.871092772251401,18156.0,99.484,109.777,79643.0,80056.08942141451,61809.61575844957,43559.44487669975,0.3471988980962408,0.21837088388214904
29460,"Lakeland-Winter Haven, FL",3,4,29540,"Lancaster, PA",3,4.930135115193519,16284.0,98.257,93.815,86959.0,88501.58258444691,61217.05816689836,44644.1931292929,0.3136956554666581,0.31685393258426964
29460,"Lakeland-Winter Haven, FL",3,5,32820,"Memphis, TN-MS-AR",4,5.036030240069801,14640.0,92.179,79.807,66401.0,72034.84524674817,65046.729070877205,49164.58671741275,0.2899381216865517,0.1936056838365897
29460,"Lakeland-Winter Haven, FL",3,6,38940,"Port St. Lucie, FL",3,5.25066540978312,18960.0,100.228,113.642,74514.0,74344.49455242048,59021.63945325537,40104.76991580076,0.3778380640189969,0.31767955801104975
29460,"Lakeland-Winter Haven, FL",3,7,16860,"Chattanooga, TN-GA",4,5.2546744659996545,13956.0,91.464,76.55,72161.0,78895.52173532757,62800.371904345215,47541.90955850423,0.286937745330927,0.2907488986784141
29460,"Lakeland-Winter Haven, FL",3,8,37860,"Pensacola-Ferry Pass-Brent, FL",3,5.524943821147987,16248.0,97.717,98.77,75967.0,77741.84635222121,58562.87738004662,41935.26908261629,0.3324508354890374,0.3230769230769231
29460,"Lakeland-Winter Haven, FL",3,9,49620,"York-Hanover, PA",4,5.537965486524289,14316.0,96.0,79.762,84829.0,88363.54166666667,63750.44718013469,48837.94718013469,0.27805188096679934,0.2964824120603015
29460,"Lakeland-Winter Haven, FL",3,10,11100,"Amarillo, TX",2,5.541152234620021,13032.0,91.82,78.38,69611.0,75812.45915922457,61035.46924106171,46842.48296356226,0.2803830781797324,0.2767857142857143
29540,"Lancaster, PA",3,1,49620,"York-Hanover, PA",4,3.4838269891500833,14316.0,96.0,79.762,84829.0,88363.54166666667,63750.44718013469,48837.94718013469,0.27805188096679934,0.2964824120603015
29540,"Lancaster, PA",3,2,39740,"Reading, PA",4,3.71438448923384,14172.0,97.06,85.419,79777.0,82193.48856377498,63929.24829493275,49327.970734660754,0.26702749400029324,0.2684729064039409
29540,"Lancaster, PA",3,3,11700,"Asheville, NC",3,4.011368025619382,15552.0,96.506,93.371,71838.0,74438.89499098502,61864.169371974436,45749.10916846377,0.3029191910352288,0.3237410071942446
29540,"Lancaster, PA",3,4,16860,"Chattanooga, TN-GA",4,4.070071646964699,13956.0,91.464,76.55,72161.0,78895.52173532757,62800.371904345215,47541.90955850423,0.286937745330927,0.2907488986784141
29540,"Lancaster, PA",3,5,10900,"Allentown-Bethlehem-Easton, PA-NJ",4,4.119102049103744,16380.0,99.968,105.52,84587.0,84614.07650448143,64048.92702919836,47663.683751349454,0.3001356390785087,0.25775193798449614
29540,"Lancaster, PA",3,6,14260,"Boise City, ID",3,4.362182866388448,17844.0,98.391,105.58,85987.0,87393.15587807828,62582.30278719957,44446.497683074194,0.33615988563011345,0.2851153039832285
29540,"Lancaster, PA",3,7,39900,"Reno, NV",3,4.422313968290131,19104.0,101.014,123.478,87485.0,86606.80697725067,63229.712016809666,44317.4820288872,0.34879671340643237,0.30364372469635625
29540,"Lancaster, PA",3,8,28940,"Knoxville, TN",4,4.488802857530067,13740.0,92.569,82.783,72422.0,78235.69445494712,64160.4664692093,49317.48447739778,0.27624760022122646,0.29259259259259257
29540,"Lancaster, PA",3,9,42340,"Savannah, GA",3,4.594484164223551,17448.0,95.206,86.012,77180.0,81066.31934962083,62240.72121680006,43914.14516066914,0.3525628748734045,0.26153846153846155
29540,"Lancaster, PA",3,10,17300,"Clarksville, TN-KY",2,4.640871887858875,14484.0,90.947,73.801,68967.0,75832.07802346422,62072.269197078145,46146.51023856385,0.3053920742170733,0.33663366336633666
29620,"Lansing-East Lansing, MI",4,1,31540,"Madison, WI",1,4.163887257030891,16248.0,97.287,99.748,88804.0,91280.4382908302,70765.56801523487,54064.46714872649,0.2777887735363412,0.3302238805970149
29620,"Lansing-East Lansing, MI",4,2,10580,"Albany-Schenectady-Troy, NY",4,4.488761362532096,15360.0,99.566,102.582,88074.0,88457.90731775906,70461.07192936643,55034.118953450954,0.25776651404899287,0.35304347826086957
29620,"Lansing-East Lansing, MI",4,3,45060,"Syracuse, NY",4,4.560350987926852,12924.0,95.742,80.656,75492.0,78849.40778341793,70582.2444795936,57083.466513810556,0.22411724162820085,0.30980392156862746
29620,"Lansing-East Lansing, MI",4,4,40380,"Rochester, NY",4,4.595775531870701,13716.0,97.035,87.481,76284.0,78614.93275622198,68855.4798247465,54720.37393511904,0.23952373161743856,0.31393298059964725
29620,"Lansing-East Lansing, MI",4,5,15380,"Buffalo-Cheektowaga, NY",4,4.818578466739934,12684.0,95.844,80.989,72237.0,75369.35019406537,71795.89607982081,58561.89082127568,0.2184560153424531,0.28027681660899656
29620,"Lansing-East Lansing, MI",4,6,19430,"Dayton-Kettering-Beavercreek, OH",4,4.9429776830564585,12468.0,92.694,72.712,71739.0,77393.3587934494,69465.98837606114,56015.2795923211,0.2309123392681901,0.2871900826446281
29620,"Lansing-East Lansing, MI",4,7,33340,"Milwaukee-Waukesha, WI",4,5.04159060145466,13668.0,96.937,97.111,78218.0,80689.51999752417,68438.57298461662,54338.69368156412,0.2432016245299029,0.24273504273504273
29620,"Lansing-East Lansing, MI",4,8,10420,"Akron, OH",4,5.122482186307059,12396.0,93.37,76.785,72371.0,77509.9068223198,65443.69046198477,52167.47754563048,0.23829894393732945,0.2775423728813559
29620,"Lansing-East Lansing, MI",4,9,19780,"Des Moines-West Des Moines, IA",4,5.195024808779577,13800.0,91.701,84.741,85890.0,93663.10072954494,69766.47267337589,54717.563719275066,0.2534210687134835,0.2922465208747515
29620,"Lansing-East Lansing, MI",4,10,10740,"Albuquerque, NM",4,5.3017377529060985,13872.0,95.546,89.153,70783.0,74082.64082222174,66245.07376741902,51726.412598976596,0.26366986004580767,0.2910602910602911
29700,"Laredo, TX",2,1,21340,"El Paso, TX",4,5.00795396483768,12948.0,89.912,71.248,59751.0,66454.97820090756,61103.52958467151,46702.782187216224,0.28833702992574883,0.2627118644067797
29700,"Laredo, TX",2,2,48660,"Wichita Falls, TX",2,5.998371892188651,11940.0,89.513,68.208,65379.0,73038.55305933216,60039.527016390704,46700.68237929889,0.26803627407771496,0.3374485596707819
29700,"Laredo, TX",2,3,31180,"Lubbock, TX",3,6.12545103274334,13908.0,91.317,76.357,63629.0,69679.24920880012,60446.15502547761,45215.69410363392,0.30262482152632064,0.2794871794871795
29700,"Laredo, TX",2,4,10180,"Abilene, TX",2,6.367495914073149,13692.0,90.364,73.791,67328.0,74507.54725333097,61015.10519141739,45863.05348941217,0.29480265501265174,0.3494809688581315
29700,"Laredo, TX",2,5,25180,"Hagerstown-Martinsburg, MD-WV",4,6.490899070904929,13908.0,94.171,75.737,78802.0,83679.6890762549,63970.349531323714,49201.47163897894,0.2702539647279858,0.2708333333333333
29700,"Laredo, TX",2,6,41660,"San Angelo, TX",2,6.55756551087378,13860.0,92.453,81.442,68419.0,74004.08856391897,58094.47881147742,43103.07777527525,0.30891388764814864,0.3392070484581498
29700,"Laredo, TX",2,7,10500,"Albany, GA",2,6.713606585094046,11400.0,87.669,54.626,56906.0,64910.05942807606,63410.94034166649,50407.48415989186,0.2527808062075669,0.3601694915254237
29700,"Laredo, TX",2,8,17980,"Columbus, GA-AL",2,6.7726400313113055,12828.0,89.296,61.185,59336.0,66448.66511377889,62088.856915922086,47723.15184514624,0.2837119690139352,0.28152492668621704
29700,"Laredo, TX",2,9,46660,"Valdosta, GA",2,6.775573528388688,12300.0,88.271,58.758,57085.0,64670.163473847584,59038.44953295425,45104.08830446471,0.2825291611788849,0.35864978902953587
29700,"Laredo, TX",2,10,11100,"Amarillo, TX",2,6.808954081970471,13032.0,91.82,78.38,69611.0,75812.45915922457,61035.46924106171,46842.48296356226,0.2803830781797324,0.2767857142857143
29740,"Las Cruces, NM",2,1,46540,"Utica-Rome, NY",4,4.600333124804985,11100.0,92.678,66.063,69779.0,75291.87077839402,68576.24046223832,56599.28800318654,0.20433289516250724,0.33240997229916897
29740,"Las Cruces, NM",2,2,21500,"Erie, PA",4,4.728325574424069,10848.0,90.95,56.83,63354.0,69658.0538757559,63101.11761660605,51173.68496130094,0.22484026575282168,0.2936046511627907
29740,"Las Cruces, NM",2,3,22420,"Flint, MI",4,4.83785690064718,11868.0,93.034,74.039,62281.0,66944.34292839176,65006.57327924778,52249.94666962119,0.23458804632094313,0.32621951219512196
29740,"Las Cruces, NM",2,4,13780,"Binghamton, NY",4,5.3637966396466785,11268.0,92.863,69.694,64590.0,69554.07428146839,69819.2476058189,57685.24375067746,0.20875934676794164,0.33432835820895523
29740,"Las Cruces, NM",2,5,43780,"South Bend-Mishawaka, IN-MI",4,5.417115513119431,12552.0,92.858,74.586,67217.0,72386.8702750436,64529.314989695355,51011.901304283216,0.24506448426998492,0.3015463917525773
29740,"Las Cruces, NM",2,6,31340,"Lynchburg, VA",4,5.5351623584619984,11892.0,89.363,63.912,68996.0,77208.6881595291,66726.68393557685,53419.16292576295,0.23931646222428965,0.3181818181818182
29740,"Las Cruces, NM",2,7,14020,"Bloomington, IN",4,5.630273100070492,14112.0,95.084,85.59,65543.0,68931.68146060326,63574.025694922704,48732.41196390591,0.27921642110851186,0.27340823970037453
29740,"Las Cruces, NM",2,8,39380,"Pueblo, CO",2,5.684226817211086,13332.0,91.762,71.285,64010.0,69756.54410322355,65412.420195636885,50883.53024118951,0.2554319191910117,0.39763779527559057
29740,"Las Cruces, NM",2,9,33740,"Monroe, LA",2,5.7233255098860845,11172.0,83.597,42.815,51660.0,61796.4759500939,62682.74243490622,49318.626497731435,0.26206553733126503,0.40601503759398494
29740,"Las Cruces, NM",2,10,28700,"Kingsport-Bristol, TN-VA",4,5.753843302029514,10188.0,86.447,56.496,57792.0,66852.52235473758,65706.86528491796,53921.60957910977,0.21518060993346674,0.27586206896551724
29820,"Las Vegas-Henderson-North Las Vegas, NV",3,1,36740,"Orlando-Kissimmee-Sanford, FL",3,6.21946551022963,21120.0,101.418,123.374,78533.0,77434.9720956832,58961.82523967011,38137.11956612103,0.4124475879134673,0.23
29820,"Las Vegas-Henderson-North Las Vegas, NV",3,2,39900,"Reno, NV",3,6.395454345174733,19104.0,101.014,123.478,87485.0,86606.80697725067,63229.712016809666,44317.4820288872,0.34879671340643237,0.30364372469635625
29820,"Las Vegas-Henderson-North Las Vegas, NV",3,3,12100,"Atlantic City-Hammonton, NJ",5,6.502218984211755,16476.0,98.857,98.673,82105.0,83054.31077212539,66462.73398450785,49796.23591153376,0.297879765946088,0.36675461741424803
29820,"Las Vegas-Henderson-North Las Vegas, NV",3,4,16700,"Charleston-North Charleston, SC",3,6.605322404143913,19260.0,100.962,119.77,85254.0,84441.67112378916,63358.45642415075,44281.97220236433,0.363787039055273,0.2874015748031496
29820,"Las Vegas-Henderson-North Las Vegas, NV",3,5,35840,"North Port-Bradenton-Sarasota, FL",3,6.95150519038969,20964.0,102.417,127.95,80859.0,78950.76012771318,58295.16398581491,37825.90595248059,0.4099315419670332,0.2753303964757709
29820,"Las Vegas-Henderson-North Las Vegas, NV",3,6,47260,"Virginia Beach-Chesapeake-Norfolk, VA-NC",1,6.976339975903341,17736.0,97.941,99.805,82330.0,84060.8121215834,65890.17057801326,47781.30912060523,0.3266761783574887,0.2770034843205575
29820,"Las Vegas-Henderson-North Las Vegas, NV",3,7,14260,"Boise City, ID",3,7.0126919254191815,17844.0,98.391,105.58,85987.0,87393.15587807828,62582.30278719957,44446.497683074194,0.33615988563011345,0.2851153039832285
29820,"Las Vegas-Henderson-North Las Vegas, NV",3,8,27260,"Jacksonville, FL",3,7.208852402840459,18156.0,99.484,109.777,79643.0,80056.08942141451,61809.61575844957,43559.44487669975,0.3471988980962408,0.21837088388214904
29820,"Las Vegas-Henderson-North Las Vegas, NV",3,9,34940,"Naples-Marco Island, FL",3,7.272955974267847,22344.0,103.2,129.441,90045.0,87252.90697674418,62069.15544675643,40417.99265605875,0.41385420867850703,0.3157894736842105
29820,"Las Vegas-Henderson-North Las Vegas, NV",3,10,11700,"Asheville, NC",3,7.310545839327708,15552.0,96.506,93.371,71838.0,74438.89499098502,61864.169371974436,45749.10916846377,0.3029191910352288,0.3237410071942446
29940,"Lawrence, KS",4,1,31740,"Manhattan, KS",2,4.525680720765699,12756.0,90.162,71.971,65469.0,72612.63059825647,63830.00767799487,49682.14050557191,0.2657730092269942,0.35802469135802467
29940,"Lawrence, KS",4,2,12220,"Auburn-Opelika, AL",2,5.300290417914592,12312.0,87.933,62.078,63649.0,72383.51927035356,62628.00710071414,48626.437724029616,0.27210367255887064,0.3426294820717131
29940,"Lawrence, KS",4,3,14020,"Bloomington, IN",4,5.816488823739361,14112.0,95.084,85.59,65543.0,68931.68146060326,63574.025694922704,48732.41196390591,0.27921642110851186,0.27340823970037453
29940,"Lawrence, KS",4,4,17860,"Columbia, MO",4,5.979592240087427,12840.0,89.438,69.248,72340.0,80882.84621749145,66558.14857563554,52201.83470457402,0.25362735798030933,0.309375
29940,"Lawrence, KS",4,5,30700,"Lincoln, NE",4,5.9893579678828,12984.0,91.581,84.208,75049.0,81948.22070080039,66038.39117887121,51860.77791847877,0.24763292461288774,0.40046296296296297
29940,"Lawrence, KS",4,6,17300,"Clarksville, TN-KY",2,6.134709161930629,14484.0,90.947,73.801,68967.0,75832.07802346422,62072.269197078145,46146.51023856385,0.3053920742170733,0.33663366336633666
29940,"Lawrence, KS",4,7,34620,"Muncie, IN",2,6.181772771245154,10872.0,88.148,57.474,58127.0,65942.50578572402,64374.798166014705,52040.99592433027,0.23166642453710123,0.375609756097561
29940,"Lawrence, KS",4,8,11700,"Asheville, NC",3,6.26628100847731,15552.0,96.506,93.371,71838.0,74438.89499098502,61864.169371974436,45749.10916846377,0.3029191910352288,0.3237410071942446
29940,"Lawrence, KS",4,9,43780,"South Bend-Mishawaka, IN-MI",4,6.360254460949111,12552.0,92.858,74.586,67217.0,72386.8702750436,64529.314989695355,51011.901304283216,0.24506448426998492,0.3015463917525773
29940,"Lawrence, KS",4,10,31340,"Lynchburg, VA",4,6.375802231821614,11892.0,89.363,63.912,68996.0,77208.6881595291,66726.68393557685,53419.16292576295,0.23931646222428965,0.3181818181818182
30020,"Lawton, OK",2,1,48660,"Wichita Falls, TX",2,4.648093341884294,11940.0,89.513,68.208,65379.0,73038.55305933216,60039.527016390704,46700.68237929889,0.26803627407771496,0.3374485596707819
30020,"Lawton, OK",2,2,43340,"Shreveport-Bossier City, LA",2,4.685431026093537,12168.0,84.766,52.286,55925.0,65975.74499209588,63475.7282131115,49120.916142234026,0.2779671839710722,0.3884057971014493
30020,"Lawton, OK",2,3,10500,"Albany, GA",2,4.882595295982987,11400.0,87.669,54.626,56906.0,64910.05942807606,63410.94034166649,50407.48415989186,0.2527808062075669,0.3601694915254237
30020,"Lawton, OK",2,4,45500,"Texarkana, TX-AR",2,4.889624008218731,11400.0,84.012,49.885,55646.0,66235.77584154645,62572.92591513569,49003.43584228894,0.25881687835164313,0.3648068669527897
30020,"Lawton, OK",2,5,10180,"Abilene, TX",2,5.005352365286941,13692.0,90.364,73.791,67328.0,74507.54725333097,61015.10519141739,45863.05348941217,0.29480265501265174,0.3494809688581315
30020,"Lawton, OK",2,6,46660,"Valdosta, GA",2,5.0415778891482,12300.0,88.271,58.758,57085.0,64670.163473847584,59038.44953295425,45104.08830446471,0.2825291611788849,0.35864978902953587
30020,"Lawton, OK",2,7,25620,"Hattiesburg, MS",2,5.047427307508792,12168.0,87.633,60.059,60285.0,68792.57813837254,55486.33373612134,41601.15349580091,0.3000192571494962,0.35655737704918034
30020,"Lawton, OK",2,8,41660,"San Angelo, TX",2,5.191565984242021,13860.0,92.453,81.442,68419.0,74004.08856391897,58094.47881147742,43103.07777527525,0.30891388764814864,0.3392070484581498
30020,"Lawton, OK",2,9,25220,"Hammond, LA",2,5.380052320668365,12036.0,84.46,48.16,56760.0,67203.40989817666,60676.539670146114,46426.00687355601,0.2880153084231243,0.3870967741935484
30020,"Lawton, OK",2,10,36980,"Owensboro, KY",2,5.409479293761488,10884.0,88.61,55.698,68002.0,76743.03126058007,61968.56622802557,49685.52819620073,0.23782500534711193,0.36633663366336633
30140,"Lebanon, PA",2,1,16540,"Chambersburg, PA",2,2.9822389475878586,13116.0,94.642,71.914,77003.0,81362.39724435241,64245.62840967539,50387.087804024624,0.26030826489152853,0.34615384615384615
30140,"Lebanon, PA",2,2,44420,"Staunton-Stuarts Draft, VA",2,3.3045171492597194,12816.0,91.128,68.232,73544.0,80704.0646124133,64357.79601245547,50294.061485197104,0.2596089907875784,0.3611111111111111
30140,"Lebanon, PA",2,3,17420,"Cleveland, TN",2,3.9790165181728416,12072.0,88.08,60.327,66135.0,75085.14986376022,61338.95322434151,47633.23115349682,0.27203319219128225,0.3251231527093596
30140,"Lebanon, PA",2,4,40660,"Rome, GA",2,4.026009222963683,12168.0,90.161,60.276,65565.0,72719.91215714111,60486.93796730683,46991.080556674744,0.26570970700495744,0.3622448979591837
30140,"Lebanon, PA",2,5,49620,"York-Hanover, PA",4,4.12399334786841,14316.0,96.0,79.762,84829.0,88363.54166666667,63750.44718013469,48837.94718013469,0.27805188096679934,0.2964824120603015
30140,"Lebanon, PA",2,6,44220,"Springfield, OH",2,4.414605056570062,10464.0,90.482,61.726,63132.0,69772.99352357375,62536.56525648136,50971.834149741895,0.21651752780453368,0.34782608695652173
30140,"Lebanon, PA",2,7,39740,"Reading, PA",4,4.427356484926692,14172.0,97.06,85.419,79777.0,82193.48856377498,63929.24829493275,49327.970734660754,0.26702749400029324,0.2684729064039409
30140,"Lebanon, PA",2,8,36980,"Owensboro, KY",2,4.447375125318549,10884.0,88.61,55.698,68002.0,76743.03126058007,61968.56622802557,49685.52819620073,0.23782500534711193,0.36633663366336633
30140,"Lebanon, PA",2,9,14540,"Bowling Green, KY",2,4.478232093635506,11700.0,90.179,63.395,63328.0,70224.77516938532,60885.41767580124,47911.2219096029,0.2515916322732563,0.32967032967032966
30140,"Lebanon, PA",2,10,15500,"Burlington, NC",2,4.546533190532649,12768.0,93.196,77.88,65651.0,70444.01047255247,60993.965130447534,47293.8063253486,0.271091232246963,0.2661290322580645
30300,"Lewiston, ID-WA",2,1,44940,"Sumter, SC",2,3.755367745750433,12684.0,88.02,60.833,56693.0,64409.22517609634,62039.69670581962,47629.335424292694,0.289801782055298,0.3563218390804598
30300,"Lewiston, ID-WA",2,2,36980,"Owensboro, KY",2,4.030176825520078,10884.0,88.61,55.698,68002.0,76743.03126058007,61968.56622802557,49685.52819620073,0.23782500534711193,0.36633663366336633
30300,"Lewiston, ID-WA",2,3,48700,"Williamsport, PA",2,4.431372170711972,10956.0,92.35,64.392,63917.0,69211.69463995668,61918.573443537956,50055.0109096993,0.22641284961979163,0.358974358974359
30300,"Lewiston, ID-WA",2,4,38540,"Pocatello, ID",2,4.588222352469737,11520.0,88.906,66.396,66499.0,74796.97658200796,62063.57907681719,49106.07339666061,0.24592540601312957,0.3468208092485549
30300,"Lewiston, ID-WA",2,5,46300,"Twin Falls, ID",2,4.670099926418467,12852.0,92.108,73.833,68810.0,74705.78017110348,59987.28474757254,46034.099356509876,0.27227558436631183,0.4236453201970443
30300,"Lewiston, ID-WA",2,6,11020,"Altoona, PA",2,4.670581206639901,10620.0,89.507,54.978,62382.0,69695.1076452121,62179.822938593694,50314.82913922604,0.22773399270949926,0.35684647302904565
30300,"Lewiston, ID-WA",2,7,26820,"Idaho Falls, ID",4,4.744993216605922,13524.0,94.412,83.985,80291.0,85043.21484557047,64894.98335528667,50570.53307354283,0.2703297036209735,0.35315985130111527
30300,"Lewiston, ID-WA",2,8,21060,"Elizabethtown, KY",2,4.969837324165316,11568.0,90.572,66.669,67534.0,74563.88287771054,63070.00777487575,50297.84860868752,0.23883372018100513,0.3425925925925926
30300,"Lewiston, ID-WA",2,9,14540,"Bowling Green, KY",2,5.000545451975329,11700.0,90.179,63.395,63328.0,70224.77516938532,60885.41767580124,47911.2219096029,0.2515916322732563,0.32967032967032966
30300,"Lewiston, ID-WA",2,10,17420,"Cleveland, TN",2,5.005376402787265,12072.0,88.08,60.327,66135.0,75085.14986376022,61338.95322434151,47633.23115349682,0.27203319219128225,0.3251231527093596
30340,"Lewiston-Auburn, ME",2,1,12620,"Bangor, ME",2,3.382130673664271,12492.0,96.508,77.688,66356.0,68756.99423881958,63285.9248892909,50341.9202471887,0.23516302037792222,0.4
30340,"Lewiston-Auburn, ME",2,2,43780,"South Bend-Mishawaka, IN-MI",4,4.698530255339731,12552.0,92.858,74.586,67217.0,72386.8702750436,64529.314989695355,51011.901304283216,0.24506448426998492,0.3015463917525773
30340,"Lewiston-Auburn, ME",2,3,11020,"Altoona, PA",2,4.745388005455209,10620.0,89.507,54.978,62382.0,69695.1076452121,62179.822938593694,50314.82913922604,0.22773399270949926,0.35684647302904565
30340,"Lewiston-Auburn, ME",2,4,27100,"Jackson, MI",4,4.881478079913424,11820.0,91.779,67.092,66073.0,71991.41415792283,65764.28923560276,52885.526119857335,0.23273049433515275,0.34497816593886466
30340,"Lewiston-Auburn, ME",2,5,26820,"Idaho Falls, ID",4,4.9597365359989025,13524.0,94.412,83.985,80291.0,85043.21484557047,64894.98335528667,50570.53307354283,0.2703297036209735,0.35315985130111527
30340,"Lewiston-Auburn, ME",2,6,48700,"Williamsport, PA",2,4.992386746163062,10956.0,92.35,64.392,63917.0,69211.69463995668,61918.573443537956,50055.0109096993,0.22641284961979163,0.358974358974359
30340,"Lewiston-Auburn, ME",2,7,21780,"Evansville, IN",4,4.996345726751648,11832.0,91.528,66.735,68232.0,74547.67939865396,64327.87401552051,51400.68233647148,0.2355851644071024,0.3278236914600551
30340,"Lewiston-Auburn, ME",2,8,48260,"Weirton-Steubenville, WV-OH",2,5.108085450548075,9420.0,89.024,52.383,58784.0,66031.63191948239,61784.71012197054,51203.293874666444,0.20762400003583392,0.40782122905027934
30340,"Lewiston-Auburn, ME",2,9,22420,"Flint, MI",4,5.182315262454843,11868.0,93.034,74.039,62281.0,66944.34292839176,65006.57327924778,52249.94666962119,0.23458804632094313,0.32621951219512196
30340,"Lewiston-Auburn, ME",2,10,44420,"Staunton-Stuarts Draft, VA",2,5.195009687950071,12816.0,91.128,68.232,73544.0,80704.0646124133,64357.79601245547,50294.061485197104,0.2596089907875784,0.3611111111111111
30460,"Lexington-Fayette, KY",4,1,10420,"Akron, OH",4,3.000916270315919,12396.0,93.37,76.785,72371.0,77509.9068223198,65443.69046198477,52167.47754563048,0.23829894393732945,0.2775423728813559
30460,"Lexington-Fayette, KY",4,2,28940,"Knoxville, TN",4,3.1523507635914743,13740.0,92.569,82.783,72422.0,78235.69445494712,64160.4664692093,49317.48447739778,0.27624760022122646,0.29259259259259257
30460,"Lexington-Fayette, KY",4,3,49180,"Winston-Salem, NC",4,3.412798110874504,12192.0,92.043,71.377,65975.0,71678.45463533347,63979.902085542344,50733.91922970323,0.24631398755916462,0.2692307692307692
30460,"Lexington-Fayette, KY",4,4,24860,"Greenville-Anderson-Greer, SC",4,3.4573527002287605,13800.0,93.26,76.836,71240.0,76388.59103581385,64467.9390950032,49670.598327257125,0.27513359975790086,0.2655038759689923
30460,"Lexington-Fayette, KY",4,5,31140,"Louisville/Jefferson County, KY-IN",4,3.5328796997353704,13392.0,93.074,78.558,73863.0,79359.43442851923,65402.935966981255,51014.384921576515,0.2548875194337051,0.21847246891651864
30460,"Lexington-Fayette, KY",4,6,40220,"Roanoke, VA",4,3.5479338282420088,12516.0,93.618,78.531,68761.0,73448.482129505,62641.13272502912,49271.9088578241,0.25237181089584726,0.2727272727272727
30460,"Lexington-Fayette, KY",4,7,17900,"Columbia, SC",4,3.558064509209528,14316.0,93.662,79.455,68359.0,72984.77504217291,63684.94238174577,48400.195098963,0.28677960507808814,0.23391812865497075
30460,"Lexington-Fayette, KY",4,8,12260,"Augusta-Richmond County, GA-SC",4,3.604638889730686,13440.0,91.903,70.603,69344.0,75453.46724263625,65140.91119212998,50516.79663656596,0.2768530164375221,0.271264367816092
30460,"Lexington-Fayette, KY",4,9,38300,"Pittsburgh, PA",4,3.6345574808032586,12636.0,94.671,71.986,75762.0,80026.6184998574,66463.37941855424,53116.103061486065,0.23725910596419883,0.24960753532182103
30460,"Lexington-Fayette, KY",4,10,36420,"Oklahoma City, OK",4,3.7468004981436978,13488.0,90.408,73.885,72094.0,79742.94310238032,66009.0050723851,51089.97135855447,0.27197005468478924,0.2937062937062937
30500,"Lexington Park, MD",1,1,14500,"Boulder, CO",1,8.371179245043926,23592.0,105.202,157.02,103994.0,98851.7328567898,72053.36795727823,49627.93878292793,0.36923796321919705,0.4226044226044226
30500,"Lexington Park, MD",1,2,26620,"Huntsville, AL",4,8.770847746556134,14196.0,93.072,77.946,85989.0,92389.7627643115,68808.83340396959,53556.12582274215,0.27849854255465856,0.272264631043257
30500,"Lexington Park, MD",1,3,14740,"Bremerton-Silverdale-Port Orchard, WA",1,9.34877173404981,21864.0,105.607,129.641,104158.0,98627.93186057742,71699.63375038122,50996.46066526376,0.33808389781191417,0.3712374581939799
30500,"Lexington Park, MD",1,4,17820,"Colorado Springs, CO",1,10.287923999990806,20388.0,100.707,116.207,90144.0,89511.15612618787,66961.94500625262,46717.076228511236,0.3564059462598079,0.34475374732334046
30500,"Lexington Park, MD",1,5,31700,"Manchester-Nashua, NH",1,10.373337326307766,19476.0,105.657,134.22,103545.0,98001.07896305971,63863.91534751542,45430.6832852763,0.34212374074494756,0.3234624145785877
30500,"Lexington Park, MD",1,6,39580,"Raleigh-Cary, NC",1,10.467524234262092,18876.0,98.157,103.476,100103.0,101982.5381786322,66179.1612271303,46948.74464960654,0.34717101034965425,0.2859778597785978
30500,"Lexington Park, MD",1,7,19740,"Denver-Aurora-Centennial, CO",1,10.46815618998151,22488.0,105.782,146.919,105762.0,99981.09319165832,68715.38016701883,47456.564867629524,0.36132324131584176,0.2827140549273021
30500,"Lexington Park, MD",1,8,36500,"Olympia-Lacey-Tumwater, WA",1,10.715198948520186,20832.0,103.67,116.675,96563.0,93144.5934214334,71581.64547165536,51487.114749170556,0.3273678181700215,0.336231884057971
30500,"Lexington Park, MD",1,9,37340,"Palm Bay-Melbourne-Titusville, FL",3,10.72508940587872,18672.0,100.005,111.731,78476.0,78472.0763961802,61954.3789165682,43283.31246989053,0.36083188905335234,0.31786542923433875
30500,"Lexington Park, MD",1,10,15540,"Burlington-South Burlington, VT",1,10.800455045752212,18972.0,100.949,103.842,93043.0,92168.32261835184,66738.16237156141,47944.51409371814,0.3245192313047483,0.39050131926121373
30620,"Lima, OH",2,1,31900,"Mansfield, OH",2,2.993872080962726,9888.0,88.872,54.919,59509.0,66960.34746601855,62618.687943722405,51492.57398206969,0.20843290776580617,0.39565217391304347
30620,"Lima, OH",2,2,36980,"Owensboro, KY",2,3.223084958997069,10884.0,88.61,55.698,68002.0,76743.03126058007,61968.56622802557,49685.52819620073,0.23782500534711193,0.36633663366336633
30620,"Lima, OH",2,3,48260,"Weirton-Steubenville, WV-OH",2,3.266096269097574,9420.0,89.024,52.383,58784.0,66031.63191948239,61784.71012197054,51203.293874666444,0.20762400003583392,0.40782122905027934
30620,"Lima, OH",2,4,44220,"Springfield, OH",2,3.3162691811111604,10464.0,90.482,61.726,63132.0,69772.99352357375,62536.56525648136,50971.834149741895,0.21651752780453368,0.34782608695652173
30620,"Lima, OH",2,5,48700,"Williamsport, PA",2,3.417894948638547,10956.0,92.35,64.392,63917.0,69211.69463995668,61918.573443537956,50055.0109096993,0.22641284961979163,0.358974358974359
30620,"Lima, OH",2,6,45460,"Terre Haute, IN",2,3.4372492619610706,10704.0,87.797,51.923,56594.0,64460.0612777202,64655.30505805231,52463.544519537325,0.22269635004934,0.3898916967509025
30620,"Lima, OH",2,7,40580,"Rocky Mount, NC",2,3.478889467390314,11040.0,88.012,56.103,59636.0,67758.94196245966,63586.16470998596,51042.42067508163,0.23718808245067868,0.37398373983739835
30620,"Lima, OH",2,8,40420,"Rockford, IL",4,3.5321284017938996,12276.0,92.154,70.076,68033.0,73825.33585085835,66247.96407049483,52926.78430618726,0.23770536809852624,0.29080118694362017
30620,"Lima, OH",2,9,15940,"Canton-Massillon, OH",4,3.6051109960027046,10896.0,89.406,58.143,67801.0,75834.95514842404,63138.081042181606,50950.979505372,0.22437122305040677,0.3256997455470738
30620,"Lima, OH",2,10,12980,"Battle Creek, MI",4,3.6637987147368585,11616.0,90.541,61.045,63177.0,69777.22799615645,67014.15253067094,54184.605695535465,0.22634321888355152,0.36796536796536794
30700,"Lincoln, NE",4,1,36540,"Omaha, NE-IA",4,4.004713276543029,14304.0,91.911,86.404,84829.0,92294.71989206951,69538.21019913851,53975.32871596457,0.26226383373999673,0.28884826325411334
30700,"Lincoln, NE",4,2,22020,"Fargo, ND-MN",4,4.294084299471506,11604.0,90.871,81.142,76756.0,84466.99166950952,70028.45303293191,57258.702507461734,0.2124077502340074,0.3530864197530864
30700,"Lincoln, NE",4,3,45820,"Topeka, KS",4,4.461387017688821,11652.0,88.82,64.987,69888.0,78684.98086016663,67111.28207694297,53992.61511004362,0.23044157947003216,0.3374233128834356
30700,"Lincoln, NE",4,4,19780,"Des Moines-West Des Moines, IA",4,4.517131863195385,13800.0,91.701,84.741,85890.0,93663.10072954494,69766.47267337589,54717.563719275066,0.2534210687134835,0.2922465208747515
30700,"Lincoln, NE",4,5,16300,"Cedar Rapids, IA",4,4.535942746533815,11136.0,88.963,71.447,78080.0,87766.82441014805,67989.84945273602,55472.285971288664,0.21432513824084137,0.3076923076923077
30700,"Lincoln, NE",4,6,30460,"Lexington-Fayette, KY",4,4.6142491321009285,13656.0,92.889,77.093,71966.0,77475.26617791127,65679.17980959354,50977.761988322985,0.2637648845559352,0.2595078299776286
30700,"Lincoln, NE",4,7,13900,"Bismarck, ND",4,4.636756539313712,12252.0,91.024,84.013,85156.0,93553.3485674108,70374.38485583403,56914.198531348185,0.22044076465903792,0.4201388888888889
30700,"Lincoln, NE",4,8,17860,"Columbia, MO",4,4.816856653832303,12840.0,89.438,69.248,72340.0,80882.84621749145,66558.14857563554,52201.83470457402,0.25362735798030933,0.309375
30700,"Lincoln, NE",4,9,10420,"Akron, OH",4,4.838154767542137,12396.0,93.37,76.785,72371.0,77509.9068223198,65443.69046198477,52167.47754563048,0.23829894393732945,0.2775423728813559
30700,"Lincoln, NE",4,10,19340,"Davenport-Moline-Rock Island, IA-IL",4,5.007369761043572,11292.0,89.079,68.346,72738.0,81655.60906610986,68382.6994289967,55706.31105463237,0.21823192377203676,0.26218097447795824
30780,"Little Rock-North Little Rock-Conway, AR",4,1,27140,"Jackson, MS",4,2.496533519512493,12864.0,89.048,64.768,61644.0,69225.58620070074,61146.49303705735,46700.35163017566,0.2819898425244015,0.29082774049217003
30780,"Little Rock-North Little Rock-Conway, AR",4,2,44180,"Springfield, MO",4,2.894078591634392,11664.0,88.585,65.568,65071.0,73456.00270926229,63126.94834819056,49959.933616576855,0.2404464327024649,0.28672985781990523
30780,"Little Rock-North Little Rock-Conway, AR",4,3,16860,"Chattanooga, TN-GA",4,3.558272675190654,13956.0,91.464,76.55,72161.0,78895.52173532757,62800.371904345215,47541.90955850423,0.286937745330927,0.2907488986784141
30780,"Little Rock-North Little Rock-Conway, AR",4,4,49180,"Winston-Salem, NC",4,3.640356194594851,12192.0,92.043,71.377,65975.0,71678.45463533347,63979.902085542344,50733.91922970323,0.24631398755916462,0.2692307692307692
30780,"Little Rock-North Little Rock-Conway, AR",4,5,13820,"Birmingham, AL",4,3.6710741468554184,14064.0,91.644,71.851,71498.0,78017.10968530399,65723.20893893762,50376.868753000745,0.2824240211735994,0.31392931392931395
30780,"Little Rock-North Little Rock-Conway, AR",4,6,28940,"Knoxville, TN",4,3.7108705292848403,13740.0,92.569,82.783,72422.0,78235.69445494712,64160.4664692093,49317.48447739778,0.27624760022122646,0.29259259259259257
30780,"Little Rock-North Little Rock-Conway, AR",4,7,17900,"Columbia, SC",4,3.7335703995688485,14316.0,93.662,79.455,68359.0,72984.77504217291,63684.94238174577,48400.195098963,0.28677960507808814,0.23391812865497075
30780,"Little Rock-North Little Rock-Conway, AR",4,8,36420,"Oklahoma City, OK",4,3.747368581872148,13488.0,90.408,73.885,72094.0,79742.94310238032,66009.0050723851,51089.97135855447,0.27197005468478924,0.2937062937062937
30780,"Little Rock-North Little Rock-Conway, AR",4,9,33860,"Montgomery, AL",4,3.768446475708443,13140.0,89.682,64.347,64010.0,71374.41181061974,61830.14057075741,47178.37098488734,0.28340972491274713,0.3485254691689008
30780,"Little Rock-North Little Rock-Conway, AR",4,10,40220,"Roanoke, VA",4,3.9103353200425417,12516.0,93.618,78.531,68761.0,73448.482129505,62641.13272502912,49271.9088578241,0.25237181089584726,0.2727272727272727
30860,"Logan, UT-ID",3,1,26820,"Idaho Falls, ID",4,4.573409548754959,13524.0,94.412,83.985,80291.0,85043.21484557047,64894.98335528667,50570.53307354283,0.2703297036209735,0.35315985130111527
30860,"Logan, UT-ID",3,2,29540,"Lancaster, PA",3,4.659647498614651,16284.0,98.257,93.815,86959.0,88501.58258444691,61217.05816689836,44644.1931292929,0.3136956554666581,0.31685393258426964
30860,"Logan, UT-ID",3,3,17300,"Clarksville, TN-KY",2,4.7384891492818095,14484.0,90.947,73.801,68967.0,75832.07802346422,62072.269197078145,46146.51023856385,0.3053920742170733,0.33663366336633666
30860,"Logan, UT-ID",3,4,16860,"Chattanooga, TN-GA",4,5.095269195967178,13956.0,91.464,76.55,72161.0,78895.52173532757,62800.371904345215,47541.90955850423,0.286937745330927,0.2907488986784141
30860,"Logan, UT-ID",3,5,47380,"Waco, TX",4,5.2760118192390175,13812.0,92.55,83.531,66205.0,71534.30578065911,63271.5083520552,48347.68339257384,0.28515605049146603,0.2621082621082621
30860,"Logan, UT-ID",3,6,20100,"Dover, DE",3,5.293321399254336,16248.0,97.507,95.899,74477.0,76381.18288943358,63119.146253602295,46455.727217020314,0.3177849740883776,0.36328125
30860,"Logan, UT-ID",3,7,17660,"Coeur d'Alene, ID",3,5.334188884433184,17904.0,98.293,105.597,81861.0,83282.63457214653,60748.985176970884,42534.056341753734,0.3479514361497808,0.4024390243902439
30860,"Logan, UT-ID",3,8,41660,"San Angelo, TX",2,5.341182637503294,13860.0,92.453,81.442,68419.0,74004.08856391897,58094.47881147742,43103.07777527525,0.30891388764814864,0.3392070484581498
30860,"Logan, UT-ID",3,9,11700,"Asheville, NC",3,5.382650005556273,15552.0,96.506,93.371,71838.0,74438.89499098502,61864.169371974436,45749.10916846377,0.3029191910352288,0.3237410071942446
30860,"Logan, UT-ID",3,10,14540,"Bowling Green, KY",2,5.386939555025715,11700.0,90.179,63.395,63328.0,70224.77516938532,60885.41767580124,47911.2219096029,0.2515916322732563,0.32967032967032966
30980,"Longview, TX",2,1,11100,"Amarillo, TX",2,3.435350392166182,13032.0,91.82,78.38,69611.0,75812.45915922457,61035.46924106171,46842.48296356226,0.2803830781797324,0.2767857142857143
30980,"Longview, TX",2,2,47380,"Waco, TX",4,3.964070674186886,13812.0,92.55,83.531,66205.0,71534.30578065911,63271.5083520552,48347.68339257384,0.28515605049146603,0.2621082621082621
30980,"Longview, TX",2,3,33660,"Mobile, AL",2,3.9775356721860735,12624.0,88.098,60.116,58880.0,66834.66139980477,63613.36681434754,49283.870117487226,0.269627839278571,0.34908136482939633
30980,"Longview, TX",2,4,18580,"Corpus Christi, TX",3,4.0170707744058065,15300.0,92.671,84.905,67453.0,72787.60345739228,62721.401517195234,46211.38220155172,0.3196434298238254,0.3065326633165829
30980,"Longview, TX",2,5,13140,"Beaumont-Port Arthur, TX",4,4.068931850575527,13272.0,90.046,70.939,64659.0,71806.63216578194,67602.97064802509,52863.83731617248,0.27114437322021245,0.3203342618384401
30980,"Longview, TX",2,6,29180,"Lafayette, LA",2,4.243835117615384,11724.0,87.209,58.845,60892.0,69823.06871997156,61722.79389203087,48279.22728766664,0.2661046210296421,0.29846153846153844
30980,"Longview, TX",2,7,17300,"Clarksville, TN-KY",2,4.460110761222067,14484.0,90.947,73.801,68967.0,75832.07802346422,62072.269197078145,46146.51023856385,0.3053920742170733,0.33663366336633666
30980,"Longview, TX",2,8,14540,"Bowling Green, KY",2,4.489221936091007,11700.0,90.179,63.395,63328.0,70224.77516938532,60885.41767580124,47911.2219096029,0.2515916322732563,0.32967032967032966
30980,"Longview, TX",2,9,46140,"Tulsa, OK",4,4.635825529780782,12936.0,89.214,68.235,69359.0,77744.52440199968,65785.36914696037,51285.40277396959,0.2634387283725328,0.2770137524557957
30980,"Longview, TX",2,10,10180,"Abilene, TX",2,4.644377088230164,13692.0,90.364,73.791,67328.0,74507.54725333097,61015.10519141739,45863.05348941217,0.29480265501265174,0.3494809688581315
31020,"Longview-Kelso, WA",5,1,34580,"Mount Vernon-Anacortes, WA",5,4.8524132945624325,18432.0,102.443,108.165,89263.0,87134.30883515712,70483.64866543798,52491.204086501406,0.2974167363049318,0.4555984555984556
31020,"Longview-Kelso, WA",5,2,49420,"Yakima, WA",5,5.211188162398344,13308.0,95.545,72.628,70656.0,73950.49453137265,68255.84855832382,54327.33319906903,0.237783662979341,0.31864406779661014
31020,"Longview-Kelso, WA",5,3,48300,"Wenatchee-East Wenatchee, WA",5,5.576427621006692,15012.0,103.855,114.958,81938.0,78896.53844302152,65153.42179663622,50698.653128781996,0.26201727484369114,0.3706896551724138
31020,"Longview-Kelso, WA",5,4,33780,"Monroe, MI",2,5.5970261545348885,12708.0,93.492,74.641,77335.0,82718.30744876566,66457.0452288844,52864.43837482201,0.24608840979640453,0.34183673469387754
31020,"Longview-Kelso, WA",5,5,48060,"Watertown-Fort Drum, NY",2,5.775756837988645,14556.0,87.69,53.185,66301.0,75608.3932033299,70249.36328733797,53649.979093017064,0.27582096910209875,0.44559585492227977
31020,"Longview-Kelso, WA",5,6,39820,"Redding, CA",5,5.784385232833711,15804.0,100.684,89.366,72636.0,72142.544992253,67386.68598933466,51690.050972847435,0.2778129955394769,0.38095238095238093
31020,"Longview-Kelso, WA",5,7,27500,"Janesville-Beloit, WI",4,5.873996040986843,12444.0,93.703,79.552,75673.0,80758.35352123197,66473.54932463648,53193.29148870807,0.24034669263041522,0.32567049808429116
31020,"Longview-Kelso, WA",5,8,47460,"Walla Walla, WA",5,5.879612212768234,14616.0,98.519,86.579,74202.0,75317.4514560643,66624.22063111367,51788.503662813135,0.2601921760862579,0.3057324840764331
31020,"Longview-Kelso, WA",5,9,28420,"Kennewick-Richland, WA",5,5.928433695614347,15408.0,100.079,94.824,89010.0,88939.73760729026,76414.21490279165,61018.3776142496,0.24236389307139142,0.3151862464183381
31020,"Longview-Kelso, WA",5,10,22540,"Fond du Lac, WI",4,5.965323239512537,11520.0,91.643,67.317,74275.0,81048.19789836647,66735.04795783637,54164.52975131761,0.2248073208782546,0.3613861386138614
31080,"Los Angeles-Long Beach-Anaheim, CA",1,1,35620,"New York-Newark-Jersey City, NY-NJ",1,5.463845168254246,21960.0,112.563,148.616,99155.0,88088.44824675958,71151.35559500579,51642.2806769599,0.3293776483100348,0.27088948787061995
31080,"Los Angeles-Long Beach-Anaheim, CA",1,2,41740,"San Diego-Chula Vista-Carlsbad, CA",1,5.5736064401216225,26952.0,111.887,179.267,106268.0,94977.96884356538,67620.26615703518,43531.676776678214,0.42713824840312903,0.2852760736196319
31080,"Los Angeles-Long Beach-Anaheim, CA",1,3,38900,"Portland-Vancouver-Hillsboro, OR-WA",1,6.75323767003473,20688.0,105.421,125.114,97436.0,92425.60780110223,69569.50044399414,49945.326892235,0.3268104331421303,0.3063063063063063
31080,"Los Angeles-Long Beach-Anaheim, CA",1,4,40900,"Sacramento-Roseville-Folsom, CA",1,6.851126511693058,21828.0,106.67,130.23,97188.0,91110.90278428799,72284.30998105383,51821.19945325783,0.34014191851906084,0.25232198142414863
31080,"Los Angeles-Long Beach-Anaheim, CA",1,5,19740,"Denver-Aurora-Centennial, CO",1,6.948788161208572,22488.0,105.782,146.919,105762.0,99981.09319165832,68715.38016701883,47456.564867629524,0.36132324131584176,0.2827140549273021
31080,"Los Angeles-Long Beach-Anaheim, CA",1,6,14460,"Boston-Cambridge-Newton, MA-NH",1,7.133085924824945,24276.0,108.266,148.424,115863.0,107016.97670552156,71208.52884058042,48785.97697757634,0.3742820096621183,0.2928679817905918
31080,"Los Angeles-Long Beach-Anaheim, CA",1,7,12580,"Baltimore-Columbia-Towson, MD",1,7.3901776867087445,19332.0,104.487,118.194,99470.0,95198.4457396614,67308.79132704846,48806.96813373255,0.32844073814588853,0.30670926517571884
31080,"Los Angeles-Long Beach-Anaheim, CA",1,8,42660,"Seattle-Tacoma-Bellevue, WA",1,7.603183721771053,24000.0,111.133,151.314,115177.0,103638.88314002143,73204.44272478322,51608.69708667393,0.346298961572771,0.2728613569321534
31080,"Los Angeles-Long Beach-Anaheim, CA",1,9,37980,"Philadelphia-Camden-Wilmington, PA-NJ-DE-MD",1,7.718795473298462,17760.0,102.554,113.141,91289.0,89015.54303098854,66967.56327977296,49649.85748575226,0.30524714301644423,0.20220082530949107
31080,"Los Angeles-Long Beach-Anaheim, CA",1,10,46520,"Urban Honolulu, HI",1,7.742762969585494,24996.0,110.961,135.538,106195.0,95704.79718099152,63501.889663461654,40975.05591106216,0.4167379570982066,0.40210526315789474
31140,"Louisville/Jefferson County, KY-IN",4,1,26900,"Indianapolis-Carmel-Greenwood, IN",4,3.16459491520896,14292.0,95.696,88.917,79852.0,83443.40411302458,67102.48315808205,52167.689645291546,0.26071779381385785,0.23014586709886548
31140,"Louisville/Jefferson County, KY-IN",4,2,24660,"Greensboro-High Point, NC",4,3.2626393124296933,13116.0,92.865,74.519,65565.0,70602.48748182846,64513.973821422944,50390.245829176136,0.2594799531728843,0.278
31140,"Louisville/Jefferson County, KY-IN",4,3,10420,"Akron, OH",4,3.4793675703400218,12396.0,93.37,76.785,72371.0,77509.9068223198,65443.69046198477,52167.47754563048,0.23829894393732945,0.2775423728813559
31140,"Louisville/Jefferson County, KY-IN",4,4,17140,"Cincinnati, OH-KY-IN",4,3.512789864024815,13260.0,95.37,87.608,81120.0,85058.19440075495,67151.80475042066,53248.06143491264,0.24356120073391233,0.215311004784689
31140,"Louisville/Jefferson County, KY-IN",4,5,30460,"Lexington-Fayette, KY",4,3.5328796997353704,13656.0,92.889,77.093,71966.0,77475.26617791127,65679.17980959354,50977.761988322985,0.2637648845559352,0.2595078299776286
31140,"Louisville/Jefferson County, KY-IN",4,6,28940,"Knoxville, TN",4,3.5918593727923205,13740.0,92.569,82.783,72422.0,78235.69445494712,64160.4664692093,49317.48447739778,0.27624760022122646,0.29259259259259257
31140,"Louisville/Jefferson County, KY-IN",4,7,24860,"Greenville-Anderson-Greer, SC",4,3.6132114669984894,13800.0,93.26,76.836,71240.0,76388.59103581385,64467.9390950032,49670.598327257125,0.27513359975790086,0.2655038759689923
31140,"Louisville/Jefferson County, KY-IN",4,8,39740,"Reading, PA",4,3.6228670037284156,14172.0,97.06,85.419,79777.0,82193.48856377498,63929.24829493275,49327.970734660754,0.26702749400029324,0.2684729064039409
31140,"Louisville/Jefferson County, KY-IN",4,9,16860,"Chattanooga, TN-GA",4,3.674545733209488,13956.0,91.464,76.55,72161.0,78895.52173532757,62800.371904345215,47541.90955850423,0.286937745330927,0.2907488986784141
31140,"Louisville/Jefferson County, KY-IN",4,10,46140,"Tulsa, OK",4,3.6753951484069742,12936.0,89.214,68.235,69359.0,77744.52440199968,65785.36914696037,51285.40277396959,0.2634387283725328,0.2770137524557957
31180,"Lubbock, TX",3,1,11100,"Amarillo, TX",2,2.9623074760401393,13032.0,91.82,78.38,69611.0,75812.45915922457,61035.46924106171,46842.48296356226,0.2803830781797324,0.2767857142857143
31180,"Lubbock, TX",3,2,21340,"El Paso, TX",4,3.09951216741863,12948.0,89.912,71.248,59751.0,66454.97820090756,61103.52958467151,46702.782187216224,0.28833702992574883,0.2627118644067797
31180,"Lubbock, TX",3,3,10180,"Abilene, TX",2,3.1298040059575016,13692.0,90.364,73.791,67328.0,74507.54725333097,61015.10519141739,45863.05348941217,0.29480265501265174,0.3494809688581315
31180,"Lubbock, TX",3,4,47380,"Waco, TX",4,3.3204005742282727,13812.0,92.55,83.531,66205.0,71534.30578065911,63271.5083520552,48347.68339257384,0.28515605049146603,0.2621082621082621
31180,"Lubbock, TX",3,5,17300,"Clarksville, TN-KY",2,3.365232969256569,14484.0,90.947,73.801,68967.0,75832.07802346422,62072.269197078145,46146.51023856385,0.3053920742170733,0.33663366336633666
31180,"Lubbock, TX",3,6,28660,"Killeen-Temple, TX",2,3.4436724778075765,14604.0,91.132,77.884,69923.0,76727.16499144098,62653.03964041871,46627.93320140717,0.308148462556426,0.30158730158730157
31180,"Lubbock, TX",3,7,12020,"Athens-Clarke County, GA",2,3.5216531401828823,14412.0,93.343,76.759,65608.0,70287.00598866545,60948.05798261451,45508.22853637858,0.3056447161735425,0.3210702341137124
31180,"Lubbock, TX",3,8,41660,"San Angelo, TX",2,3.6151111339279494,13860.0,92.453,81.442,68419.0,74004.08856391897,58094.47881147742,43103.07777527525,0.30891388764814864,0.3392070484581498
31180,"Lubbock, TX",3,9,17980,"Columbus, GA-AL",2,3.723915342327693,12828.0,89.296,61.185,59336.0,66448.66511377889,62088.856915922086,47723.15184514624,0.2837119690139352,0.28152492668621704
31180,"Lubbock, TX",3,10,22180,"Fayetteville, NC",4,3.837868015356206,14544.0,91.978,73.081,61763.0,67149.75320185263,64370.78897748841,48558.31208083921,0.29508008359611204,0.3083832335329341
31340,"Lynchburg, VA",4,1,43780,"South Bend-Mishawaka, IN-MI",4,2.65878410429112,12552.0,92.858,74.586,67217.0,72386.8702750436,64529.314989695355,51011.901304283216,0.24506448426998492,0.3015463917525773
31340,"Lynchburg, VA",4,2,21780,"Evansville, IN",4,2.6781202972236193,11832.0,91.528,66.735,68232.0,74547.67939865396,64327.87401552051,51400.68233647148,0.2355851644071024,0.3278236914600551
31340,"Lynchburg, VA",4,3,22420,"Flint, MI",4,3.4318033196818947,11868.0,93.034,74.039,62281.0,66944.34292839176,65006.57327924778,52249.94666962119,0.23458804632094313,0.32621951219512196
31340,"Lynchburg, VA",4,4,15940,"Canton-Massillon, OH",4,3.475262051477928,10896.0,89.406,58.143,67801.0,75834.95514842404,63138.081042181606,50950.979505372,0.22437122305040677,0.3256997455470738
31340,"Lynchburg, VA",4,5,20740,"Eau Claire, WI",4,3.5092099080485175,12396.0,92.796,72.85,74595.0,80386.00801758695,65810.39035741365,52452.05594644766,0.23801879735332193,0.31715210355987056
31340,"Lynchburg, VA",4,6,40220,"Roanoke, VA",4,3.5197650881869005,12516.0,93.618,78.531,68761.0,73448.482129505,62641.13272502912,49271.9088578241,0.25237181089584726,0.2727272727272727
31340,"Lynchburg, VA",4,7,29100,"La Crosse-Onalaska, WI-MN",4,3.556866077902231,12324.0,91.769,69.386,73340.0,79918.05511665158,67956.63342042305,54527.26184614416,0.23195177286284113,0.3104575163398693
31340,"Lynchburg, VA",4,8,40580,"Rocky Mount, NC",2,3.6374375220511865,11040.0,88.012,56.103,59636.0,67758.94196245966,63586.16470998596,51042.42067508163,0.23718808245067868,0.37398373983739835
31340,"Lynchburg, VA",4,9,40980,"Saginaw, MI",4,3.6485123323505144,11364.0,90.891,63.647,60622.0,66697.47279708661,65266.14375970962,52763.25568498275,0.2258077324135344,0.3129496402877698
31340,"Lynchburg, VA",4,10,23060,"Fort Wayne, IN",4,3.731854854095842,12036.0,92.572,72.277,71213.0,76927.14859784815,63424.868905130206,50423.097311127705,0.23763223462009603,0.3185840707964602
31420,"Macon-Bibb County, GA",2,1,17980,"Columbus, GA-AL",2,2.906060158693454,12828.0,89.296,61.185,59336.0,66448.66511377889,62088.856915922086,47723.15184514624,0.2837119690139352,0.28152492668621704
31420,"Macon-Bibb County, GA",2,2,27140,"Jackson, MS",4,3.3136324903300567,12864.0,89.048,64.768,61644.0,69225.58620070074,61146.49303705735,46700.35163017566,0.2819898425244015,0.29082774049217003
31420,"Macon-Bibb County, GA",2,3,22180,"Fayetteville, NC",4,3.5679016733025337,14544.0,91.978,73.081,61763.0,67149.75320185263,64370.78897748841,48558.31208083921,0.29508008359611204,0.3083832335329341
31420,"Macon-Bibb County, GA",2,4,10500,"Albany, GA",2,3.767043635426977,11400.0,87.669,54.626,56906.0,64910.05942807606,63410.94034166649,50407.48415989186,0.2527808062075669,0.3601694915254237
31420,"Macon-Bibb County, GA",2,5,40220,"Roanoke, VA",4,3.9589761168894553,12516.0,93.618,78.531,68761.0,73448.482129505,62641.13272502912,49271.9088578241,0.25237181089584726,0.2727272727272727
31420,"Macon-Bibb County, GA",2,6,49180,"Winston-Salem, NC",4,4.013241040149257,12192.0,92.043,71.377,65975.0,71678.45463533347,63979.902085542344,50733.91922970323,0.24631398755916462,0.2692307692307692
31420,"Macon-Bibb County, GA",2,7,33860,"Montgomery, AL",4,4.109596043371297,13140.0,89.682,64.347,64010.0,71374.41181061974,61830.14057075741,47178.37098488734,0.28340972491274713,0.3485254691689008
31420,"Macon-Bibb County, GA",2,8,22500,"Florence, SC",2,4.116024947448879,11208.0,86.774,52.425,54443.0,62741.14366054348,62566.05390515404,49649.74256765663,0.24883360441537591,0.35125448028673834
31420,"Macon-Bibb County, GA",2,9,22420,"Flint, MI",4,4.285706594255938,11868.0,93.034,74.039,62281.0,66944.34292839176,65006.57327924778,52249.94666962119,0.23458804632094313,0.32621951219512196
31420,"Macon-Bibb County, GA",2,10,30780,"Little Rock-North Little Rock-Conway, AR",4,4.30846736184118,12660.0,89.364,68.295,67154.0,75146.59146860032,60718.25578171768,46551.47721316659,0.2692428810447293,0.29292929292929293
31540,"Madison, WI",1,1,10580,"Albany-Schenectady-Troy, NY",4,4.058996505743545,15360.0,99.566,102.582,88074.0,88457.90731775906,70461.07192936643,55034.118953450954,0.25776651404899287,0.35304347826086957
31540,"Madison, WI",1,2,29620,"Lansing-East Lansing, MI",4,4.163887257030891,13032.0,94.991,83.472,72550.0,76375.65664115548,68225.30697149358,54506.112521493065,0.23614684705994923,0.3090909090909091
31540,"Madison, WI",1,3,40060,"Richmond, VA",1,4.672272958092693,17364.0,97.858,99.136,86679.0,88576.30444112897,68241.30691375065,50497.22875969068,0.3106618908925918,0.2777777777777778
31540,"Madison, WI",1,4,33340,"Milwaukee-Waukesha, WI",4,4.766714726822533,13668.0,96.937,97.111,78218.0,80689.51999752417,68438.57298461662,54338.69368156412,0.2432016245299029,0.24273504273504273
31540,"Madison, WI",1,5,39300,"Providence-Warwick, RI-MA",4,4.798619935406733,15684.0,101.773,103.851,87040.0,85523.66541224097,68567.68550832792,53156.918408999016,0.26550380543656876,0.30124777183600715
31540,"Madison, WI",1,6,19780,"Des Moines-West Des Moines, IA",4,4.800544143768569,13800.0,91.701,84.741,85890.0,93663.10072954494,69766.47267337589,54717.563719275066,0.2534210687134835,0.2922465208747515
31540,"Madison, WI",1,7,20500,"Durham-Chapel Hill, NC",1,4.916960868391136,17592.0,97.572,98.934,83500.0,85577.8297052433,69635.24282625629,51605.480189434245,0.3129417851272658,0.30269058295964124
31540,"Madison, WI",1,8,18140,"Columbus, OH",4,4.931996233713818,15288.0,95.469,87.945,81945.0,85834.14511516828,68597.49537246945,52583.92028526837,0.27429271692332724,0.178752107925801
31540,"Madison, WI",1,9,40380,"Rochester, NY",4,5.005209235914852,13716.0,97.035,87.481,76284.0,78614.93275622198,68855.4798247465,54720.37393511904,0.23952373161743856,0.31393298059964725
31540,"Madison, WI",1,10,17140,"Cincinnati, OH-KY-IN",4,5.230608439268384,13260.0,95.37,87.608,81120.0,85058.19440075495,67151.80475042066,53248.06143491264,0.24356120073391233,0.215311004784689
31700,"Manchester-Nashua, NH",1,1,38860,"Portland-South Portland, ME",1,3.9162748132472207,17820.0,101.858,105.164,92175.0,90493.62838461387,65501.915349666735,48006.971408101024,0.3058479428735404,0.3081761006289308
31700,"Manchester-Nashua, NH",1,2,17820,"Colorado Springs, CO",1,4.780015861358843,20388.0,100.707,116.207,90144.0,89511.15612618787,66961.94500625262,46717.076228511236,0.3564059462598079,0.34475374732334046
31700,"Manchester-Nashua, NH",1,3,16700,"Charleston-North Charleston, SC",3,5.031882370665814,19260.0,100.962,119.77,85254.0,84441.67112378916,63358.45642415075,44281.97220236433,0.363787039055273,0.2874015748031496
31700,"Manchester-Nashua, NH",1,4,14260,"Boise City, ID",3,5.125312300804631,17844.0,98.391,105.58,85987.0,87393.15587807828,62582.30278719957,44446.497683074194,0.33615988563011345,0.2851153039832285
31700,"Manchester-Nashua, NH",1,5,15540,"Burlington-South Burlington, VT",1,5.208804842141723,18972.0,100.949,103.842,93043.0,92168.32261835184,66738.16237156141,47944.51409371814,0.3245192313047483,0.39050131926121373
31700,"Manchester-Nashua, NH",1,6,12580,"Baltimore-Columbia-Towson, MD",1,5.294539180973231,19332.0,104.487,118.194,99470.0,95198.4457396614,67308.79132704846,48806.96813373255,0.32844073814588853,0.30670926517571884
31700,"Manchester-Nashua, NH",1,7,36260,"Ogden, UT",3,5.385187733454557,18000.0,100.349,117.903,101203.0,100851.02990562936,60199.226363012785,42261.82788370556,0.3500046634875995,0.3028953229398664
31700,"Manchester-Nashua, NH",1,8,38060,"Phoenix-Mesa-Chandler, AZ",1,5.463808571918456,20424.0,103.316,121.236,88301.0,85466.91703124394,63795.93762867011,44027.46033570484,0.36109507456401635,0.23355263157894737
31700,"Manchester-Nashua, NH",1,9,39580,"Raleigh-Cary, NC",1,5.474713410067902,18876.0,98.157,103.476,100103.0,101982.5381786322,66179.1612271303,46948.74464960654,0.34717101034965425,0.2859778597785978
31700,"Manchester-Nashua, NH",1,10,41620,"Salt Lake City-Murray, UT",1,5.482785198735877,18996.0,100.868,123.311,98083.0,97238.96577705516,64720.87363121331,45888.34002293319,0.34324829679863494,0.295
31740,"Manhattan, KS",2,1,12220,"Auburn-Opelika, AL",2,4.382922838839915,12312.0,87.933,62.078,63649.0,72383.51927035356,62628.00710071414,48626.437724029616,0.27210367255887064,0.3426294820717131
31740,"Manhattan, KS",2,2,13980,"Blacksburg-Christiansburg-Radford, VA",4,4.389078136282605,13248.0,92.71,74.371,65839.0,71016.07162118434,65476.72869949841,51187.00806526261,0.260562510282103,0.35815602836879434
31740,"Manhattan, KS",2,3,17300,"Clarksville, TN-KY",2,4.450556591205493,14484.0,90.947,73.801,68967.0,75832.07802346422,62072.269197078145,46146.51023856385,0.3053920742170733,0.33663366336633666
31740,"Manhattan, KS",2,4,22180,"Fayetteville, NC",4,4.497419584996943,14544.0,91.978,73.081,61763.0,67149.75320185263,64370.78897748841,48558.31208083921,0.29508008359611204,0.3083832335329341
31740,"Manhattan, KS",2,5,29940,"Lawrence, KS",4,4.525680720765699,13188.0,90.243,71.636,69746.0,77286.88097691788,66119.09008708678,51505.21421859836,0.2665996864431752,0.3055555555555556
31740,"Manhattan, KS",2,6,31340,"Lynchburg, VA",4,4.59985243097021,11892.0,89.363,63.912,68996.0,77208.6881595291,66726.68393557685,53419.16292576295,0.23931646222428965,0.3181818181818182
31740,"Manhattan, KS",2,7,26820,"Idaho Falls, ID",4,4.643481401008314,13524.0,94.412,83.985,80291.0,85043.21484557047,64894.98335528667,50570.53307354283,0.2703297036209735,0.35315985130111527
31740,"Manhattan, KS",2,8,17980,"Columbus, GA-AL",2,4.667085337277877,12828.0,89.296,61.185,59336.0,66448.66511377889,62088.856915922086,47723.15184514624,0.2837119690139352,0.28152492668621704
31740,"Manhattan, KS",2,9,12020,"Athens-Clarke County, GA",2,4.794521254391289,14412.0,93.343,76.759,65608.0,70287.00598866545,60948.05798261451,45508.22853637858,0.3056447161735425,0.3210702341137124
31740,"Manhattan, KS",2,10,44300,"State College, PA",4,4.818213855441763,14484.0,96.762,85.688,74291.0,76777.04057377896,63660.19718484529,48691.51113040243,0.28255179120848817,0.3134920634920635
31860,"Mankato, MN",4,1,20260,"Duluth, MN-WI",4,4.007223363065563,11880.0,88.768,71.147,71769.0,80850.08111031001,71442.29151646238,58059.090362893534,0.21684599659232784,0.3562005277044855
31860,"Mankato, MN",4,2,24220,"Grand Forks, ND-MN",4,4.042251675587713,11604.0,86.663,59.664,69836.0,80583.40929808568,73071.52429956778,59681.72703891446,0.21408348900295954,0.34156378600823045
31860,"Mankato, MN",4,3,41060,"St. Cloud, MN",4,4.155044823068704,12504.0,87.632,65.057,76497.0,87293.45444586451,74021.877683782,59753.11741356108,0.2236348658352055,0.3261538461538461
31860,"Mankato, MN",4,4,13900,"Bismarck, ND",4,4.746430415151592,12252.0,91.024,84.013,85156.0,93553.3485674108,70374.38485583403,56914.198531348185,0.22044076465903792,0.4201388888888889
31860,"Mankato, MN",4,5,22020,"Fargo, ND-MN",4,4.825718103414803,11604.0,90.871,81.142,76756.0,84466.99166950952,70028.45303293191,57258.702507461734,0.2124077502340074,0.3530864197530864
31860,"Mankato, MN",4,6,20740,"Eau Claire, WI",4,4.905635927784378,12396.0,92.796,72.85,74595.0,80386.00801758695,65810.39035741365,52452.05594644766,0.23801879735332193,0.31715210355987056
31860,"Mankato, MN",4,7,47940,"Waterloo-Cedar Falls, IA",4,4.990743794819327,11724.0,87.057,63.13,70811.0,81338.66317470162,68655.5861916745,55188.54735505022,0.23019771670532055,0.3227848101265823
31860,"Mankato, MN",4,8,29100,"La Crosse-Onalaska, WI-MN",4,5.072327915743771,12324.0,91.769,69.386,73340.0,79918.05511665158,67956.63342042305,54527.26184614416,0.23195177286284113,0.3104575163398693
31860,"Mankato, MN",4,9,16300,"Cedar Rapids, IA",4,5.2544687232589125,11136.0,88.963,71.447,78080.0,87766.82441014805,67989.84945273602,55472.285971288664,0.21432513824084137,0.3076923076923077
31860,"Mankato, MN",4,10,20220,"Dubuque, IA",4,5.512765141065987,11508.0,87.328,64.046,77630.0,88894.74166361304,68162.83658790293,54984.93259376588,0.22657559632048996,0.34
31900,"Mansfield, OH",2,1,30620,"Lima, OH",2,2.993872080962726,11064.0,89.669,57.275,64038.0,71415.9854576275,64678.78328276013,52340.07090724574,0.22672824193499586,0.34545454545454546
31900,"Mansfield, OH",2,2,45460,"Terre Haute, IN",2,3.1987996589845404,10704.0,87.797,51.923,56594.0,64460.0612777202,64655.30505805231,52463.544519537325,0.22269635004934,0.3898916967509025
31900,"Mansfield, OH",2,3,49660,"Youngstown-Warren, OH",2,3.5046698443145208,9540.0,87.394,53.448,56713.0,64893.47094766231,63549.85505936163,52633.77386385622,0.20069441219467554,0.3277777777777778
31900,"Mansfield, OH",2,4,40580,"Rocky Mount, NC",2,3.519160507366909,11040.0,88.012,56.103,59636.0,67758.94196245966,63586.16470998596,51042.42067508163,0.23718808245067868,0.37398373983739835
31900,"Mansfield, OH",2,5,44220,"Springfield, OH",2,3.527776490584636,10464.0,90.482,61.726,63132.0,69772.99352357375,62536.56525648136,50971.834149741895,0.21651752780453368,0.34782608695652173
31900,"Mansfield, OH",2,6,48260,"Weirton-Steubenville, WV-OH",2,3.563716972279664,9420.0,89.024,52.383,58784.0,66031.63191948239,61784.71012197054,51203.293874666444,0.20762400003583392,0.40782122905027934
31900,"Mansfield, OH",2,7,15940,"Canton-Massillon, OH",4,3.6416232785662874,10896.0,89.406,58.143,67801.0,75834.95514842404,63138.081042181606,50950.979505372,0.22437122305040677,0.3256997455470738
31900,"Mansfield, OH",2,8,14540,"Bowling Green, KY",2,3.820237144011813,11700.0,90.179,63.395,63328.0,70224.77516938532,60885.41767580124,47911.2219096029,0.2515916322732563,0.32967032967032966
31900,"Mansfield, OH",2,9,36980,"Owensboro, KY",2,4.04038365756492,10884.0,88.61,55.698,68002.0,76743.03126058007,61968.56622802557,49685.52819620073,0.23782500534711193,0.36633663366336633
31900,"Mansfield, OH",2,10,27100,"Jackson, MI",4,4.210956337240979,11820.0,91.779,67.092,66073.0,71991.41415792283,65764.28923560276,52885.526119857335,0.23273049433515275,0.34497816593886466
32420,"Mayaguez, PR",2,1,11640,"Arecibo, PR",2,3.2570800643866242,6600.0,,,25084.0,,,,0.23296854931898064,0.45454545454545453
32420,"Mayaguez, PR",2,2,10380,"Aguadilla, PR",2,3.8920398587993623,6336.0,,,22398.0,,,,0.21996112001289034,0.43617021276595747
32420,"Mayaguez, PR",2,3,38660,"Ponce, PR",2,4.9957744075529815,6396.0,,,22247.0,,,,0.22019577939120014,0.4117647058823529
32420,"Mayaguez, PR",2,4,25620,"Hattiesburg, MS",2,8.89261800798625,12168.0,87.633,60.059,60285.0,68792.57813837254,55486.33373612134,41601.15349580091,0.3000192571494962,0.35655737704918034
32420,"Mayaguez, PR",2,5,36980,"Owensboro, KY",2,9.002824988712984,10884.0,88.61,55.698,68002.0,76743.03126058007,61968.56622802557,49685.52819620073,0.23782500534711193,0.36633663366336633
32420,"Mayaguez, PR",2,6,30020,"Lawton, OK",2,9.028861794417468,11580.0,85.941,57.389,60665.0,70589.12509745058,59318.50485351303,45844.1445365514,0.27193716653678307,0.4182692307692308
32420,"Mayaguez, PR",2,7,44940,"Sumter, SC",2,9.034096771514626,12684.0,88.02,60.833,56693.0,64409.22517609634,62039.69670581962,47629.335424292694,0.289801782055298,0.3563218390804598
32420,"Mayaguez, PR",2,8,33740,"Monroe, LA",2,9.064432416331409,11172.0,83.597,42.815,51660.0,61796.4759500939,62682.74243490622,49318.626497731435,0.26206553733126503,0.40601503759398494
32420,"Mayaguez, PR",2,9,22500,"Florence, SC",2,9.197761565561976,11208.0,86.774,52.425,54443.0,62741.14366054348,62566.05390515404,49649.74256765663,0.24883360441537591,0.35125448028673834
32420,"Mayaguez, PR",2,10,34620,"Muncie, IN",2,9.245680212141332,10872.0,88.148,57.474,58127.0,65942.50578572402,64374.798166014705,52040.99592433027,0.23166642453710123,0.375609756097561
32580,"McAllen-Edinburg-Mission, TX",2,1,15180,"Brownsville-Harlingen, TX",2,5.360243495885653,10944.0,85.975,57.72,52601.0,61181.73887758069,60198.16536296302,47468.88359500721,0.2626049659909691,0.2302839116719243
32580,"McAllen-Edinburg-Mission, TX",2,2,21340,"El Paso, TX",4,6.564278648899064,12948.0,89.912,71.248,59751.0,66454.97820090756,61103.52958467151,46702.782187216224,0.28833702992574883,0.2627118644067797
32580,"McAllen-Edinburg-Mission, TX",2,3,29740,"Las Cruces, NM",2,6.779748413062275,11208.0,90.212,62.982,56848.0,63016.00673967986,65154.128170601645,52730.060419083,0.23121993369223592,0.28679245283018867
32580,"McAllen-Edinburg-Mission, TX",2,4,29700,"Laredo, TX",2,6.8519645368255295,12324.0,86.956,59.746,63058.0,72517.13510281061,58069.782418694514,43897.097382584296,0.29494455774935346,0.26
32580,"McAllen-Edinburg-Mission, TX",2,5,21500,"Erie, PA",4,7.911544029222815,10848.0,90.95,56.83,63354.0,69658.0538757559,63101.11761660605,51173.68496130094,0.22484026575282168,0.2936046511627907
32580,"McAllen-Edinburg-Mission, TX",2,6,27140,"Jackson, MS",4,8.188938893308206,12864.0,89.048,64.768,61644.0,69225.58620070074,61146.49303705735,46700.35163017566,0.2819898425244015,0.29082774049217003
32580,"McAllen-Edinburg-Mission, TX",2,7,44180,"Springfield, MO",4,8.344124841270826,11664.0,88.585,65.568,65071.0,73456.00270926229,63126.94834819056,49959.933616576855,0.2404464327024649,0.28672985781990523
32580,"McAllen-Edinburg-Mission, TX",2,8,48660,"Wichita Falls, TX",2,8.350673043061768,11940.0,89.513,68.208,65379.0,73038.55305933216,60039.527016390704,46700.68237929889,0.26803627407771496,0.3374485596707819
32580,"McAllen-Edinburg-Mission, TX",2,9,33740,"Monroe, LA",2,8.411493399462987,11172.0,83.597,42.815,51660.0,61796.4759500939,62682.74243490622,49318.626497731435,0.26206553733126503,0.40601503759398494
32580,"McAllen-Edinburg-Mission, TX",2,10,31420,"Macon-Bibb County, GA",2,8.439619300159274,12528.0,88.528,58.916,59526.0,67239.74335803361,62706.12035379103,48554.66544686892,0.2700999257002899,0.3050847457627119
32780,"Medford, OR",5,1,21660,"Eugene-Springfield, OR",5,3.113152508513918,16260.0,101.568,98.35,71544.0,70439.50850661626,64475.11932439578,48466.14011834663,0.2889320409761229,0.3464203233256351
32780,"Medford, OR",5,2,13460,"Bend, OR",3,4.19067562235217,20364.0,103.607,109.958,89788.0,86662.09812078334,63998.86696921613,44343.824356265264,0.35544100910429943,0.3914209115281501
32780,"Medford, OR",5,3,11700,"Asheville, NC",3,4.361656185651402,15552.0,96.506,93.371,71838.0,74438.89499098502,61864.169371974436,45749.10916846377,0.3029191910352288,0.3237410071942446
32780,"Medford, OR",5,4,28740,"Kingston, NY",5,4.468750108870068,17100.0,100.709,110.173,86271.0,85663.64475866109,62617.465097360895,45637.850564399596,0.31443492088828084,0.3735408560311284
32780,"Medford, OR",5,5,17020,"Chico, CA",5,4.469550318612034,16968.0,101.197,91.946,67928.0,67124.51950156625,65453.20301229185,48685.907539105894,0.3055986042244876,0.37666666666666665
32780,"Medford, OR",5,6,41420,"Salem, OR",5,4.508394929586193,16788.0,103.649,110.333,78900.0,76122.297369005,65913.51063560153,49716.53816119271,0.2875189685609681,0.313953488372093
32780,"Medford, OR",5,7,29540,"Lancaster, PA",3,4.82502310420703,16284.0,98.257,93.815,86959.0,88501.58258444691,61217.05816689836,44644.1931292929,0.3136956554666581,0.31685393258426964
32780,"Medford, OR",5,8,10540,"Albany, OR",5,4.900915368142466,15840.0,102.1,101.059,76329.0,74759.05974534771,60992.29977993517,45478.0980169577,0.2931012230689965,0.39166666666666666
32780,"Medford, OR",5,9,12620,"Bangor, ME",2,4.951572973227795,12492.0,96.508,77.688,66356.0,68756.99423881958,63285.9248892909,50341.9202471887,0.23516302037792222,0.4
32780,"Medford, OR",5,10,13380,"Bellingham, WA",5,5.00705725356636,18660.0,103.334,112.946,81784.0,79145.29583680104,68420.25426497441,50362.3062517358,0.3076581318562428,0.35135135135135137
32820,"Memphis, TN-MS-AR",4,1,31140,"Louisville/Jefferson County, KY-IN",4,3.7013890894042376,13392.0,93.074,78.558,73863.0,79359.43442851923,65402.935966981255,51014.384921576515,0.2548875194337051,0.21847246891651864
32820,"Memphis, TN-MS-AR",4,2,42540,"Scranton--Wilkes-Barre, PA",4,4.18471792138003,12036.0,93.556,66.987,65158.0,69645.98742998845,63404.724193869064,50539.702174971295,0.23999877383652904,0.2325056433408578
32820,"Memphis, TN-MS-AR",4,3,24660,"Greensboro-High Point, NC",4,4.547884866627341,13116.0,92.865,74.519,65565.0,70602.48748182846,64513.973821422944,50390.245829176136,0.2594799531728843,0.278
32820,"Memphis, TN-MS-AR",4,4,16860,"Chattanooga, TN-GA",4,4.8440506881277985,13956.0,91.464,76.55,72161.0,78895.52173532757,62800.371904345215,47541.90955850423,0.286937745330927,0.2907488986784141
32820,"Memphis, TN-MS-AR",4,5,17900,"Columbia, SC",4,4.93286954753369,14316.0,93.662,79.455,68359.0,72984.77504217291,63684.94238174577,48400.195098963,0.28677960507808814,0.23391812865497075
32820,"Memphis, TN-MS-AR",4,6,28940,"Knoxville, TN",4,5.0265243116697,13740.0,92.569,82.783,72422.0,78235.69445494712,64160.4664692093,49317.48447739778,0.27624760022122646,0.29259259259259257
32820,"Memphis, TN-MS-AR",4,7,29460,"Lakeland-Winter Haven, FL",3,5.036030240069801,16356.0,97.141,95.942,65978.0,67919.82787906239,58716.23195532363,41878.851240692326,0.33371656755950563,0.24768518518518517
32820,"Memphis, TN-MS-AR",4,8,41700,"San Antonio-New Braunfels, TX",4,5.045215552268661,16356.0,94.716,94.575,76213.0,80464.75780227206,65452.93090162896,48184.465172501885,0.3194721786194416,0.20689655172413793
32820,"Memphis, TN-MS-AR",4,9,25180,"Hagerstown-Martinsburg, MD-WV",4,5.06282887124944,13908.0,94.171,75.737,78802.0,83679.6890762549,63970.349531323714,49201.47163897894,0.2702539647279858,0.2708333333333333
32820,"Memphis, TN-MS-AR",4,10,13820,"Birmingham, AL",4,5.174340734688821,14064.0,91.644,71.851,71498.0,78017.10968530399,65723.20893893762,50376.868753000745,0.2824240211735994,0.31392931392931395
32900,"Merced, CA",5,1,25260,"Hanford-Corcoran, CA",5,3.2749601084153346,15972.0,101.612,93.497,70995.0,69868.71629335119,65091.98701065804,49373.371099151525,0.2896323690287874,0.3036649214659686
32900,"Merced, CA",5,2,49420,"Yakima, WA",5,4.417340070068935,13308.0,95.545,72.628,70656.0,73950.49453137265,68255.84855832382,54327.33319906903,0.237783662979341,0.31864406779661014
32900,"Merced, CA",5,3,49700,"Yuba City, CA",5,4.881771827345228,16632.0,104.233,108.279,78179.0,75004.07740350945,64324.98984646577,48368.430983149934,0.2964625706140576,0.3672566371681416
32900,"Merced, CA",5,4,33700,"Modesto, CA",5,5.244085238167776,19476.0,104.108,108.476,81468.0,78253.35228800861,67774.94121726394,49067.44515548194,0.3266800405031649,0.3374384236453202
32900,"Merced, CA",5,5,23420,"Fresno, CA",5,5.392991518484785,16704.0,102.158,95.725,74468.0,72894.92746529885,66492.0975055277,50140.955157400276,0.2932519632166356,0.2350674373795761
32900,"Merced, CA",5,6,47300,"Visalia, CA",5,6.019736331689029,15360.0,99.825,84.053,71300.0,71424.99373904332,65254.618116915866,49867.69099445155,0.2797930015027988,0.24362606232294617
32900,"Merced, CA",5,7,12540,"Bakersfield-Delano, CA",5,6.100780461168978,15600.0,100.886,90.291,70210.0,69593.40245425531,69138.47716015762,53675.47932101245,0.26548481745322783,0.2683982683982684
32900,"Merced, CA",5,8,47220,"Vineland, NJ",5,6.370168432312741,15384.0,95.968,83.883,67436.0,70269.25641880627,67509.43891019229,51479.09546237635,0.2838642923153302,0.42738589211618255
32900,"Merced, CA",5,9,39820,"Redding, CA",5,6.767521490515196,15804.0,100.684,89.366,72636.0,72142.544992253,67386.68598933466,51690.050972847435,0.2778129955394769,0.38095238095238093
32900,"Merced, CA",5,10,17020,"Chico, CA",5,6.829256383612626,16968.0,101.197,91.946,67928.0,67124.51950156625,65453.20301229185,48685.907539105894,0.3055986042244876,0.37666666666666665
33100,"Miami-Fort Lauderdale-West Palm Beach, FL",3,1,36740,"Orlando-Kissimmee-Sanford, FL",3,6.784055244015179,21120.0,101.418,123.374,78533.0,77434.9720956832,58961.82523967011,38137.11956612103,0.4124475879134673,0.23
33100,"Miami-Fort Lauderdale-West Palm Beach, FL",3,2,45300,"Tampa-St. Petersburg-Clearwater, FL",3,6.939098181630109,19536.0,100.89,125.839,74392.0,73735.75180890078,59465.07072966093,40101.40733388336,0.37957932846007064,0.24006359300476948
33100,"Miami-Fort Lauderdale-West Palm Beach, FL",3,3,35840,"North Port-Bradenton-Sarasota, FL",3,7.690105400832029,20964.0,102.417,127.95,80859.0,78950.76012771318,58295.16398581491,37825.90595248059,0.4099315419670332,0.2753303964757709
33100,"Miami-Fort Lauderdale-West Palm Beach, FL",3,4,38060,"Phoenix-Mesa-Chandler, AZ",1,7.728463907237345,20424.0,103.316,121.236,88301.0,85466.91703124394,63795.93762867011,44027.46033570484,0.36109507456401635,0.23355263157894737
33100,"Miami-Fort Lauderdale-West Palm Beach, FL",3,5,27260,"Jacksonville, FL",3,8.184680413854446,18156.0,99.484,109.777,79643.0,80056.08942141451,61809.61575844957,43559.44487669975,0.3471988980962408,0.21837088388214904
33100,"Miami-Fort Lauderdale-West Palm Beach, FL",3,6,15980,"Cape Coral-Fort Myers, FL",3,8.373709348887816,20544.0,102.349,125.113,76107.0,74360.27709112938,57817.72763294792,37745.2305885215,0.4072654557829898,0.3006993006993007
33100,"Miami-Fort Lauderdale-West Palm Beach, FL",3,7,19660,"Deltona-Daytona Beach-Ormond Beach, FL",3,8.810458437303694,18000.0,99.367,108.375,71277.0,71731.05759457365,56280.31925881352,38165.65342407966,0.37412577856248325,0.3053435114503817
33100,"Miami-Fort Lauderdale-West Palm Beach, FL",3,8,31080,"Los Angeles-Long Beach-Anaheim, CA",1,8.831015213756459,24756.0,113.566,170.433,95958.0,84495.35952661888,66908.41766500729,45109.63986179153,0.3914032318341939,0.26788218793828894
33100,"Miami-Fort Lauderdale-West Palm Beach, FL",3,9,12060,"Atlanta-Sandy Springs-Roswell, GA",1,8.849703115945328,20064.0,100.058,111.022,89724.0,89671.99024565752,65399.90559141387,45347.53596579673,0.3707652333637077,0.20268256333830104
33100,"Miami-Fort Lauderdale-West Palm Beach, FL",3,10,19100,"Dallas-Fort Worth-Arlington, TX",1,8.869839042935428,19368.0,103.09,117.874,90275.0,87569.11436608787,64319.4799120766,45532.012650460536,0.35664425864692695,0.19602272727272727
33140,"Michigan City-La Porte, IN",2,1,34740,"Muskegon-Norton Shores, MI",2,3.472994641992929,12336.0,92.519,74.228,65024.0,70281.77995871118,61434.03112928609,48100.55368141052,0.2543614238559642,0.36134453781512604
33140,"Michigan City-La Porte, IN",2,2,24140,"Goldsboro, NC",2,3.6736259918059915,11580.0,88.462,57.684,59733.0,67523.9085709118,60073.05161161477,46982.68512657035,0.26023030310527223,0.27835051546391754
33140,"Michigan City-La Porte, IN",2,3,40580,"Rocky Mount, NC",2,3.7223546608025275,11040.0,88.012,56.103,59636.0,67758.94196245966,63586.16470998596,51042.42067508163,0.23718808245067868,0.37398373983739835
33140,"Michigan City-La Porte, IN",2,4,12220,"Auburn-Opelika, AL",2,3.875796710639058,12312.0,87.933,62.078,63649.0,72383.51927035356,62628.00710071414,48626.437724029616,0.27210367255887064,0.3426294820717131
33140,"Michigan City-La Porte, IN",2,5,46300,"Twin Falls, ID",2,3.952233476775785,12852.0,92.108,73.833,68810.0,74705.78017110348,59987.28474757254,46034.099356509876,0.27227558436631183,0.4236453201970443
33140,"Michigan City-La Porte, IN",2,6,14540,"Bowling Green, KY",2,4.005072193399186,11700.0,90.179,63.395,63328.0,70224.77516938532,60885.41767580124,47911.2219096029,0.2515916322732563,0.32967032967032966
33140,"Michigan City-La Porte, IN",2,7,36980,"Owensboro, KY",2,4.21906860042433,10884.0,88.61,55.698,68002.0,76743.03126058007,61968.56622802557,49685.52819620073,0.23782500534711193,0.36633663366336633
33140,"Michigan City-La Porte, IN",2,8,33780,"Monroe, MI",2,4.239076880225093,12708.0,93.492,74.641,77335.0,82718.30744876566,66457.0452288844,52864.43837482201,0.24608840979640453,0.34183673469387754
33140,"Michigan City-La Porte, IN",2,9,17420,"Cleveland, TN",2,4.266929424918287,12072.0,88.08,60.327,66135.0,75085.14986376022,61338.95322434151,47633.23115349682,0.27203319219128225,0.3251231527093596
33140,"Michigan City-La Porte, IN",2,10,46660,"Valdosta, GA",2,4.297754262448754,12300.0,88.271,58.758,57085.0,64670.163473847584,59038.44953295425,45104.08830446471,0.2825291611788849,0.35864978902953587
33220,"Midland, MI",4,1,38340,"Pittsfield, MA",5,6.136081895136671,13164.0,95.106,73.452,76013.0,79924.50528883561,72935.90909386499,59094.51107481257,0.22577645314782158,0.398406374501992
33220,"Midland, MI",4,2,11180,"Ames, IA",4,6.560662982714622,12000.0,88.83,69.163,73127.0,82322.41359900935,70728.97001159821,57220.02033243576,0.22942304532569632,0.37547892720306514
33220,"Midland, MI",4,3,31860,"Mankato, MN",4,7.084058349742909,12828.0,90.955,79.884,75808.0,83346.7099114947,71152.64168644015,57048.96404364976,0.23238643102177742,0.32051282051282054
33220,"Midland, MI",4,4,28020,"Kalamazoo-Portage, MI",4,7.109681314777863,13116.0,94.84,81.59,72532.0,76478.27920708562,66113.98144242936,52284.37368199071,0.24899406391349468,0.3254437869822485
33220,"Midland, MI",4,5,37900,"Peoria, IL",4,7.3003098347483935,11460.0,91.231,63.763,71857.0,78763.79739342986,69581.11682553023,57019.59716664234,0.21445568399867354,0.30238726790450926
33220,"Midland, MI",4,6,44140,"Springfield, MA",4,7.370520377827271,13632.0,96.061,75.781,71306.0,74229.91640728287,72570.62867475166,58379.64586174743,0.23041363977535873,0.29048843187660667
33220,"Midland, MI",4,7,26820,"Idaho Falls, ID",4,7.437361552251147,13524.0,94.412,83.985,80291.0,85043.21484557047,64894.98335528667,50570.53307354283,0.2703297036209735,0.35315985130111527
33220,"Midland, MI",4,8,16580,"Champaign-Urbana, IL",4,7.4806174124073355,12516.0,92.704,71.604,65528.0,70685.19157749396,69408.1661432769,55907.130589255496,0.22760665799329224,0.34036144578313254
33220,"Midland, MI",4,9,12980,"Battle Creek, MI",4,7.500707288180222,11616.0,90.541,61.045,63177.0,69777.22799615645,67014.15253067094,54184.605695535465,0.22634321888355152,0.36796536796536794
33220,"Midland, MI",4,10,39820,"Redding, CA",5,7.736537610470353,15804.0,100.684,89.366,72636.0,72142.544992253,67386.68598933466,51690.050972847435,0.2778129955394769,0.38095238095238093
33260,"Midland, TX",4,1,36220,"Odessa, TX",3,6.840724256894576,15108.0,93.896,89.709,71536.0,76186.41901678452,61558.351660900014,45468.209375818646,0.3141721919283585,0.31950207468879666
33260,"Midland, TX",4,2,13140,"Beaumont-Port Arthur, TX",4,9.781848851509011,13272.0,90.046,70.939,64659.0,71806.63216578194,67602.97064802509,52863.83731617248,0.27114437322021245,0.3203342618384401
33260,"Midland, TX",4,3,26380,"Houma-Bayou Cane-Thibodaux, LA",2,10.340115157041204,12168.0,85.103,51.311,64038.0,75247.64109373347,62353.157241704066,48055.18889746238,0.28472805768977544,0.4065934065934066
33260,"Midland, TX",4,4,24540,"Greeley, CO",3,10.35019586577406,18468.0,100.176,112.599,97097.0,96926.40951924612,65735.34625302242,47299.79282705214,0.32497510165126253,0.3687315634218289
33260,"Midland, TX",4,5,12940,"Baton Rouge, LA",4,10.833207624986986,13620.0,90.78,74.183,69599.0,76667.76823088786,64713.738341778655,49710.43364911507,0.2807868502063127,0.3291139240506329
33260,"Midland, TX",4,6,30980,"Longview, TX",2,10.956608744819771,12720.0,89.485,66.749,66647.0,74478.40420182153,61945.59707644817,47730.924226249816,0.2785181405920559,0.3224852071005917
33260,"Midland, TX",4,7,14740,"Bremerton-Silverdale-Port Orchard, WA",1,11.332601504237397,21864.0,105.607,129.641,104158.0,98627.93186057742,71699.63375038122,50996.46066526376,0.33808389781191417,0.3712374581939799
33260,"Midland, TX",4,8,18580,"Corpus Christi, TX",3,11.751371567495918,15300.0,92.671,84.905,67453.0,72787.60345739228,62721.401517195234,46211.38220155172,0.3196434298238254,0.3065326633165829
33260,"Midland, TX",4,9,16220,"Casper, WY",2,11.783262151419272,12192.0,93.829,74.189,72156.0,76901.59758709994,63041.17064020719,50047.32012490808,0.24683207557369424,0.4405940594059406
33260,"Midland, TX",4,10,39900,"Reno, NV",3,11.855496693534068,19104.0,101.014,123.478,87485.0,86606.80697725067,63229.712016809666,44317.4820288872,0.34879671340643237,0.30364372469635625
33340,"Milwaukee-Waukesha, WI",4,1,17140,"Cincinnati, OH-KY-IN",4,2.658553522031574,13260.0,95.37,87.608,81120.0,85058.19440075495,67151.80475042066,53248.06143491264,0.24356120073391233,0.215311004784689
33340,"Milwaukee-Waukesha, WI",4,2,17410,"Cleveland, OH",4,2.6944541665936863,12600.0,93.923,79.434,70678.0,75251.00348157533,67255.02311467905,53839.77871234947,0.23579692944191716,0.25938009787928223
33340,"Milwaukee-Waukesha, WI",4,3,26900,"Indianapolis-Carmel-Greenwood, IN",4,2.800693046729907,14292.0,95.696,88.917,79852.0,83443.40411302458,67102.48315808205,52167.689645291546,0.26071779381385785,0.23014586709886548
33340,"Milwaukee-Waukesha, WI",4,4,18140,"Columbus, OH",4,3.141659844153716,15288.0,95.469,87.945,81945.0,85834.14511516828,68597.49537246945,52583.92028526837,0.27429271692332724,0.178752107925801
33340,"Milwaukee-Waukesha, WI",4,5,41180,"St. Louis, MO-IL",4,3.513205345329839,13356.0,95.088,79.024,80196.0,84338.71781928319,67041.5904014345,52995.654005674776,0.24362628518226778,0.19314641744548286
33340,"Milwaukee-Waukesha, WI",4,6,10420,"Akron, OH",4,3.562938975606604,12396.0,93.37,76.785,72371.0,77509.9068223198,65443.69046198477,52167.47754563048,0.23829894393732945,0.2775423728813559
33340,"Milwaukee-Waukesha, WI",4,7,19430,"Dayton-Kettering-Beavercreek, OH",4,3.649839811619638,12468.0,92.694,72.712,71739.0,77393.3587934494,69465.98837606114,56015.2795923211,0.2309123392681901,0.2871900826446281
33340,"Milwaukee-Waukesha, WI",4,8,15380,"Buffalo-Cheektowaga, NY",4,3.6826034517721844,12684.0,95.844,80.989,72237.0,75369.35019406537,71795.89607982081,58561.89082127568,0.2184560153424531,0.28027681660899656
33340,"Milwaukee-Waukesha, WI",4,9,38300,"Pittsburgh, PA",4,3.6987384521696423,12636.0,94.671,71.986,75762.0,80026.6184998574,66463.37941855424,53116.103061486065,0.23725910596419883,0.24960753532182103
33340,"Milwaukee-Waukesha, WI",4,10,39300,"Providence-Warwick, RI-MA",4,3.736145319036514,15684.0,101.773,103.851,87040.0,85523.66541224097,68567.68550832792,53156.918408999016,0.26550380543656876,0.30124777183600715
33460,"Minneapolis-St. Paul-Bloomington, MN-WI",1,1,37980,"Philadelphia-Camden-Wilmington, PA-NJ-DE-MD",1,3.78955056303658,17760.0,102.554,113.141,91289.0,89015.54303098854,66967.56327977296,49649.85748575226,0.30524714301644423,0.20220082530949107
33460,"Minneapolis-St. Paul-Bloomington, MN-WI",1,2,16980,"Chicago-Naperville-Elgin, IL-IN",1,3.844312570693466,17160.0,103.595,112.01,90887.0,87732.99869684831,67456.4865428279,50891.98053385063,0.28962815200218683,0.19247467438494936
33460,"Minneapolis-St. Paul-Bloomington, MN-WI",1,3,25540,"Hartford-West Hartford-East Hartford, CT",1,4.081636718698659,16992.0,102.746,110.234,95118.0,92575.86670040683,71257.96861612689,54720.09852872691,0.27788520830891394,0.2864864864864865
33460,"Minneapolis-St. Paul-Bloomington, MN-WI",1,4,39300,"Providence-Warwick, RI-MA",4,4.34304139713563,15684.0,101.773,103.851,87040.0,85523.66541224097,68567.68550832792,53156.918408999016,0.26550380543656876,0.30124777183600715
33460,"Minneapolis-St. Paul-Bloomington, MN-WI",1,5,38900,"Portland-Vancouver-Hillsboro, OR-WA",1,4.366045072777996,20688.0,105.421,125.114,97436.0,92425.60780110223,69569.50044399414,49945.326892235,0.3268104331421303,0.3063063063063063
33460,"Minneapolis-St. Paul-Bloomington, MN-WI",1,6,19820,"Detroit-Warren-Dearborn, MI",4,4.707509168761323,14484.0,100.298,94.69,76664.0,76436.22006420865,65444.846478705585,51003.8805571518,0.25953048925138034,0.16845329249617153
33460,"Minneapolis-St. Paul-Bloomington, MN-WI",1,7,40900,"Sacramento-Roseville-Folsom, CA",1,4.729739974001675,21828.0,106.67,130.23,97188.0,91110.90278428799,72284.30998105383,51821.19945325783,0.34014191851906084,0.25232198142414863
33460,"Minneapolis-St. Paul-Bloomington, MN-WI",1,8,12580,"Baltimore-Columbia-Towson, MD",1,4.802385082863453,19332.0,104.487,118.194,99470.0,95198.4457396614,67308.79132704846,48806.96813373255,0.32844073814588853,0.30670926517571884
33460,"Minneapolis-St. Paul-Bloomington, MN-WI",1,9,18140,"Columbus, OH",4,5.001235685329942,15288.0,95.469,87.945,81945.0,85834.14511516828,68597.49537246945,52583.92028526837,0.27429271692332724,0.178752107925801
33460,"Minneapolis-St. Paul-Bloomington, MN-WI",1,10,41180,"St. Louis, MO-IL",4,5.158275226669124,13356.0,95.088,79.024,80196.0,84338.71781928319,67041.5904014345,52995.654005674776,0.24362628518226778,0.19314641744548286
33500,"Minot, ND",2,1,24260,"Grand Island, NE",2,4.8553205364382865,11148.0,86.657,61.748,69704.0,80436.66408945614,67028.90487235664,54164.39306142389,0.2245023188835738,0.3526315789473684
33500,"Minot, ND",2,2,24220,"Grand Forks, ND-MN",4,5.065815316949813,11604.0,86.663,59.664,69836.0,80583.40929808568,73071.52429956778,59681.72703891446,0.21408348900295954,0.34156378600823045
33500,"Minot, ND",2,3,37140,"Paducah, KY-IL",2,6.163608891201841,10488.0,86.084,48.794,64160.0,74531.8526090795,65233.921968954855,53050.47324445321,0.2219871318089273,0.36363636363636365
33500,"Minot, ND",2,4,48060,"Watertown-Fort Drum, NY",2,6.2296831292674435,14556.0,87.69,53.185,66301.0,75608.3932033299,70249.36328733797,53649.979093017064,0.27582096910209875,0.44559585492227977
33500,"Minot, ND",2,5,41060,"St. Cloud, MN",4,6.268123009958004,12504.0,87.632,65.057,76497.0,87293.45444586451,74021.877683782,59753.11741356108,0.2236348658352055,0.3261538461538461
33500,"Minot, ND",2,6,47940,"Waterloo-Cedar Falls, IA",4,6.299097162911876,11724.0,87.057,63.13,70811.0,81338.66317470162,68655.5861916745,55188.54735505022,0.23019771670532055,0.3227848101265823
33500,"Minot, ND",2,7,31860,"Mankato, MN",4,6.617194734536622,12828.0,90.955,79.884,75808.0,83346.7099114947,71152.64168644015,57048.96404364976,0.23238643102177742,0.32051282051282054
33500,"Minot, ND",2,8,13900,"Bismarck, ND",4,6.6594157926480335,12252.0,91.024,84.013,85156.0,93553.3485674108,70374.38485583403,56914.198531348185,0.22044076465903792,0.4201388888888889
33500,"Minot, ND",2,9,16300,"Cedar Rapids, IA",4,6.934941735283889,11136.0,88.963,71.447,78080.0,87766.82441014805,67989.84945273602,55472.285971288664,0.21432513824084137,0.3076923076923077
33500,"Minot, ND",2,10,24020,"Glens Falls, NY",2,6.992332281548429,12924.0,94.866,76.231,75836.0,79940.12607256552,65441.69467700668,51818.26794877949,0.24111018809398313,0.4357976653696498
33540,"Missoula, MT",3,1,13740,"Billings, MT",4,5.347252990253582,13404.0,93.526,77.364,77194.0,82537.476209824,65507.996490445395,51176.152938919615,0.2575829546765246,0.4252199413489736
33540,"Missoula, MT",3,2,42140,"Santa Fe, NM",3,5.72172129591063,16668.0,98.767,107.978,79071.0,80058.11657739934,63056.16468106011,46180.08258886332,0.31475592708752903,0.4396887159533074
33540,"Missoula, MT",3,3,25740,"Helena, MT",4,5.913352684096791,12984.0,95.675,90.141,78528.0,82077.86778155214,64333.89468982848,50762.95139220632,0.24560196985153687,0.4166666666666667
33540,"Missoula, MT",3,4,24300,"Grand Junction, CO",2,5.997036831590771,14184.0,95.476,86.367,73658.0,77148.18383677573,62686.99538552695,47830.90589706912,0.27235353663590656,0.42402826855123676
33540,"Missoula, MT",3,5,20100,"Dover, DE",3,6.049032855950349,16248.0,97.507,95.899,74477.0,76381.18288943358,63119.146253602295,46455.727217020314,0.3177849740883776,0.36328125
33540,"Missoula, MT",3,6,11700,"Asheville, NC",3,6.299032206640285,15552.0,96.506,93.371,71838.0,74438.89499098502,61864.169371974436,45749.10916846377,0.3029191910352288,0.3237410071942446
33540,"Missoula, MT",3,7,32780,"Medford, OR",5,6.306924410804683,16296.0,101.433,97.658,73999.0,72953.57526643202,62144.5270666695,46078.74965695077,0.29616088827104076,0.35174418604651164
33540,"Missoula, MT",3,8,39660,"Rapid City, SD",2,6.44487383163702,13680.0,89.16,72.552,75255.0,84404.44145356663,63780.95558546434,48437.75235531629,0.2789638201012201,0.46283783783783783
33540,"Missoula, MT",3,9,48900,"Wilmington, NC",3,6.459251378493344,16668.0,96.422,93.215,76471.0,79308.66399784281,61990.545528534785,44704.034151463165,0.33401982090631044,0.33093525179856115
33540,"Missoula, MT",3,10,16940,"Cheyenne, WY",2,6.496125865684811,13920.0,96.491,89.828,80173.0,83088.57820936668,64502.64302683034,50076.42711031999,0.2690342234314558,0.46543778801843316
33660,"Mobile, AL",2,1,46140,"Tulsa, OK",4,3.5122159181278163,12936.0,89.214,68.235,69359.0,77744.52440199968,65785.36914696037,51285.40277396959,0.2634387283725328,0.2770137524557957
33660,"Mobile, AL",2,2,29180,"Lafayette, LA",2,3.5513892642319895,11724.0,87.209,58.845,60892.0,69823.06871997156,61722.79389203087,48279.22728766664,0.2661046210296421,0.29846153846153844
33660,"Mobile, AL",2,3,21780,"Evansville, IN",4,3.6315828251507143,11832.0,91.528,66.735,68232.0,74547.67939865396,64327.87401552051,51400.68233647148,0.2355851644071024,0.3278236914600551
33660,"Mobile, AL",2,4,30980,"Longview, TX",2,3.9775356721860735,12720.0,89.485,66.749,66647.0,74478.40420182153,61945.59707644817,47730.924226249816,0.2785181405920559,0.3224852071005917
33660,"Mobile, AL",2,5,33860,"Montgomery, AL",4,3.991699981329072,13140.0,89.682,64.347,64010.0,71374.41181061974,61830.14057075741,47178.37098488734,0.28340972491274713,0.3485254691689008
33660,"Mobile, AL",2,6,24660,"Greensboro-High Point, NC",4,4.018341064315094,13116.0,92.865,74.519,65565.0,70602.48748182846,64513.973821422944,50390.245829176136,0.2594799531728843,0.278
33660,"Mobile, AL",2,7,27140,"Jackson, MS",4,4.131371815266275,12864.0,89.048,64.768,61644.0,69225.58620070074,61146.49303705735,46700.35163017566,0.2819898425244015,0.29082774049217003
33660,"Mobile, AL",2,8,11100,"Amarillo, TX",2,4.188244399855217,13032.0,91.82,78.38,69611.0,75812.45915922457,61035.46924106171,46842.48296356226,0.2803830781797324,0.2767857142857143
33660,"Mobile, AL",2,9,14540,"Bowling Green, KY",2,4.209588308171625,11700.0,90.179,63.395,63328.0,70224.77516938532,60885.41767580124,47911.2219096029,0.2515916322732563,0.32967032967032966
33660,"Mobile, AL",2,10,46220,"Tuscaloosa, AL",4,4.28412608488739,12060.0,87.722,58.246,61517.0,70127.22008162149,65711.97733692081,51964.00077459893,0.25317329157969176,0.3193548387096774
33700,"Modesto, CA",5,1,49700,"Yuba City, CA",5,4.299750456556166,16632.0,104.233,108.279,78179.0,75004.07740350945,64324.98984646577,48368.430983149934,0.2964625706140576,0.3672566371681416
33700,"Modesto, CA",5,2,13380,"Bellingham, WA",5,4.572194451409638,18660.0,103.334,112.946,81784.0,79145.29583680104,68420.25426497441,50362.3062517358,0.3076581318562428,0.35135135135135137
33700,"Modesto, CA",5,3,23420,"Fresno, CA",5,4.814688844834155,16704.0,102.158,95.725,74468.0,72894.92746529885,66492.0975055277,50140.955157400276,0.2932519632166356,0.2350674373795761
33700,"Modesto, CA",5,4,17020,"Chico, CA",5,4.959138305986345,16968.0,101.197,91.946,67928.0,67124.51950156625,65453.20301229185,48685.907539105894,0.3055986042244876,0.37666666666666665
33700,"Modesto, CA",5,5,10900,"Allentown-Bethlehem-Easton, PA-NJ",4,4.989875607869681,16380.0,99.968,105.52,84587.0,84614.07650448143,64048.92702919836,47663.683751349454,0.3001356390785087,0.25775193798449614
33700,"Modesto, CA",5,6,39820,"Redding, CA",5,5.149044495642343,15804.0,100.684,89.366,72636.0,72142.544992253,67386.68598933466,51690.050972847435,0.2778129955394769,0.38095238095238093
33700,"Modesto, CA",5,7,41420,"Salem, OR",5,5.23657171935538,16788.0,103.649,110.333,78900.0,76122.297369005,65913.51063560153,49716.53816119271,0.2875189685609681,0.313953488372093
33700,"Modesto, CA",5,8,32900,"Merced, CA",5,5.244085238167776,16116.0,98.275,78.63,65510.0,66659.88298142965,66030.75334158426,49631.87264964838,0.29416172248390293,0.3159851301115242
33700,"Modesto, CA",5,9,44700,"Stockton-Lodi, CA",5,5.398808765548814,20808.0,105.089,115.614,92179.0,87715.17475663485,65088.516621983945,45288.156926868374,0.35533272668518,0.2505694760820046
33700,"Modesto, CA",5,10,21660,"Eugene-Springfield, OR",5,5.440319005842634,16260.0,101.568,98.35,71544.0,70439.50850661626,64475.11932439578,48466.14011834663,0.2889320409761229,0.3464203233256351
33740,"Monroe, LA",2,1,22500,"Florence, SC",2,3.6259978187371997,11208.0,86.774,52.425,54443.0,62741.14366054348,62566.05390515404,49649.74256765663,0.24883360441537591,0.35125448028673834
33740,"Monroe, LA",2,2,43340,"Shreveport-Bossier City, LA",2,3.760558210329189,12168.0,84.766,52.286,55925.0,65975.74499209588,63475.7282131115,49120.916142234026,0.2779671839710722,0.3884057971014493
33740,"Monroe, LA",2,3,36980,"Owensboro, KY",2,3.9057537467652996,10884.0,88.61,55.698,68002.0,76743.03126058007,61968.56622802557,49685.52819620073,0.23782500534711193,0.36633663366336633
33740,"Monroe, LA",2,4,27180,"Jackson, TN",2,4.031468570649285,11964.0,85.522,56.567,61177.0,71533.64046678047,64366.84420383058,50377.461354972984,0.2560485348037776,0.3711340206185567
33740,"Monroe, LA",2,5,10780,"Alexandria, LA",2,4.17273056155085,11352.0,85.686,53.684,56353.0,65766.86973367877,61858.973038780015,48610.60107603231,0.2594567995595722,0.4099099099099099
33740,"Monroe, LA",2,6,48660,"Wichita Falls, TX",2,4.238160219248823,11940.0,89.513,68.208,65379.0,73038.55305933216,60039.527016390704,46700.68237929889,0.26803627407771496,0.3374485596707819
33740,"Monroe, LA",2,7,45500,"Texarkana, TX-AR",2,4.31539994897293,11400.0,84.012,49.885,55646.0,66235.77584154645,62572.92591513569,49003.43584228894,0.25881687835164313,0.3648068669527897
33740,"Monroe, LA",2,8,27860,"Jonesboro, AR",2,4.38819783296461,11148.0,85.876,53.848,56738.0,66069.68186687781,60278.60351726368,47297.09529610759,0.25100764913006907,0.3983402489626556
33740,"Monroe, LA",2,9,26580,"Huntington-Ashland, WV-KY-OH",2,4.616992081044068,10608.0,88.422,51.257,60078.0,67944.62916468752,61336.21257419301,49339.19825648927,0.23270316864726165,0.3569553805774278
33740,"Monroe, LA",2,10,48700,"Williamsport, PA",2,4.779246837057315,10956.0,92.35,64.392,63917.0,69211.69463995668,61918.573443537956,50055.0109096993,0.22641284961979163,0.358974358974359
33780,"Monroe, MI",2,1,27500,"Janesville-Beloit, WI",4,3.1127621898493376,12444.0,93.703,79.552,75673.0,80758.35352123197,66473.54932463648,53193.29148870807,0.24034669263041522,0.32567049808429116
33780,"Monroe, MI",2,2,22540,"Fond du Lac, WI",4,3.305613584395511,11520.0,91.643,67.317,74275.0,81048.19789836647,66735.04795783637,54164.52975131761,0.2248073208782546,0.3613861386138614
33780,"Monroe, MI",2,3,39540,"Racine-Mount Pleasant, WI",4,3.5959015253794364,12960.0,95.961,92.029,78096.0,81383.06186888424,64313.61930148584,50808.132697553,0.24865044638818126,0.31417624521072796
33780,"Monroe, MI",2,4,30620,"Lima, OH",2,3.98048322899076,11064.0,89.669,57.275,64038.0,71415.9854576275,64678.78328276013,52340.07090724574,0.22672824193499586,0.34545454545454546
33780,"Monroe, MI",2,5,40580,"Rocky Mount, NC",2,4.094771429700838,11040.0,88.012,56.103,59636.0,67758.94196245966,63586.16470998596,51042.42067508163,0.23718808245067868,0.37398373983739835
33780,"Monroe, MI",2,6,44420,"Staunton-Stuarts Draft, VA",2,4.118137449875793,12816.0,91.128,68.232,73544.0,80704.0646124133,64357.79601245547,50294.061485197104,0.2596089907875784,0.3611111111111111
33780,"Monroe, MI",2,7,11540,"Appleton, WI",4,4.197262292692979,12720.0,92.419,70.785,85825.0,92865.10349603437,66810.4702638197,53047.066634695824,0.24012503997365162,0.33429394812680113
33780,"Monroe, MI",2,8,40420,"Rockford, IL",4,4.211901595980442,12276.0,92.154,70.076,68033.0,73825.33585085835,66247.96407049483,52926.78430618726,0.23770536809852624,0.29080118694362017
33780,"Monroe, MI",2,9,33140,"Michigan City-La Porte, IN",2,4.239076880225093,11712.0,91.682,68.451,71055.0,77501.58155363103,60308.200852819915,47533.61042067401,0.24751796376976304,0.34759358288770054
33780,"Monroe, MI",2,10,48140,"Wausau, WI",4,4.309114198581882,11988.0,92.651,71.464,77884.0,84061.6938834983,66115.57611276988,53176.697957110475,0.23153445639447356,0.29545454545454547
33860,"Montgomery, AL",4,1,27140,"Jackson, MS",4,3.1168100029243404,12864.0,89.048,64.768,61644.0,69225.58620070074,61146.49303705735,46700.35163017566,0.2819898425244015,0.29082774049217003
33860,"Montgomery, AL",4,2,30780,"Little Rock-North Little Rock-Conway, AR",4,3.768446475708443,12660.0,89.364,68.295,67154.0,75146.59146860032,60718.25578171768,46551.47721316659,0.2692428810447293,0.29292929292929293
33860,"Montgomery, AL",4,3,40220,"Roanoke, VA",4,3.8663556158929335,12516.0,93.618,78.531,68761.0,73448.482129505,62641.13272502912,49271.9088578241,0.25237181089584726,0.2727272727272727
33860,"Montgomery, AL",4,4,17900,"Columbia, SC",4,3.8695092427488444,14316.0,93.662,79.455,68359.0,72984.77504217291,63684.94238174577,48400.195098963,0.28677960507808814,0.23391812865497075
33860,"Montgomery, AL",4,5,16860,"Chattanooga, TN-GA",4,3.872515491599055,13956.0,91.464,76.55,72161.0,78895.52173532757,62800.371904345215,47541.90955850423,0.286937745330927,0.2907488986784141
33860,"Montgomery, AL",4,6,33660,"Mobile, AL",2,3.991699981329072,12624.0,88.098,60.116,58880.0,66834.66139980477,63613.36681434754,49283.870117487226,0.269627839278571,0.34908136482939633
33860,"Montgomery, AL",4,7,13820,"Birmingham, AL",4,4.054981444104558,14064.0,91.644,71.851,71498.0,78017.10968530399,65723.20893893762,50376.868753000745,0.2824240211735994,0.31392931392931395
33860,"Montgomery, AL",4,8,31420,"Macon-Bibb County, GA",2,4.109596043371297,12528.0,88.528,58.916,59526.0,67239.74335803361,62706.12035379103,48554.66544686892,0.2700999257002899,0.3050847457627119
33860,"Montgomery, AL",4,9,24860,"Greenville-Anderson-Greer, SC",4,4.14465872840736,13800.0,93.26,76.836,71240.0,76388.59103581385,64467.9390950032,49670.598327257125,0.27513359975790086,0.2655038759689923
33860,"Montgomery, AL",4,10,14540,"Bowling Green, KY",2,4.194378784541735,11700.0,90.179,63.395,63328.0,70224.77516938532,60885.41767580124,47911.2219096029,0.2515916322732563,0.32967032967032966
34060,"Morgantown, WV",2,1,24780,"Greenville, NC",4,3.68534514675363,11916.0,88.402,57.326,58188.0,65822.04022533426,66882.18929713823,53402.85625037458,0.2446559569768659,0.33568904593639576
34060,"Morgantown, WV",2,2,26580,"Huntington-Ashland, WV-KY-OH",2,4.862528280878109,10608.0,88.422,51.257,60078.0,67944.62916468752,61336.21257419301,49339.19825648927,0.23270316864726165,0.3569553805774278
34060,"Morgantown, WV",2,3,17860,"Columbia, MO",4,5.466298889539763,12840.0,89.438,69.248,72340.0,80882.84621749145,66558.14857563554,52201.83470457402,0.25362735798030933,0.309375
34060,"Morgantown, WV",2,4,49180,"Winston-Salem, NC",4,5.74030615118714,12192.0,92.043,71.377,65975.0,71678.45463533347,63979.902085542344,50733.91922970323,0.24631398755916462,0.2692307692307692
34060,"Morgantown, WV",2,5,12620,"Bangor, ME",2,5.7683336671192285,12492.0,96.508,77.688,66356.0,68756.99423881958,63285.9248892909,50341.9202471887,0.23516302037792222,0.4
34060,"Morgantown, WV",2,6,31420,"Macon-Bibb County, GA",2,5.774650505541511,12528.0,88.528,58.916,59526.0,67239.74335803361,62706.12035379103,48554.66544686892,0.2700999257002899,0.3050847457627119
34060,"Morgantown, WV",2,7,22420,"Flint, MI",4,5.792272785964533,11868.0,93.034,74.039,62281.0,66944.34292839176,65006.57327924778,52249.94666962119,0.23458804632094313,0.32621951219512196
34060,"Morgantown, WV",2,8,22180,"Fayetteville, NC",4,5.842871803400756,14544.0,91.978,73.081,61763.0,67149.75320185263,64370.78897748841,48558.31208083921,0.29508008359611204,0.3083832335329341
34060,"Morgantown, WV",2,9,48260,"Weirton-Steubenville, WV-OH",2,5.896615359592079,9420.0,89.024,52.383,58784.0,66031.63191948239,61784.71012197054,51203.293874666444,0.20762400003583392,0.40782122905027934
34060,"Morgantown, WV",2,10,48700,"Williamsport, PA",2,5.952218513578688,10956.0,92.35,64.392,63917.0,69211.69463995668,61918.573443537956,50055.0109096993,0.22641284961979163,0.358974358974359
34100,"Morristown, TN",2,1,22900,"Fort Smith, AR-OK",2,3.975894096923959,10392.0,85.888,53.443,58468.0,68074.70193740685,58892.34541160423,46792.86702114223,0.23832657232574747,0.34797297297297297
34100,"Morristown, TN",2,2,17420,"Cleveland, TN",2,4.3057225086643625,12072.0,88.08,60.327,66135.0,75085.14986376022,61338.95322434151,47633.23115349682,0.27203319219128225,0.3251231527093596
34100,"Morristown, TN",2,3,40580,"Rocky Mount, NC",2,4.699603699428695,11040.0,88.012,56.103,59636.0,67758.94196245966,63586.16470998596,51042.42067508163,0.23718808245067868,0.37398373983739835
34100,"Morristown, TN",2,4,33140,"Michigan City-La Porte, IN",2,4.713454306337662,11712.0,91.682,68.451,71055.0,77501.58155363103,60308.200852819915,47533.61042067401,0.24751796376976304,0.34759358288770054
34100,"Morristown, TN",2,5,27180,"Jackson, TN",2,4.767941599096687,11964.0,85.522,56.567,61177.0,71533.64046678047,64366.84420383058,50377.461354972984,0.2560485348037776,0.3711340206185567
34100,"Morristown, TN",2,6,14540,"Bowling Green, KY",2,4.86763416250414,11700.0,90.179,63.395,63328.0,70224.77516938532,60885.41767580124,47911.2219096029,0.2515916322732563,0.32967032967032966
34100,"Morristown, TN",2,7,44220,"Springfield, OH",2,4.915255258948501,10464.0,90.482,61.726,63132.0,69772.99352357375,62536.56525648136,50971.834149741895,0.21651752780453368,0.34782608695652173
34100,"Morristown, TN",2,8,27900,"Joplin, MO-KS",2,4.997750843975302,11136.0,85.718,53.976,61901.0,72214.70402949204,65535.97466175526,52544.537624026896,0.23239779092365825,0.31690140845070425
34100,"Morristown, TN",2,9,19460,"Decatur, AL",2,5.111558688743374,10164.0,87.212,58.067,68116.0,78103.93065174518,64758.03586969434,53103.67637788128,0.2212756985888278,0.4156378600823045
34100,"Morristown, TN",2,10,11500,"Anniston-Oxford, AL",2,5.12637837975325,9912.0,85.949,54.705,55029.0,64025.17772167215,59722.41737870192,48189.99698986668,0.23349610886231395,0.42408376963350786
34580,"Mount Vernon-Anacortes, WA",5,1,13380,"Bellingham, WA",5,4.006680151026081,18660.0,103.334,112.946,81784.0,79145.29583680104,68420.25426497441,50362.3062517358,0.3076581318562428,0.35135135135135137
34580,"Mount Vernon-Anacortes, WA",5,2,31020,"Longview-Kelso, WA",5,4.8524132945624325,14472.0,97.545,82.536,76531.0,78457.12235378542,71716.04350212347,56879.81406955389,0.24305237252199086,0.4029126213592233
34580,"Mount Vernon-Anacortes, WA",5,3,48300,"Wenatchee-East Wenatchee, WA",5,5.024347669728933,15012.0,103.855,114.958,81938.0,78896.53844302152,65153.42179663622,50698.653128781996,0.26201727484369114,0.3706896551724138
34580,"Mount Vernon-Anacortes, WA",5,4,39820,"Redding, CA",5,5.273849183988842,15804.0,100.684,89.366,72636.0,72142.544992253,67386.68598933466,51690.050972847435,0.2778129955394769,0.38095238095238093
34580,"Mount Vernon-Anacortes, WA",5,5,49700,"Yuba City, CA",5,5.445922366815806,16632.0,104.233,108.279,78179.0,75004.07740350945,64324.98984646577,48368.430983149934,0.2964625706140576,0.3672566371681416
34580,"Mount Vernon-Anacortes, WA",5,6,33700,"Modesto, CA",5,5.649325009214722,19476.0,104.108,108.476,81468.0,78253.35228800861,67774.94121726394,49067.44515548194,0.3266800405031649,0.3374384236453202
34580,"Mount Vernon-Anacortes, WA",5,7,24540,"Greeley, CO",3,6.047592320451755,18468.0,100.176,112.599,97097.0,96926.40951924612,65735.34625302242,47299.79282705214,0.32497510165126253,0.3687315634218289
34580,"Mount Vernon-Anacortes, WA",5,8,13740,"Billings, MT",4,6.130190403865543,13404.0,93.526,77.364,77194.0,82537.476209824,65507.996490445395,51176.152938919615,0.2575829546765246,0.4252199413489736
34580,"Mount Vernon-Anacortes, WA",5,9,14740,"Bremerton-Silverdale-Port Orchard, WA",1,6.136232420657037,21864.0,105.607,129.641,104158.0,98627.93186057742,71699.63375038122,50996.46066526376,0.33808389781191417,0.3712374581939799
34580,"Mount Vernon-Anacortes, WA",5,10,13460,"Bend, OR",3,6.153471376557582,20364.0,103.607,109.958,89788.0,86662.09812078334,63998.86696921613,44343.824356265264,0.35544100910429943,0.3914209115281501
34620,"Muncie, IN",2,1,36980,"Owensboro, KY",2,3.993252032895644,10884.0,88.61,55.698,68002.0,76743.03126058007,61968.56622802557,49685.52819620073,0.23782500534711193,0.36633663366336633
34620,"Muncie, IN",2,2,13020,"Bay City, MI",2,4.188421121112587,10320.0,91.921,66.684,61763.0,67191.39260887065,61011.13368968465,49784.10178185074,0.22095670556041994,0.45
34620,"Muncie, IN",2,3,48260,"Weirton-Steubenville, WV-OH",2,4.365106116391509,9420.0,89.024,52.383,58784.0,66031.63191948239,61784.71012197054,51203.293874666444,0.20762400003583392,0.40782122905027934
34620,"Muncie, IN",2,4,11020,"Altoona, PA",2,4.366623712704843,10620.0,89.507,54.978,62382.0,69695.1076452121,62179.822938593694,50314.82913922604,0.22773399270949926,0.35684647302904565
34620,"Muncie, IN",2,5,30620,"Lima, OH",2,4.4383794139563575,11064.0,89.669,57.275,64038.0,71415.9854576275,64678.78328276013,52340.07090724574,0.22672824193499586,0.34545454545454546
34620,"Muncie, IN",2,6,22420,"Flint, MI",4,4.4572738825550635,11868.0,93.034,74.039,62281.0,66944.34292839176,65006.57327924778,52249.94666962119,0.23458804632094313,0.32621951219512196
34620,"Muncie, IN",2,7,22500,"Florence, SC",2,4.482972222827194,11208.0,86.774,52.425,54443.0,62741.14366054348,62566.05390515404,49649.74256765663,0.24883360441537591,0.35125448028673834
34620,"Muncie, IN",2,8,31340,"Lynchburg, VA",4,4.567279825949775,11892.0,89.363,63.912,68996.0,77208.6881595291,66726.68393557685,53419.16292576295,0.23931646222428965,0.3181818181818182
34620,"Muncie, IN",2,9,12220,"Auburn-Opelika, AL",2,4.67762644319855,12312.0,87.933,62.078,63649.0,72383.51927035356,62628.00710071414,48626.437724029616,0.27210367255887064,0.3426294820717131
34620,"Muncie, IN",2,10,40980,"Saginaw, MI",4,4.717907876856986,11364.0,90.891,63.647,60622.0,66697.47279708661,65266.14375970962,52763.25568498275,0.2258077324135344,0.3129496402877698
34740,"Muskegon-Norton Shores, MI",2,1,33140,"Michigan City-La Porte, IN",2,3.472994641992929,11712.0,91.682,68.451,71055.0,77501.58155363103,60308.200852819915,47533.61042067401,0.24751796376976304,0.34759358288770054
34740,"Muskegon-Norton Shores, MI",2,2,40580,"Rocky Mount, NC",2,3.993504422806533,11040.0,88.012,56.103,59636.0,67758.94196245966,63586.16470998596,51042.42067508163,0.23718808245067868,0.37398373983739835
34740,"Muskegon-Norton Shores, MI",2,3,27100,"Jackson, MI",4,4.0044413579268605,11820.0,91.779,67.092,66073.0,71991.41415792283,65764.28923560276,52885.526119857335,0.23273049433515275,0.34497816593886466
34740,"Muskegon-Norton Shores, MI",2,4,15500,"Burlington, NC",2,4.084218549302311,12768.0,93.196,77.88,65651.0,70444.01047255247,60993.965130447534,47293.8063253486,0.271091232246963,0.2661290322580645
34740,"Muskegon-Norton Shores, MI",2,5,29200,"Lafayette-West Lafayette, IN",4,4.192372325482513,13284.0,93.43,76.442,62011.0,66371.61511291875,63154.16176103321,48936.03053979806,0.2642391809024139,0.26143790849673204
34740,"Muskegon-Norton Shores, MI",2,6,12220,"Auburn-Opelika, AL",2,4.228561660255764,12312.0,87.933,62.078,63649.0,72383.51927035356,62628.00710071414,48626.437724029616,0.27210367255887064,0.3426294820717131
34740,"Muskegon-Norton Shores, MI",2,7,46220,"Tuscaloosa, AL",4,4.343243057158382,12060.0,87.722,58.246,61517.0,70127.22008162149,65711.97733692081,51964.00077459893,0.25317329157969176,0.3193548387096774
34740,"Muskegon-Norton Shores, MI",2,8,14540,"Bowling Green, KY",2,4.471461494783839,11700.0,90.179,63.395,63328.0,70224.77516938532,60885.41767580124,47911.2219096029,0.2515916322732563,0.32967032967032966
34740,"Muskegon-Norton Shores, MI",2,9,31900,"Mansfield, OH",2,4.499270313536767,9888.0,88.872,54.919,59509.0,66960.34746601855,62618.687943722405,51492.57398206969,0.20843290776580617,0.39565217391304347
34740,"Muskegon-Norton Shores, MI",2,10,39540,"Racine-Mount Pleasant, WI",4,4.549476195077839,12960.0,95.961,92.029,78096.0,81383.06186888424,64313.61930148584,50808.132697553,0.24865044638818126,0.31417624521072796
34820,"Myrtle Beach-Conway-North Myrtle Beach, SC",3,1,19300,"Daphne-Fairhope-Foley, AL",3,4.788248579459042,15324.0,94.69,89.15,78775.0,83192.52296969057,56427.54314236325,40244.20804890037,0.34405650080153694,0.4128787878787879
34820,"Myrtle Beach-Conway-North Myrtle Beach, SC",3,2,25940,"Hilton Head Island-Bluffton-Port Royal, SC",3,4.973717284988632,18876.0,98.017,101.235,83304.0,84989.33858412316,58370.05165370473,39112.16781722738,0.3938453566326406,0.322463768115942
34820,"Myrtle Beach-Conway-North Myrtle Beach, SC",3,3,42680,"Sebastian-Vero Beach-West Vero Corridor, FL",3,5.866677434973196,16284.0,98.308,101.635,73491.0,74755.86930870326,58142.586116411716,41578.318711927845,0.3364726851604395,0.42616033755274263
34820,"Myrtle Beach-Conway-North Myrtle Beach, SC",3,4,19660,"Deltona-Daytona Beach-Ormond Beach, FL",3,5.936150411375921,18000.0,99.367,108.375,71277.0,71731.05759457365,56280.31925881352,38165.65342407966,0.37412577856248325,0.3053435114503817
34820,"Myrtle Beach-Conway-North Myrtle Beach, SC",3,5,36100,"Ocala, FL",3,6.0747129416245755,15324.0,95.234,86.23,61010.0,64063.25471995296,56391.25544287655,40300.3635345245,0.3291928952142377,0.33225806451612905
34820,"Myrtle Beach-Conway-North Myrtle Beach, SC",3,6,27340,"Jacksonville, NC",3,6.088018349157913,15180.0,92.085,72.118,68148.0,74005.53836129663,57147.35748943275,40662.58798299847,0.34252414219900523,0.4260089686098655
34820,"Myrtle Beach-Conway-North Myrtle Beach, SC",3,7,48900,"Wilmington, NC",3,6.48508083788247,16668.0,96.422,93.215,76471.0,79308.66399784281,61990.545528534785,44704.034151463165,0.33401982090631044,0.33093525179856115
34820,"Myrtle Beach-Conway-North Myrtle Beach, SC",3,8,39460,"Punta Gorda, FL",3,6.503309533022516,17568.0,100.525,113.277,69952.0,69586.6699825914,55461.082836236514,37984.833147104466,0.36401371523552833,0.4507042253521127
34820,"Myrtle Beach-Conway-North Myrtle Beach, SC",3,9,37460,"Panama City-Panama City Beach, FL",3,6.773108982659107,17472.0,97.296,96.424,71514.0,73501.48001973359,58354.237566858705,40396.6647992218,0.36177488698844124,0.3771043771043771
34820,"Myrtle Beach-Conway-North Myrtle Beach, SC",3,10,39150,"Prescott Valley-Prescott, AZ",3,6.94371123737669,16212.0,98.255,98.781,69613.0,70849.3206452598,60312.06677738661,43812.1431093799,0.3176941760564194,0.3861003861003861
34900,"Napa, CA",1,1,42020,"San Luis Obispo-Paso Robles, CA",1,5.433216271046838,23904.0,108.596,144.362,97446.0,89732.58683561088,65492.69870617381,43480.838232491544,0.399979463955744,0.3521505376344086
34900,"Napa, CA",1,2,42220,"Santa Rosa-Petaluma, CA",1,5.82585756112421,25896.0,107.784,139.569,104674.0,97114.59956950937,69520.56219415164,45494.73275750057,0.4065091968434686,0.330188679245283
34900,"Napa, CA",1,3,42200,"Santa Maria-Santa Barbara, CA",1,5.845712408423667,25572.0,108.798,151.394,98161.0,90223.16586701962,69837.9916743122,46333.88314290537,0.4088051883871889,0.33710407239819007
34900,"Napa, CA",1,4,42100,"Santa Cruz-Watsonville, CA",1,6.015136144013584,27168.0,109.896,164.328,111093.0,101089.21161825726,68617.18771873828,43895.63279408224,0.43641147880013303,0.3302180685358255
34900,"Napa, CA",1,5,37100,"Oxnard-Thousand Oaks-Ventura, CA",1,6.9351809398502064,27804.0,110.534,171.096,109797.0,99333.23683210596,64308.90118117578,39154.650000543574,0.46738508313352656,0.2981366459627329
34900,"Napa, CA",1,6,46700,"Vallejo, CA",1,7.582489287283232,25956.0,108.479,142.042,100401.0,92553.397431761,71271.670737124,47344.459018726884,0.402143202664394,0.2884097035040431
34900,"Napa, CA",1,7,13460,"Bend, OR",3,8.513688394649076,20364.0,103.607,109.958,89788.0,86662.09812078334,63998.86696921613,44343.824356265264,0.35544100910429943,0.3914209115281501
34900,"Napa, CA",1,8,46520,"Urban Honolulu, HI",1,8.735494690393912,24996.0,110.961,135.538,106195.0,95704.79718099152,63501.889663461654,40975.05591106216,0.4167379570982066,0.40210526315789474
34900,"Napa, CA",1,9,33700,"Modesto, CA",5,9.034764305950072,19476.0,104.108,108.476,81468.0,78253.35228800861,67774.94121726394,49067.44515548194,0.3266800405031649,0.3374384236453202
34900,"Napa, CA",1,10,41740,"San Diego-Chula Vista-Carlsbad, CA",1,9.043399734079674,26952.0,111.887,179.267,106268.0,94977.96884356538,67620.26615703518,43531.676776678214,0.42713824840312903,0.2852760736196319
34940,"Naples-Marco Island, FL",3,1,35840,"North Port-Bradenton-Sarasota, FL",3,4.978276439420218,20964.0,102.417,127.95,80859.0,78950.76012771318,58295.16398581491,37825.90595248059,0.4099315419670332,0.2753303964757709
34940,"Naples-Marco Island, FL",3,2,25940,"Hilton Head Island-Bluffton-Port Royal, SC",3,5.0896357307510005,18876.0,98.017,101.235,83304.0,84989.33858412316,58370.05165370473,39112.16781722738,0.3938453566326406,0.322463768115942
34940,"Naples-Marco Island, FL",3,3,15980,"Cape Coral-Fort Myers, FL",3,5.2040056278109965,20544.0,102.349,125.113,76107.0,74360.27709112938,57817.72763294792,37745.2305885215,0.4072654557829898,0.3006993006993007
34940,"Naples-Marco Island, FL",3,4,14580,"Bozeman, MT",3,5.899169646910398,20328.0,102.51,139.188,93528.0,91237.9280070237,61586.91834942931,41756.657887035406,0.36948574028016967,0.4134275618374558
34940,"Naples-Marco Island, FL",3,5,41100,"St. George, UT",3,6.008392335700489,18792.0,97.321,98.148,80632.0,82851.59420885523,58262.322438265,38953.02639732831,0.38947142117700184,0.3381294964028777
34940,"Naples-Marco Island, FL",3,6,38940,"Port St. Lucie, FL",3,6.022402808225401,18960.0,100.228,113.642,74514.0,74344.49455242048,59021.63945325537,40104.76991580076,0.3778380640189969,0.31767955801104975
34940,"Naples-Marco Island, FL",3,7,42680,"Sebastian-Vero Beach-West Vero Corridor, FL",3,6.357550839112145,16284.0,98.308,101.635,73491.0,74755.86930870326,58142.586116411716,41578.318711927845,0.3364726851604395,0.42616033755274263
34940,"Naples-Marco Island, FL",3,8,19660,"Deltona-Daytona Beach-Ormond Beach, FL",3,6.548387706197041,18000.0,99.367,108.375,71277.0,71731.05759457365,56280.31925881352,38165.65342407966,0.37412577856248325,0.3053435114503817
34940,"Naples-Marco Island, FL",3,9,18880,"Crestview-Fort Walton Beach-Destin, FL",3,6.626769035946468,19596.0,97.031,94.934,81993.0,84501.86023023569,63599.05344272683,43403.4458533997,0.3781119806794754,0.3630769230769231
34940,"Naples-Marco Island, FL",3,10,17660,"Coeur d'Alene, ID",3,6.663135627339395,17904.0,98.293,105.597,81861.0,83282.63457214653,60748.985176970884,42534.056341753734,0.3479514361497808,0.4024390243902439
34980,"Nashville-Davidson--Murfreesboro--Franklin, TN",1,1,41700,"San Antonio-New Braunfels, TX",4,3.244484925981195,16356.0,94.716,94.575,76213.0,80464.75780227206,65452.93090162896,48184.465172501885,0.3194721786194416,0.20689655172413793
34980,"Nashville-Davidson--Murfreesboro--Franklin, TN",1,2,16740,"Charlotte-Concord-Gastonia, NC-SC",1,3.4177082993010965,17676.0,97.348,97.635,83304.0,85573.40674692855,65335.56193294378,47178.02402769663,0.32930309038430056,0.20500782472613457
34980,"Nashville-Davidson--Murfreesboro--Franklin, TN",1,3,27260,"Jacksonville, FL",3,3.421191313980311,18156.0,99.484,109.777,79643.0,80056.08942141451,61809.61575844957,43559.44487669975,0.3471988980962408,0.21837088388214904
34980,"Nashville-Davidson--Murfreesboro--Franklin, TN",1,4,12060,"Atlanta-Sandy Springs-Roswell, GA",1,3.9480104943161347,20064.0,100.058,111.022,89724.0,89671.99024565752,65399.90559141387,45347.53596579673,0.3707652333637077,0.20268256333830104
34980,"Nashville-Davidson--Murfreesboro--Franklin, TN",1,5,41620,"Salt Lake City-Murray, UT",1,4.20584725972648,18996.0,100.868,123.311,98083.0,97238.96577705516,64720.87363121331,45888.34002293319,0.34324829679863494,0.295
34980,"Nashville-Davidson--Murfreesboro--Franklin, TN",1,6,26420,"Houston-Pasadena-The Woodlands, TX",1,4.234947320306977,17160.0,98.629,104.51,82168.0,83310.18260349389,65673.29157864783,48274.75767888204,0.3248826294257687,0.21343283582089553
34980,"Nashville-Davidson--Murfreesboro--Franklin, TN",1,7,14260,"Boise City, ID",3,4.316851432758399,17844.0,98.391,105.58,85987.0,87393.15587807828,62582.30278719957,44446.497683074194,0.33615988563011345,0.2851153039832285
34980,"Nashville-Davidson--Murfreesboro--Franklin, TN",1,8,40060,"Richmond, VA",1,4.431904597197557,17364.0,97.858,99.136,86679.0,88576.30444112897,68241.30691375065,50497.22875969068,0.3106618908925918,0.2777777777777778
34980,"Nashville-Davidson--Murfreesboro--Franklin, TN",1,9,19100,"Dallas-Fort Worth-Arlington, TX",1,4.54409362918772,19368.0,103.09,117.874,90275.0,87569.11436608787,64319.4799120766,45532.012650460536,0.35664425864692695,0.19602272727272727
34980,"Nashville-Davidson--Murfreesboro--Franklin, TN",1,10,39580,"Raleigh-Cary, NC",1,4.695457643871974,18876.0,98.157,103.476,100103.0,101982.5381786322,66179.1612271303,46948.74464960654,0.34717101034965425,0.2859778597785978
35300,"New Haven, CT",1,1,25540,"Hartford-West Hartford-East Hartford, CT",1,3.7407943476821113,16992.0,102.746,110.234,95118.0,92575.86670040683,71257.96861612689,54720.09852872691,0.27788520830891394,0.2864864864864865
35300,"New Haven, CT",1,2,49340,"Worcester, MA",5,4.01301030776138,17112.0,102.523,113.001,95939.0,93578.02639407742,71034.52136418616,54343.63249047002,0.27836628366176264,0.35084033613445376
35300,"New Haven, CT",1,3,47930,"Waterbury-Shelton, CT",5,4.165592688689144,15960.0,99.778,89.111,86191.0,86382.76974884242,68011.71009898384,52016.20006671219,0.27924712171290555,0.3435897435897436
35300,"New Haven, CT",1,4,35980,"Norwich-New London-Willimantic, CT",5,4.369940972945009,16380.0,100.445,93.662,86586.0,86202.3993230126,70612.52787414845,54305.0959462277,0.27632534853659135,0.3179190751445087
35300,"New Haven, CT",1,5,39300,"Providence-Warwick, RI-MA",4,4.533882578720117,15684.0,101.773,103.851,87040.0,85523.66541224097,68567.68550832792,53156.918408999016,0.26550380543656876,0.30124777183600715
35300,"New Haven, CT",1,6,38860,"Portland-South Portland, ME",1,4.707190191774038,17820.0,101.858,105.164,92175.0,90493.62838461387,65501.915349666735,48006.971408101024,0.3058479428735404,0.3081761006289308
35300,"New Haven, CT",1,7,10900,"Allentown-Bethlehem-Easton, PA-NJ",4,5.149474311419568,16380.0,99.968,105.52,84587.0,84614.07650448143,64048.92702919836,47663.683751349454,0.3001356390785087,0.25775193798449614
35300,"New Haven, CT",1,8,37980,"Philadelphia-Camden-Wilmington, PA-NJ-DE-MD",1,5.404497521419186,17760.0,102.554,113.141,91289.0,89015.54303098854,66967.56327977296,49649.85748575226,0.30524714301644423,0.20220082530949107
35300,"New Haven, CT",1,9,18140,"Columbus, OH",4,5.642078910362789,15288.0,95.469,87.945,81945.0,85834.14511516828,68597.49537246945,52583.92028526837,0.27429271692332724,0.178752107925801
35300,"New Haven, CT",1,10,40060,"Richmond, VA",1,5.645142478788849,17364.0,97.858,99.136,86679.0,88576.30444112897,68241.30691375065,50497.22875969068,0.3106618908925918,0.2777777777777778
35380,"New Orleans-Metairie, LA",4,1,36420,"Oklahoma City, OK",4,4.46639204520663,13488.0,90.408,73.885,72094.0,79742.94310238032,66009.0050723851,51089.97135855447,0.27197005468478924,0.2937062937062937
35380,"New Orleans-Metairie, LA",4,2,13820,"Birmingham, AL",4,4.618953195988642,14064.0,91.644,71.851,71498.0,78017.10968530399,65723.20893893762,50376.868753000745,0.2824240211735994,0.31392931392931395
35380,"New Orleans-Metairie, LA",4,3,17900,"Columbia, SC",4,5.0950830715704525,14316.0,93.662,79.455,68359.0,72984.77504217291,63684.94238174577,48400.195098963,0.28677960507808814,0.23391812865497075
35380,"New Orleans-Metairie, LA",4,4,30460,"Lexington-Fayette, KY",4,5.176714963458543,13656.0,92.889,77.093,71966.0,77475.26617791127,65679.17980959354,50977.761988322985,0.2637648845559352,0.2595078299776286
35380,"New Orleans-Metairie, LA",4,5,10740,"Albuquerque, NM",4,5.218670550010988,13872.0,95.546,89.153,70783.0,74082.64082222174,66245.07376741902,51726.412598976596,0.26366986004580767,0.2910602910602911
35380,"New Orleans-Metairie, LA",4,6,33860,"Montgomery, AL",4,5.221157613068072,13140.0,89.682,64.347,64010.0,71374.41181061974,61830.14057075741,47178.37098488734,0.28340972491274713,0.3485254691689008
35380,"New Orleans-Metairie, LA",4,7,17410,"Cleveland, OH",4,5.3957975544762515,12600.0,93.923,79.434,70678.0,75251.00348157533,67255.02311467905,53839.77871234947,0.23579692944191716,0.25938009787928223
35380,"New Orleans-Metairie, LA",4,8,12940,"Baton Rouge, LA",4,5.401238102032064,13620.0,90.78,74.183,69599.0,76667.76823088786,64713.738341778655,49710.43364911507,0.2807868502063127,0.3291139240506329
35380,"New Orleans-Metairie, LA",4,9,46140,"Tulsa, OK",4,5.471450848353318,12936.0,89.214,68.235,69359.0,77744.52440199968,65785.36914696037,51285.40277396959,0.2634387283725328,0.2770137524557957
35380,"New Orleans-Metairie, LA",4,10,26900,"Indianapolis-Carmel-Greenwood, IN",4,5.556478869885159,14292.0,95.696,88.917,79852.0,83443.40411302458,67102.48315808205,52167.689645291546,0.26071779381385785,0.23014586709886548
35620,"New York-Newark-Jersey City, NY-NJ",1,1,31080,"Los Angeles-Long Beach-Anaheim, CA",1,5.463845168254246,24756.0,113.566,170.433,95958.0,84495.35952661888,66908.41766500729,45109.63986179153,0.3914032318341939,0.26788218793828894
35620,"New York-Newark-Jersey City, NY-NJ",1,2,40900,"Sacramento-Roseville-Folsom, CA",1,5.764098401857822,21828.0,106.67,130.23,97188.0,91110.90278428799,72284.30998105383,51821.19945325783,0.34014191851906084,0.25232198142414863
35620,"New York-Newark-Jersey City, NY-NJ",1,3,42660,"Seattle-Tacoma-Bellevue, WA",1,6.3653173051350596,24000.0,111.133,151.314,115177.0,103638.88314002143,73204.44272478322,51608.69708667393,0.346298961572771,0.2728613569321534
35620,"New York-Newark-Jersey City, NY-NJ",1,4,33460,"Minneapolis-St. Paul-Bloomington, MN-WI",1,6.411509445784763,17280.0,104.822,111.838,99833.0,95240.50294785445,69614.09635807802,53129.00735004536,0.2774938216482202,0.19969512195121952
35620,"New York-Newark-Jersey City, NY-NJ",1,5,16980,"Chicago-Naperville-Elgin, IL-IN",1,6.511859063672558,17160.0,103.595,112.01,90887.0,87732.99869684831,67456.4865428279,50891.98053385063,0.28962815200218683,0.19247467438494936
35620,"New York-Newark-Jersey City, NY-NJ",1,6,37980,"Philadelphia-Camden-Wilmington, PA-NJ-DE-MD",1,6.756843671677737,17760.0,102.554,113.141,91289.0,89015.54303098854,66967.56327977296,49649.85748575226,0.30524714301644423,0.20220082530949107
35620,"New York-Newark-Jersey City, NY-NJ",1,7,12580,"Baltimore-Columbia-Towson, MD",1,6.812585361886324,19332.0,104.487,118.194,99470.0,95198.4457396614,67308.79132704846,48806.96813373255,0.32844073814588853,0.30670926517571884
35620,"New York-Newark-Jersey City, NY-NJ",1,8,38900,"Portland-Vancouver-Hillsboro, OR-WA",1,6.943212764100036,20688.0,105.421,125.114,97436.0,92425.60780110223,69569.50044399414,49945.326892235,0.3268104331421303,0.3063063063063063
35620,"New York-Newark-Jersey City, NY-NJ",1,9,14460,"Boston-Cambridge-Newton, MA-NH",1,7.24800186569141,24276.0,108.266,148.424,115863.0,107016.97670552156,71208.52884058042,48785.97697757634,0.3742820096621183,0.2928679817905918
35620,"New York-Newark-Jersey City, NY-NJ",1,10,19740,"Denver-Aurora-Centennial, CO",1,7.711752929120354,22488.0,105.782,146.919,105762.0,99981.09319165832,68715.38016701883,47456.564867629524,0.36132324131584176,0.2827140549273021
35660,"Niles, MI",2,1,12980,"Battle Creek, MI",4,3.6213253630862274,11616.0,90.541,61.045,63177.0,69777.22799615645,67014.15253067094,54184.605695535465,0.22634321888355152,0.36796536796536794
35660,"Niles, MI",2,2,27100,"Jackson, MI",4,3.87416562251174,11820.0,91.779,67.092,66073.0,71991.41415792283,65764.28923560276,52885.526119857335,0.23273049433515275,0.34497816593886466
35660,"Niles, MI",2,3,30620,"Lima, OH",2,4.012551979409392,11064.0,89.669,57.275,64038.0,71415.9854576275,64678.78328276013,52340.07090724574,0.22672824193499586,0.34545454545454546
35660,"Niles, MI",2,4,40580,"Rocky Mount, NC",2,4.162897135196182,11040.0,88.012,56.103,59636.0,67758.94196245966,63586.16470998596,51042.42067508163,0.23718808245067868,0.37398373983739835
35660,"Niles, MI",2,5,22420,"Flint, MI",4,4.2178887684282955,11868.0,93.034,74.039,62281.0,66944.34292839176,65006.57327924778,52249.94666962119,0.23458804632094313,0.32621951219512196
35660,"Niles, MI",2,6,31340,"Lynchburg, VA",4,4.244357796025157,11892.0,89.363,63.912,68996.0,77208.6881595291,66726.68393557685,53419.16292576295,0.23931646222428965,0.3181818181818182
35660,"Niles, MI",2,7,33780,"Monroe, MI",2,4.31242426589264,12708.0,93.492,74.641,77335.0,82718.30744876566,66457.0452288844,52864.43837482201,0.24608840979640453,0.34183673469387754
35660,"Niles, MI",2,8,43780,"South Bend-Mishawaka, IN-MI",4,4.355226888568919,12552.0,92.858,74.586,67217.0,72386.8702750436,64529.314989695355,51011.901304283216,0.24506448426998492,0.3015463917525773
35660,"Niles, MI",2,9,31900,"Mansfield, OH",2,4.466130565839037,9888.0,88.872,54.919,59509.0,66960.34746601855,62618.687943722405,51492.57398206969,0.20843290776580617,0.39565217391304347
35660,"Niles, MI",2,10,15940,"Canton-Massillon, OH",4,4.53378340452024,10896.0,89.406,58.143,67801.0,75834.95514842404,63138.081042181606,50950.979505372,0.22437122305040677,0.3256997455470738
35840,"North Port-Bradenton-Sarasota, FL",3,1,15980,"Cape Coral-Fort Myers, FL",3,2.7211524596016057,20544.0,102.349,125.113,76107.0,74360.27709112938,57817.72763294792,37745.2305885215,0.4072654557829898,0.3006993006993007
35840,"North Port-Bradenton-Sarasota, FL",3,2,38940,"Port St. Lucie, FL",3,3.25024251516761,18960.0,100.228,113.642,74514.0,74344.49455242048,59021.63945325537,40104.76991580076,0.3778380640189969,0.31767955801104975
35840,"North Port-Bradenton-Sarasota, FL",3,3,19660,"Deltona-Daytona Beach-Ormond Beach, FL",3,3.3446242907505517,18000.0,99.367,108.375,71277.0,71731.05759457365,56280.31925881352,38165.65342407966,0.37412577856248325,0.3053435114503817
35840,"North Port-Bradenton-Sarasota, FL",3,4,36740,"Orlando-Kissimmee-Sanford, FL",3,4.162736541865661,21120.0,101.418,123.374,78533.0,77434.9720956832,58961.82523967011,38137.11956612103,0.4124475879134673,0.23
35840,"North Port-Bradenton-Sarasota, FL",3,5,45300,"Tampa-St. Petersburg-Clearwater, FL",3,4.807709750154692,19536.0,100.89,125.839,74392.0,73735.75180890078,59465.07072966093,40101.40733388336,0.37957932846007064,0.24006359300476948
35840,"North Port-Bradenton-Sarasota, FL",3,6,34940,"Naples-Marco Island, FL",3,4.978276439420218,22344.0,103.2,129.441,90045.0,87252.90697674418,62069.15544675643,40417.99265605875,0.41385420867850703,0.3157894736842105
35840,"North Port-Bradenton-Sarasota, FL",3,7,16700,"Charleston-North Charleston, SC",3,4.988836190382775,19260.0,100.962,119.77,85254.0,84441.67112378916,63358.45642415075,44281.97220236433,0.363787039055273,0.2874015748031496
35840,"North Port-Bradenton-Sarasota, FL",3,8,37860,"Pensacola-Ferry Pass-Brent, FL",3,5.323453687963874,16248.0,97.717,98.77,75967.0,77741.84635222121,58562.87738004662,41935.26908261629,0.3324508354890374,0.3230769230769231
35840,"North Port-Bradenton-Sarasota, FL",3,9,48900,"Wilmington, NC",3,5.334669201437597,16668.0,96.422,93.215,76471.0,79308.66399784281,61990.545528534785,44704.034151463165,0.33401982090631044,0.33093525179856115
35840,"North Port-Bradenton-Sarasota, FL",3,10,41100,"St. George, UT",3,5.364165170945682,18792.0,97.321,98.148,80632.0,82851.59420885523,58262.322438265,38953.02639732831,0.38947142117700184,0.3381294964028777
35980,"Norwich-New London-Willimantic, CT",5,1,47930,"Waterbury-Shelton, CT",5,3.908798581041429,15960.0,99.778,89.111,86191.0,86382.76974884242,68011.71009898384,52016.20006671219,0.27924712171290555,0.3435897435897436
35980,"Norwich-New London-Willimantic, CT",5,2,39300,"Providence-Warwick, RI-MA",4,4.275373252122748,15684.0,101.773,103.851,87040.0,85523.66541224097,68567.68550832792,53156.918408999016,0.26550380543656876,0.30124777183600715
35980,"Norwich-New London-Willimantic, CT",5,3,35300,"New Haven, CT",1,4.369940972945009,18300.0,104.559,124.293,88197.0,84351.41881617077,69752.43215382156,52250.351988556016,0.2981927492560833,0.28832951945080093
35980,"Norwich-New London-Willimantic, CT",5,4,49340,"Worcester, MA",5,4.602107092074227,17112.0,102.523,113.001,95939.0,93578.02639407742,71034.52136418616,54343.63249047002,0.27836628366176264,0.35084033613445376
35980,"Norwich-New London-Willimantic, CT",5,5,38860,"Portland-South Portland, ME",1,4.670278100740337,17820.0,101.858,105.164,92175.0,90493.62838461387,65501.915349666735,48006.971408101024,0.3058479428735404,0.3081761006289308
35980,"Norwich-New London-Willimantic, CT",5,6,12700,"Barnstable Town, MA",5,4.693544429189238,20136.0,98.351,90.012,95241.0,96837.85624955516,72838.03876094738,52364.428934916126,0.3265738602549639,0.37142857142857144
35980,"Norwich-New London-Willimantic, CT",5,7,38340,"Pittsfield, MA",5,4.779530870147132,13164.0,95.106,73.452,76013.0,79924.50528883561,72935.90909386499,59094.51107481257,0.22577645314782158,0.398406374501992
35980,"Norwich-New London-Willimantic, CT",5,8,16580,"Champaign-Urbana, IL",4,5.100363807590049,12516.0,92.704,71.604,65528.0,70685.19157749396,69408.1661432769,55907.130589255496,0.22760665799329224,0.34036144578313254
35980,"Norwich-New London-Willimantic, CT",5,9,40380,"Rochester, NY",4,5.130298150187702,13716.0,97.035,87.481,76284.0,78614.93275622198,68855.4798247465,54720.37393511904,0.23952373161743856,0.31393298059964725
35980,"Norwich-New London-Willimantic, CT",5,10,44060,"Spokane-Spokane Valley, WA",5,5.253586157747154,15168.0,100.346,97.059,77488.0,77220.81597672055,68263.22469141947,53147.52501230919,0.2529602704334384,0.30165289256198347
36100,"Ocala, FL",3,1,39150,"Prescott Valley-Prescott, AZ",3,3.7877972371133364,16212.0,98.255,98.781,69613.0,70849.3206452598,60312.06677738661,43812.1431093799,0.3176941760564194,0.3861003861003861
36100,"Ocala, FL",3,2,19660,"Deltona-Daytona Beach-Ormond Beach, FL",3,4.173758011047153,18000.0,99.367,108.375,71277.0,71731.05759457365,56280.31925881352,38165.65342407966,0.37412577856248325,0.3053435114503817
36100,"Ocala, FL",3,3,37860,"Pensacola-Ferry Pass-Brent, FL",3,4.262710328471868,16248.0,97.717,98.77,75967.0,77741.84635222121,58562.87738004662,41935.26908261629,0.3324508354890374,0.3230769230769231
36100,"Ocala, FL",3,4,29420,"Lake Havasu City-Kingman, AZ",2,4.333016925962657,13092.0,94.098,79.773,57684.0,61302.04680226997,59506.783334880805,45593.62896390586,0.27039111170233077,0.3624454148471616
36100,"Ocala, FL",3,5,38940,"Port St. Lucie, FL",3,4.346963509924201,18960.0,100.228,113.642,74514.0,74344.49455242048,59021.63945325537,40104.76991580076,0.3778380640189969,0.31767955801104975
36100,"Ocala, FL",3,6,37460,"Panama City-Panama City Beach, FL",3,4.391739760122495,17472.0,97.296,96.424,71514.0,73501.48001973359,58354.237566858705,40396.6647992218,0.36177488698844124,0.3771043771043771
36100,"Ocala, FL",3,7,41660,"San Angelo, TX",2,4.579420936694728,13860.0,92.453,81.442,68419.0,74004.08856391897,58094.47881147742,43103.07777527525,0.30891388764814864,0.3392070484581498
36100,"Ocala, FL",3,8,25620,"Hattiesburg, MS",2,4.636347221036971,12168.0,87.633,60.059,60285.0,68792.57813837254,55486.33373612134,41601.15349580091,0.3000192571494962,0.35655737704918034
36100,"Ocala, FL",3,9,46660,"Valdosta, GA",2,4.6683249745389555,12300.0,88.271,58.758,57085.0,64670.163473847584,59038.44953295425,45104.08830446471,0.2825291611788849,0.35864978902953587
36100,"Ocala, FL",3,10,29460,"Lakeland-Winter Haven, FL",3,4.727065206780717,16356.0,97.141,95.942,65978.0,67919.82787906239,58716.23195532363,41878.851240692326,0.33371656755950563,0.24768518518518517
36220,"Odessa, TX",3,1,30980,"Longview, TX",2,6.818610380293064,12720.0,89.485,66.749,66647.0,74478.40420182153,61945.59707644817,47730.924226249816,0.2785181405920559,0.3224852071005917
36220,"Odessa, TX",3,2,33260,"Midland, TX",4,6.840724256894576,16800.0,95.783,101.497,92952.0,97044.36069031038,69979.9430889499,52440.296178746634,0.3101737914410237,0.2867132867132867
36220,"Odessa, TX",3,3,26380,"Houma-Bayou Cane-Thibodaux, LA",2,7.362861079768701,12168.0,85.103,51.311,64038.0,75247.64109373347,62353.157241704066,48055.18889746238,0.28472805768977544,0.4065934065934066
36220,"Odessa, TX",3,4,13140,"Beaumont-Port Arthur, TX",4,7.792288352322131,13272.0,90.046,70.939,64659.0,71806.63216578194,67602.97064802509,52863.83731617248,0.27114437322021245,0.3203342618384401
36220,"Odessa, TX",3,5,22140,"Farmington, NM",2,8.189728556363058,11472.0,87.707,56.552,55872.0,63703.01116216494,64504.34695771934,51424.433153804035,0.24074411044968866,0.39408866995073893
36220,"Odessa, TX",3,6,16220,"Casper, WY",2,8.19300036955746,12192.0,93.829,74.189,72156.0,76901.59758709994,63041.17064020719,50047.32012490808,0.24683207557369424,0.4405940594059406
36220,"Odessa, TX",3,7,18580,"Corpus Christi, TX",3,8.254276357613838,15300.0,92.671,84.905,67453.0,72787.60345739228,62721.401517195234,46211.38220155172,0.3196434298238254,0.3065326633165829
36220,"Odessa, TX",3,8,24540,"Greeley, CO",3,8.509649818261426,18468.0,100.176,112.599,97097.0,96926.40951924612,65735.34625302242,47299.79282705214,0.32497510165126253,0.3687315634218289
36220,"Odessa, TX",3,9,33660,"Mobile, AL",2,8.772784040454349,12624.0,88.098,60.116,58880.0,66834.66139980477,63613.36681434754,49283.870117487226,0.269627839278571,0.34908136482939633
36220,"Odessa, TX",3,10,46300,"Twin Falls, ID",2,8.784845431596931,12852.0,92.108,73.833,68810.0,74705.78017110348,59987.28474757254,46034.099356509876,0.27227558436631183,0.4236453201970443
36260,"Ogden, UT",3,1,39340,"Provo-Orem-Lehi, UT",3,4.422612539689007,18408.0,98.232,104.081,100704.0,102516.49157097483,59260.17550836914,40520.86448955653,0.3700684880464394,0.3235294117647059
36260,"Ogden, UT",3,2,14260,"Boise City, ID",3,4.692591919355988,17844.0,98.391,105.58,85987.0,87393.15587807828,62582.30278719957,44446.497683074194,0.33615988563011345,0.2851153039832285
36260,"Ogden, UT",3,3,29540,"Lancaster, PA",3,5.116464190619163,16284.0,98.257,93.815,86959.0,88501.58258444691,61217.05816689836,44644.1931292929,0.3136956554666581,0.31685393258426964
36260,"Ogden, UT",3,4,39900,"Reno, NV",3,5.138036172590766,19104.0,101.014,123.478,87485.0,86606.80697725067,63229.712016809666,44317.4820288872,0.34879671340643237,0.30364372469635625
36260,"Ogden, UT",3,5,31700,"Manchester-Nashua, NH",1,5.385187733454557,19476.0,105.657,134.22,103545.0,98001.07896305971,63863.91534751542,45430.6832852763,0.34212374074494756,0.3234624145785877
36260,"Ogden, UT",3,6,37340,"Palm Bay-Melbourne-Titusville, FL",3,5.422816930748042,18672.0,100.005,111.731,78476.0,78472.0763961802,61954.3789165682,43283.31246989053,0.36083188905335234,0.31786542923433875
36260,"Ogden, UT",3,7,16700,"Charleston-North Charleston, SC",3,5.446889789050252,19260.0,100.962,119.77,85254.0,84441.67112378916,63358.45642415075,44281.97220236433,0.363787039055273,0.2874015748031496
36260,"Ogden, UT",3,8,30860,"Logan, UT-ID",3,5.6121957051196425,14412.0,95.927,90.959,81126.0,84570.55886246833,58634.29237551348,43610.36793296863,0.3017569074435835,0.34901960784313724
36260,"Ogden, UT",3,9,47260,"Virginia Beach-Chesapeake-Norfolk, VA-NC",1,5.645591222102,17736.0,97.941,99.805,82330.0,84060.8121215834,65890.17057801326,47781.30912060523,0.3266761783574887,0.2770034843205575
36260,"Ogden, UT",3,10,27260,"Jacksonville, FL",3,5.74540377909387,18156.0,99.484,109.777,79643.0,80056.08942141451,61809.61575844957,43559.44487669975,0.3471988980962408,0.21837088388214904
36420,"Oklahoma City, OK",4,1,46140,"Tulsa, OK",4,2.6429668931734187,12936.0,89.214,68.235,69359.0,77744.52440199968,65785.36914696037,51285.40277396959,0.2634387283725328,0.2770137524557957
36420,"Oklahoma City, OK",4,2,28940,"Knoxville, TN",4,2.8038311152420223,13740.0,92.569,82.783,72422.0,78235.69445494712,64160.4664692093,49317.48447739778,0.27624760022122646,0.29259259259259257
36420,"Oklahoma City, OK",4,3,13820,"Birmingham, AL",4,3.10838648157755,14064.0,91.644,71.851,71498.0,78017.10968530399,65723.20893893762,50376.868753000745,0.2824240211735994,0.31392931392931395
36420,"Oklahoma City, OK",4,4,17900,"Columbia, SC",4,3.3618815465664587,14316.0,93.662,79.455,68359.0,72984.77504217291,63684.94238174577,48400.195098963,0.28677960507808814,0.23391812865497075
36420,"Oklahoma City, OK",4,5,24860,"Greenville-Anderson-Greer, SC",4,3.426479343971135,13800.0,93.26,76.836,71240.0,76388.59103581385,64467.9390950032,49670.598327257125,0.27513359975790086,0.2655038759689923
36420,"Oklahoma City, OK",4,6,10740,"Albuquerque, NM",4,3.6207851789117105,13872.0,95.546,89.153,70783.0,74082.64082222174,66245.07376741902,51726.412598976596,0.26366986004580767,0.2910602910602911
36420,"Oklahoma City, OK",4,7,30460,"Lexington-Fayette, KY",4,3.7468004981436978,13656.0,92.889,77.093,71966.0,77475.26617791127,65679.17980959354,50977.761988322985,0.2637648845559352,0.2595078299776286
36420,"Oklahoma City, OK",4,8,30780,"Little Rock-North Little Rock-Conway, AR",4,3.747368581872148,12660.0,89.364,68.295,67154.0,75146.59146860032,60718.25578171768,46551.47721316659,0.2692428810447293,0.29292929292929293
36420,"Oklahoma City, OK",4,9,41700,"San Antonio-New Braunfels, TX",4,3.7546931487839332,16356.0,94.716,94.575,76213.0,80464.75780227206,65452.93090162896,48184.465172501885,0.3194721786194416,0.20689655172413793
36420,"Oklahoma City, OK",4,10,16860,"Chattanooga, TN-GA",4,3.821866863902869,13956.0,91.464,76.55,72161.0,78895.52173532757,62800.371904345215,47541.90955850423,0.286937745330927,0.2907488986784141
36500,"Olympia-Lacey-Tumwater, WA",1,1,45940,"Trenton-Princeton, NJ",1,4.545232169967857,19476.0,103.18,135.082,100645.0,97543.12851327776,73446.24244728689,54570.491332729805,0.3101935244890882,0.3411214953271028
36500,"Olympia-Lacey-Tumwater, WA",1,2,10580,"Albany-Schenectady-Troy, NY",4,6.065465599358816,15360.0,99.566,102.582,88074.0,88457.90731775906,70461.07192936643,55034.118953450954,0.25776651404899287,0.35304347826086957
36500,"Olympia-Lacey-Tumwater, WA",1,3,31540,"Madison, WI",1,6.279406933422817,16248.0,97.287,99.748,88804.0,91280.4382908302,70765.56801523487,54064.46714872649,0.2777887735363412,0.3302238805970149
36500,"Olympia-Lacey-Tumwater, WA",1,4,40900,"Sacramento-Roseville-Folsom, CA",1,6.2950326527731635,21828.0,106.67,130.23,97188.0,91110.90278428799,72284.30998105383,51821.19945325783,0.34014191851906084,0.25232198142414863
36500,"Olympia-Lacey-Tumwater, WA",1,5,38900,"Portland-Vancouver-Hillsboro, OR-WA",1,6.368378539694374,20688.0,105.421,125.114,97436.0,92425.60780110223,69569.50044399414,49945.326892235,0.3268104331421303,0.3063063063063063
36500,"Olympia-Lacey-Tumwater, WA",1,6,16820,"Charlottesville, VA",1,6.511641357142368,19176.0,99.146,107.041,93598.0,94404.21197022573,67340.57421810836,47999.40059537018,0.3484298226855864,0.32285714285714284
36500,"Olympia-Lacey-Tumwater, WA",1,7,12580,"Baltimore-Columbia-Towson, MD",1,6.558419134313264,19332.0,104.487,118.194,99470.0,95198.4457396614,67308.79132704846,48806.96813373255,0.32844073814588853,0.30670926517571884
36500,"Olympia-Lacey-Tumwater, WA",1,8,22660,"Fort Collins-Loveland, CO",1,6.600798719766571,20592.0,101.128,120.592,93765.0,92719.12823352583,68590.8747918329,48228.56168369273,0.34663914441524585,0.41745283018867924
36500,"Olympia-Lacey-Tumwater, WA",1,9,15540,"Burlington-South Burlington, VT",1,6.616945059886945,18972.0,100.949,103.842,93043.0,92168.32261835184,66738.16237156141,47944.51409371814,0.3245192313047483,0.39050131926121373
36500,"Olympia-Lacey-Tumwater, WA",1,10,41420,"Salem, OR",5,6.7415478620230385,16788.0,103.649,110.333,78900.0,76122.297369005,65913.51063560153,49716.53816119271,0.2875189685609681,0.313953488372093
36540,"Omaha, NE-IA",4,1,19780,"Des Moines-West Des Moines, IA",4,2.9722361304337173,13800.0,91.701,84.741,85890.0,93663.10072954494,69766.47267337589,54717.563719275066,0.2534210687134835,0.2922465208747515
36540,"Omaha, NE-IA",4,2,28140,"Kansas City, MO-KS",4,2.9863255325505187,14988.0,92.543,86.642,83460.0,90185.10314124243,69750.30951537898,53554.59509073314,0.2741518431576365,0.18357487922705315
36540,"Omaha, NE-IA",4,3,17140,"Cincinnati, OH-KY-IN",4,4.000610582656624,13260.0,95.37,87.608,81120.0,85058.19440075495,67151.80475042066,53248.06143491264,0.24356120073391233,0.215311004784689
36540,"Omaha, NE-IA",4,4,30700,"Lincoln, NE",4,4.004713276543029,12984.0,91.581,84.208,75049.0,81948.22070080039,66038.39117887121,51860.77791847877,0.24763292461288774,0.40046296296296297
36540,"Omaha, NE-IA",4,5,38300,"Pittsburgh, PA",4,4.154033432242447,12636.0,94.671,71.986,75762.0,80026.6184998574,66463.37941855424,53116.103061486065,0.23725910596419883,0.24960753532182103
36540,"Omaha, NE-IA",4,6,41180,"St. Louis, MO-IL",4,4.18533487460399,13356.0,95.088,79.024,80196.0,84338.71781928319,67041.5904014345,52995.654005674776,0.24362628518226778,0.19314641744548286
36540,"Omaha, NE-IA",4,7,30460,"Lexington-Fayette, KY",4,4.260029829801463,13656.0,92.889,77.093,71966.0,77475.26617791127,65679.17980959354,50977.761988322985,0.2637648845559352,0.2595078299776286
36540,"Omaha, NE-IA",4,8,36420,"Oklahoma City, OK",4,4.313828884466365,13488.0,90.408,73.885,72094.0,79742.94310238032,66009.0050723851,51089.97135855447,0.27197005468478924,0.2937062937062937
36540,"Omaha, NE-IA",4,9,26900,"Indianapolis-Carmel-Greenwood, IN",4,4.342786969010208,14292.0,95.696,88.917,79852.0,83443.40411302458,67102.48315808205,52167.689645291546,0.26071779381385785,0.23014586709886548
36540,"Omaha, NE-IA",4,10,19340,"Davenport-Moline-Rock Island, IA-IL",4,4.3517508144112975,11292.0,89.079,68.346,72738.0,81655.60906610986,68382.6994289967,55706.31105463237,0.21823192377203676,0.26218097447795824
36740,"Orlando-Kissimmee-Sanford, FL",3,1,35840,"North Port-Bradenton-Sarasota, FL",3,4.162736541865661,20964.0,102.417,127.95,80859.0,78950.76012771318,58295.16398581491,37825.90595248059,0.4099315419670332,0.2753303964757709
36740,"Orlando-Kissimmee-Sanford, FL",3,2,45300,"Tampa-St. Petersburg-Clearwater, FL",3,4.249447080714462,19536.0,100.89,125.839,74392.0,73735.75180890078,59465.07072966093,40101.40733388336,0.37957932846007064,0.24006359300476948
36740,"Orlando-Kissimmee-Sanford, FL",3,3,27260,"Jacksonville, FL",3,5.4914168602610784,18156.0,99.484,109.777,79643.0,80056.08942141451,61809.61575844957,43559.44487669975,0.3471988980962408,0.21837088388214904
36740,"Orlando-Kissimmee-Sanford, FL",3,4,15980,"Cape Coral-Fort Myers, FL",3,5.6819395041763165,20544.0,102.349,125.113,76107.0,74360.27709112938,57817.72763294792,37745.2305885215,0.4072654557829898,0.3006993006993007
36740,"Orlando-Kissimmee-Sanford, FL",3,5,16700,"Charleston-North Charleston, SC",3,5.799540663378593,19260.0,100.962,119.77,85254.0,84441.67112378916,63358.45642415075,44281.97220236433,0.363787039055273,0.2874015748031496
36740,"Orlando-Kissimmee-Sanford, FL",3,6,19660,"Deltona-Daytona Beach-Ormond Beach, FL",3,5.962680304715899,18000.0,99.367,108.375,71277.0,71731.05759457365,56280.31925881352,38165.65342407966,0.37412577856248325,0.3053435114503817
36740,"Orlando-Kissimmee-Sanford, FL",3,7,29820,"Las Vegas-Henderson-North Las Vegas, NV",3,6.21946551022963,19512.0,100.215,115.538,76472.0,76307.93793344309,63278.97235594238,43808.83315522393,0.3629348527955352,0.2667844522968198
36740,"Orlando-Kissimmee-Sanford, FL",3,8,38060,"Phoenix-Mesa-Chandler, AZ",1,6.263093338040285,20424.0,103.316,121.236,88301.0,85466.91703124394,63795.93762867011,44027.46033570484,0.36109507456401635,0.23355263157894737
36740,"Orlando-Kissimmee-Sanford, FL",3,9,12060,"Atlanta-Sandy Springs-Roswell, GA",1,6.481612306838774,20064.0,100.058,111.022,89724.0,89671.99024565752,65399.90559141387,45347.53596579673,0.3707652333637077,0.20268256333830104
36740,"Orlando-Kissimmee-Sanford, FL",3,10,38940,"Port St. Lucie, FL",3,6.513321483544873,18960.0,100.228,113.642,74514.0,74344.49455242048,59021.63945325537,40104.76991580076,0.3778380640189969,0.31767955801104975
36780,"Oshkosh-Neenah, WI",4,1,24580,"Green Bay, WI",4,3.131537394940034,12120.0,93.086,74.696,79267.0,85154.5882302387,65835.59204587441,52815.37418282305,0.22732122905949836,0.3058252427184466
36780,"Oshkosh-Neenah, WI",4,2,11540,"Appleton, WI",4,3.6385536544113464,12720.0,92.419,70.785,85825.0,92865.10349603437,66810.4702638197,53047.066634695824,0.24012503997365162,0.33429394812680113
36780,"Oshkosh-Neenah, WI",4,3,48140,"Wausau, WI",4,3.7514172471952882,11988.0,92.651,71.464,77884.0,84061.6938834983,66115.57611276988,53176.697957110475,0.23153445639447356,0.29545454545454547
36780,"Oshkosh-Neenah, WI",4,4,20740,"Eau Claire, WI",4,3.999555766967418,12396.0,92.796,72.85,74595.0,80386.00801758695,65810.39035741365,52452.05594644766,0.23801879735332193,0.31715210355987056
36780,"Oshkosh-Neenah, WI",4,5,29100,"La Crosse-Onalaska, WI-MN",4,4.1084588160673405,12324.0,91.769,69.386,73340.0,79918.05511665158,67956.63342042305,54527.26184614416,0.23195177286284113,0.3104575163398693
36780,"Oshkosh-Neenah, WI",4,6,22540,"Fond du Lac, WI",4,4.179492859045426,11520.0,91.643,67.317,74275.0,81048.19789836647,66735.04795783637,54164.52975131761,0.2248073208782546,0.3613861386138614
36780,"Oshkosh-Neenah, WI",4,7,28020,"Kalamazoo-Portage, MI",4,4.291938882970142,13116.0,94.84,81.59,72532.0,76478.27920708562,66113.98144242936,52284.37368199071,0.24899406391349468,0.3254437869822485
36780,"Oshkosh-Neenah, WI",4,8,39540,"Racine-Mount Pleasant, WI",4,4.423794245357172,12960.0,95.961,92.029,78096.0,81383.06186888424,64313.61930148584,50808.132697553,0.24865044638818126,0.31417624521072796
36780,"Oshkosh-Neenah, WI",4,9,27500,"Janesville-Beloit, WI",4,4.4358607580462905,12444.0,93.703,79.552,75673.0,80758.35352123197,66473.54932463648,53193.29148870807,0.24034669263041522,0.32567049808429116
36780,"Oshkosh-Neenah, WI",4,10,16300,"Cedar Rapids, IA",4,4.436841969113601,11136.0,88.963,71.447,78080.0,87766.82441014805,67989.84945273602,55472.285971288664,0.21432513824084137,0.3076923076923077
36980,"Owensboro, KY",2,1,48700,"Williamsport, PA",2,2.728064034398582,10956.0,92.35,64.392,63917.0,69211.69463995668,61918.573443537956,50055.0109096993,0.22641284961979163,0.358974358974359
36980,"Owensboro, KY",2,2,27180,"Jackson, TN",2,3.094716256675586,11964.0,85.522,56.567,61177.0,71533.64046678047,64366.84420383058,50377.461354972984,0.2560485348037776,0.3711340206185567
36980,"Owensboro, KY",2,3,30620,"Lima, OH",2,3.223084958997069,11064.0,89.669,57.275,64038.0,71415.9854576275,64678.78328276013,52340.07090724574,0.22672824193499586,0.34545454545454546
36980,"Owensboro, KY",2,4,22500,"Florence, SC",2,3.4291685787734223,11208.0,86.774,52.425,54443.0,62741.14366054348,62566.05390515404,49649.74256765663,0.24883360441537591,0.35125448028673834
36980,"Owensboro, KY",2,5,11020,"Altoona, PA",2,3.485614317214441,10620.0,89.507,54.978,62382.0,69695.1076452121,62179.822938593694,50314.82913922604,0.22773399270949926,0.35684647302904565
36980,"Owensboro, KY",2,6,27860,"Jonesboro, AR",2,3.4866447299957106,11148.0,85.876,53.848,56738.0,66069.68186687781,60278.60351726368,47297.09529610759,0.25100764913006907,0.3983402489626556
36980,"Owensboro, KY",2,7,48660,"Wichita Falls, TX",2,3.5276094804157596,11940.0,89.513,68.208,65379.0,73038.55305933216,60039.527016390704,46700.68237929889,0.26803627407771496,0.3374485596707819
36980,"Owensboro, KY",2,8,48260,"Weirton-Steubenville, WV-OH",2,3.560567594206705,9420.0,89.024,52.383,58784.0,66031.63191948239,61784.71012197054,51203.293874666444,0.20762400003583392,0.40782122905027934
36980,"Owensboro, KY",2,9,44220,"Springfield, OH",2,3.6177840418843252,10464.0,90.482,61.726,63132.0,69772.99352357375,62536.56525648136,50971.834149741895,0.21651752780453368,0.34782608695652173
36980,"Owensboro, KY",2,10,44420,"Staunton-Stuarts Draft, VA",2,3.6619545052682954,12816.0,91.128,68.232,73544.0,80704.0646124133,64357.79601245547,50294.061485197104,0.2596089907875784,0.3611111111111111
37100,"Oxnard-Thousand Oaks-Ventura, CA",1,1,42100,"Santa Cruz-Watsonville, CA",1,4.254354394763175,27168.0,109.896,164.328,111093.0,101089.21161825726,68617.18771873828,43895.63279408224,0.43641147880013303,0.3302180685358255
37100,"Oxnard-Thousand Oaks-Ventura, CA",1,2,42220,"Santa Rosa-Petaluma, CA",1,4.570648201868292,25896.0,107.784,139.569,104674.0,97114.59956950937,69520.56219415164,45494.73275750057,0.4065091968434686,0.330188679245283
37100,"Oxnard-Thousand Oaks-Ventura, CA",1,3,41740,"San Diego-Chula Vista-Carlsbad, CA",1,4.659189858858328,26952.0,111.887,179.267,106268.0,94977.96884356538,67620.26615703518,43531.676776678214,0.42713824840312903,0.2852760736196319
37100,"Oxnard-Thousand Oaks-Ventura, CA",1,4,42020,"San Luis Obispo-Paso Robles, CA",1,5.187005681187963,23904.0,108.596,144.362,97446.0,89732.58683561088,65492.69870617381,43480.838232491544,0.399979463955744,0.3521505376344086
37100,"Oxnard-Thousand Oaks-Ventura, CA",1,5,42200,"Santa Maria-Santa Barbara, CA",1,5.6695500268828924,25572.0,108.798,151.394,98161.0,90223.16586701962,69837.9916743122,46333.88314290537,0.4088051883871889,0.33710407239819007
37100,"Oxnard-Thousand Oaks-Ventura, CA",1,6,46520,"Urban Honolulu, HI",1,5.823658892012801,24996.0,110.961,135.538,106195.0,95704.79718099152,63501.889663461654,40975.05591106216,0.4167379570982066,0.40210526315789474
37100,"Oxnard-Thousand Oaks-Ventura, CA",1,7,46700,"Vallejo, CA",1,5.878902348216524,25956.0,108.479,142.042,100401.0,92553.397431761,71271.670737124,47344.459018726884,0.402143202664394,0.2884097035040431
37100,"Oxnard-Thousand Oaks-Ventura, CA",1,8,34900,"Napa, CA",1,6.9351809398502064,26844.0,112.554,197.44,111471.0,99037.79519164134,66316.91421241495,42467.02882406801,0.4264370894730248,0.30970149253731344
37100,"Oxnard-Thousand Oaks-Ventura, CA",1,9,13460,"Bend, OR",3,7.384976441487164,20364.0,103.607,109.958,89788.0,86662.09812078334,63998.86696921613,44343.824356265264,0.35544100910429943,0.3914209115281501
37100,"Oxnard-Thousand Oaks-Ventura, CA",1,10,19740,"Denver-Aurora-Centennial, CO",1,7.5789929385403365,22488.0,105.782,146.919,105762.0,99981.09319165832,68715.38016701883,47456.564867629524,0.36132324131584176,0.2827140549273021
37140,"Paducah, KY-IL",2,1,48260,"Weirton-Steubenville, WV-OH",2,3.9784481127774787,9420.0,89.024,52.383,58784.0,66031.63191948239,61784.71012197054,51203.293874666444,0.20762400003583392,0.40782122905027934
37140,"Paducah, KY-IL",2,2,24260,"Grand Island, NE",2,4.0750761440868075,11148.0,86.657,61.748,69704.0,80436.66408945614,67028.90487235664,54164.39306142389,0.2245023188835738,0.3526315789473684
37140,"Paducah, KY-IL",2,3,36980,"Owensboro, KY",2,4.439149375910383,10884.0,88.61,55.698,68002.0,76743.03126058007,61968.56622802557,49685.52819620073,0.23782500534711193,0.36633663366336633
37140,"Paducah, KY-IL",2,4,30620,"Lima, OH",2,4.441858612219679,11064.0,89.669,57.275,64038.0,71415.9854576275,64678.78328276013,52340.07090724574,0.22672824193499586,0.34545454545454546
37140,"Paducah, KY-IL",2,5,41140,"St. Joseph, MO-KS",2,4.761011260790018,10740.0,86.382,55.359,65005.0,75252.94621564678,66964.4952308007,54531.34943653802,0.22018524048956223,0.33183856502242154
37140,"Paducah, KY-IL",2,6,27900,"Joplin, MO-KS",2,4.867148228743634,11136.0,85.718,53.976,61901.0,72214.70402949204,65535.97466175526,52544.537624026896,0.23239779092365825,0.31690140845070425
37140,"Paducah, KY-IL",2,7,44220,"Springfield, OH",2,4.868593279528106,10464.0,90.482,61.726,63132.0,69772.99352357375,62536.56525648136,50971.834149741895,0.21651752780453368,0.34782608695652173
37140,"Paducah, KY-IL",2,8,27180,"Jackson, TN",2,4.9786683964337985,11964.0,85.522,56.567,61177.0,71533.64046678047,64366.84420383058,50377.461354972984,0.2560485348037776,0.3711340206185567
37140,"Paducah, KY-IL",2,9,48700,"Williamsport, PA",2,4.9909475994285115,10956.0,92.35,64.392,63917.0,69211.69463995668,61918.573443537956,50055.0109096993,0.22641284961979163,0.358974358974359
37140,"Paducah, KY-IL",2,10,40580,"Rocky Mount, NC",2,5.092970064779267,11040.0,88.012,56.103,59636.0,67758.94196245966,63586.16470998596,51042.42067508163,0.23718808245067868,0.37398373983739835
37340,"Palm Bay-Melbourne-Titusville, FL",3,1,16700,"Charleston-North Charleston, SC",3,4.964366661322605,19260.0,100.962,119.77,85254.0,84441.67112378916,63358.45642415075,44281.97220236433,0.363787039055273,0.2874015748031496
37340,"Palm Bay-Melbourne-Titusville, FL",3,2,18880,"Crestview-Fort Walton Beach-Destin, FL",3,5.011589461892155,19596.0,97.031,94.934,81993.0,84501.86023023569,63599.05344272683,43403.4458533997,0.3781119806794754,0.3630769230769231
37340,"Palm Bay-Melbourne-Titusville, FL",3,3,36260,"Ogden, UT",3,5.422816930748042,18000.0,100.349,117.903,101203.0,100851.02990562936,60199.226363012785,42261.82788370556,0.3500046634875995,0.3028953229398664
37340,"Palm Bay-Melbourne-Titusville, FL",3,4,17820,"Colorado Springs, CO",1,5.970276920613107,20388.0,100.707,116.207,90144.0,89511.15612618787,66961.94500625262,46717.076228511236,0.3564059462598079,0.34475374732334046
37340,"Palm Bay-Melbourne-Titusville, FL",3,5,31700,"Manchester-Nashua, NH",1,6.000996991367742,19476.0,105.657,134.22,103545.0,98001.07896305971,63863.91534751542,45430.6832852763,0.34212374074494756,0.3234624145785877
37340,"Palm Bay-Melbourne-Titusville, FL",3,6,37460,"Panama City-Panama City Beach, FL",3,6.008373586921458,17472.0,97.296,96.424,71514.0,73501.48001973359,58354.237566858705,40396.6647992218,0.36177488698844124,0.3771043771043771
37340,"Palm Bay-Melbourne-Titusville, FL",3,7,14260,"Boise City, ID",3,6.036100529418333,17844.0,98.391,105.58,85987.0,87393.15587807828,62582.30278719957,44446.497683074194,0.33615988563011345,0.2851153039832285
37340,"Palm Bay-Melbourne-Titusville, FL",3,8,27260,"Jacksonville, FL",3,6.101144294718772,18156.0,99.484,109.777,79643.0,80056.08942141451,61809.61575844957,43559.44487669975,0.3471988980962408,0.21837088388214904
37340,"Palm Bay-Melbourne-Titusville, FL",3,9,48900,"Wilmington, NC",3,6.155744928635469,16668.0,96.422,93.215,76471.0,79308.66399784281,61990.545528534785,44704.034151463165,0.33401982090631044,0.33093525179856115
37340,"Palm Bay-Melbourne-Titusville, FL",3,10,37860,"Pensacola-Ferry Pass-Brent, FL",3,6.267815453316265,16248.0,97.717,98.77,75967.0,77741.84635222121,58562.87738004662,41935.26908261629,0.3324508354890374,0.3230769230769231
37460,"Panama City-Panama City Beach, FL",3,1,39150,"Prescott Valley-Prescott, AZ",3,3.4823773182003483,16212.0,98.255,98.781,69613.0,70849.3206452598,60312.06677738661,43812.1431093799,0.3176941760564194,0.3861003861003861
37460,"Panama City-Panama City Beach, FL",3,2,19660,"Deltona-Daytona Beach-Ormond Beach, FL",3,4.102598931225515,18000.0,99.367,108.375,71277.0,71731.05759457365,56280.31925881352,38165.65342407966,0.37412577856248325,0.3053435114503817
37460,"Panama City-Panama City Beach, FL",3,3,18880,"Crestview-Fort Walton Beach-Destin, FL",3,4.114929030617383,19596.0,97.031,94.934,81993.0,84501.86023023569,63599.05344272683,43403.4458533997,0.3781119806794754,0.3630769230769231
37460,"Panama City-Panama City Beach, FL",3,4,37860,"Pensacola-Ferry Pass-Brent, FL",3,4.184704038519403,16248.0,97.717,98.77,75967.0,77741.84635222121,58562.87738004662,41935.26908261629,0.3324508354890374,0.3230769230769231
37460,"Panama City-Panama City Beach, FL",3,5,38940,"Port St. Lucie, FL",3,4.188248476339605,18960.0,100.228,113.642,74514.0,74344.49455242048,59021.63945325537,40104.76991580076,0.3778380640189969,0.31767955801104975
37460,"Panama City-Panama City Beach, FL",3,6,36100,"Ocala, FL",3,4.391739760122495,15324.0,95.234,86.23,61010.0,64063.25471995296,56391.25544287655,40300.3635345245,0.3291928952142377,0.33225806451612905
37460,"Panama City-Panama City Beach, FL",3,7,48900,"Wilmington, NC",3,4.540327651434901,16668.0,96.422,93.215,76471.0,79308.66399784281,61990.545528534785,44704.034151463165,0.33401982090631044,0.33093525179856115
37460,"Panama City-Panama City Beach, FL",3,8,42680,"Sebastian-Vero Beach-West Vero Corridor, FL",3,4.6255525044436245,16284.0,98.308,101.635,73491.0,74755.86930870326,58142.586116411716,41578.318711927845,0.3364726851604395,0.42616033755274263
37460,"Panama City-Panama City Beach, FL",3,9,17660,"Coeur d'Alene, ID",3,4.653304548131076,17904.0,98.293,105.597,81861.0,83282.63457214653,60748.985176970884,42534.056341753734,0.3479514361497808,0.4024390243902439
37460,"Panama City-Panama City Beach, FL",3,10,27340,"Jacksonville, NC",3,4.748251207388197,15180.0,92.085,72.118,68148.0,74005.53836129663,57147.35748943275,40662.58798299847,0.34252414219900523,0.4260089686098655
37620,"Parkersburg-Vienna, WV",2,1,48260,"Weirton-Steubenville, WV-OH",2,4.676130325240029,9420.0,89.024,52.383,58784.0,66031.63191948239,61784.71012197054,51203.293874666444,0.20762400003583392,0.40782122905027934
37620,"Parkersburg-Vienna, WV",2,2,48700,"Williamsport, PA",2,4.910253672325719,10956.0,92.35,64.392,63917.0,69211.69463995668,61918.573443537956,50055.0109096993,0.22641284961979163,0.358974358974359
37620,"Parkersburg-Vienna, WV",2,3,36980,"Owensboro, KY",2,4.990908141490276,10884.0,88.61,55.698,68002.0,76743.03126058007,61968.56622802557,49685.52819620073,0.23782500534711193,0.36633663366336633
37620,"Parkersburg-Vienna, WV",2,4,13020,"Bay City, MI",2,5.036908853319934,10320.0,91.921,66.684,61763.0,67191.39260887065,61011.13368968465,49784.10178185074,0.22095670556041994,0.45
37620,"Parkersburg-Vienna, WV",2,5,22520,"Florence-Muscle Shoals, AL",2,5.042297274038151,10236.0,84.817,47.677,61891.0,72970.04138321328,60980.613091131,48912.27773383236,0.2468446353120323,0.4383561643835616
37620,"Parkersburg-Vienna, WV",2,6,40580,"Rocky Mount, NC",2,5.087211394698321,11040.0,88.012,56.103,59636.0,67758.94196245966,63586.16470998596,51042.42067508163,0.23718808245067868,0.37398373983739835
37620,"Parkersburg-Vienna, WV",2,7,11020,"Altoona, PA",2,5.226242908991029,10620.0,89.507,54.978,62382.0,69695.1076452121,62179.822938593694,50314.82913922604,0.22773399270949926,0.35684647302904565
37620,"Parkersburg-Vienna, WV",2,8,34620,"Muncie, IN",2,5.270340879754247,10872.0,88.148,57.474,58127.0,65942.50578572402,64374.798166014705,52040.99592433027,0.23166642453710123,0.375609756097561
37620,"Parkersburg-Vienna, WV",2,9,24140,"Goldsboro, NC",2,5.332023218581591,11580.0,88.462,57.684,59733.0,67523.9085709118,60073.05161161477,46982.68512657035,0.26023030310527223,0.27835051546391754
37620,"Parkersburg-Vienna, WV",2,10,45460,"Terre Haute, IN",2,5.364464597178828,10704.0,87.797,51.923,56594.0,64460.0612777202,64655.30505805231,52463.544519537325,0.22269635004934,0.3898916967509025
37860,"Pensacola-Ferry Pass-Brent, FL",3,1,19660,"Deltona-Daytona Beach-Ormond Beach, FL",3,3.569779730363795,18000.0,99.367,108.375,71277.0,71731.05759457365,56280.31925881352,38165.65342407966,0.37412577856248325,0.3053435114503817
37860,"Pensacola-Ferry Pass-Brent, FL",3,2,38940,"Port St. Lucie, FL",3,3.669198304709278,18960.0,100.228,113.642,74514.0,74344.49455242048,59021.63945325537,40104.76991580076,0.3778380640189969,0.31767955801104975
37860,"Pensacola-Ferry Pass-Brent, FL",3,3,48900,"Wilmington, NC",3,3.95624063916615,16668.0,96.422,93.215,76471.0,79308.66399784281,61990.545528534785,44704.034151463165,0.33401982090631044,0.33093525179856115
37860,"Pensacola-Ferry Pass-Brent, FL",3,4,37460,"Panama City-Panama City Beach, FL",3,4.184704038519403,17472.0,97.296,96.424,71514.0,73501.48001973359,58354.237566858705,40396.6647992218,0.36177488698844124,0.3771043771043771
37860,"Pensacola-Ferry Pass-Brent, FL",3,5,36100,"Ocala, FL",3,4.262710328471868,15324.0,95.234,86.23,61010.0,64063.25471995296,56391.25544287655,40300.3635345245,0.3291928952142377,0.33225806451612905
37860,"Pensacola-Ferry Pass-Brent, FL",3,6,39150,"Prescott Valley-Prescott, AZ",3,4.366459027116481,16212.0,98.255,98.781,69613.0,70849.3206452598,60312.06677738661,43812.1431093799,0.3176941760564194,0.3861003861003861
37860,"Pensacola-Ferry Pass-Brent, FL",3,7,18580,"Corpus Christi, TX",3,4.448124187753112,15300.0,92.671,84.905,67453.0,72787.60345739228,62721.401517195234,46211.38220155172,0.3196434298238254,0.3065326633165829
37860,"Pensacola-Ferry Pass-Brent, FL",3,8,42340,"Savannah, GA",3,4.458156742954615,17448.0,95.206,86.012,77180.0,81066.31934962083,62240.72121680006,43914.14516066914,0.3525628748734045,0.26153846153846155
37860,"Pensacola-Ferry Pass-Brent, FL",3,9,11700,"Asheville, NC",3,4.489024836470913,15552.0,96.506,93.371,71838.0,74438.89499098502,61864.169371974436,45749.10916846377,0.3029191910352288,0.3237410071942446
37860,"Pensacola-Ferry Pass-Brent, FL",3,10,27260,"Jacksonville, FL",3,4.514812151591609,18156.0,99.484,109.777,79643.0,80056.08942141451,61809.61575844957,43559.44487669975,0.3471988980962408,0.21837088388214904
37900,"Peoria, IL",4,1,45780,"Toledo, OH",4,3.393475288450683,11268.0,91.455,67.317,65486.0,71604.61429118145,66680.42277093793,54359.609256094576,0.21694709413389476,0.2801724137931034
37900,"Peoria, IL",4,2,19430,"Dayton-Kettering-Beavercreek, OH",4,3.640299177270601,12468.0,92.694,72.712,71739.0,77393.3587934494,69465.98837606114,56015.2795923211,0.2309123392681901,0.2871900826446281
37900,"Peoria, IL",4,3,28020,"Kalamazoo-Portage, MI",4,3.867922209369861,13116.0,94.84,81.59,72532.0,76478.27920708562,66113.98144242936,52284.37368199071,0.24899406391349468,0.3254437869822485
37900,"Peoria, IL",4,4,10420,"Akron, OH",4,3.914251726112589,12396.0,93.37,76.785,72371.0,77509.9068223198,65443.69046198477,52167.47754563048,0.23829894393732945,0.2775423728813559
37900,"Peoria, IL",4,5,16580,"Champaign-Urbana, IL",4,4.055465021328249,12516.0,92.704,71.604,65528.0,70685.19157749396,69408.1661432769,55907.130589255496,0.22760665799329224,0.34036144578313254
37900,"Peoria, IL",4,6,19340,"Davenport-Moline-Rock Island, IA-IL",4,4.117854777063699,11292.0,89.079,68.346,72738.0,81655.60906610986,68382.6994289967,55706.31105463237,0.21823192377203676,0.26218097447795824
37900,"Peoria, IL",4,7,40420,"Rockford, IL",4,4.19163812959607,12276.0,92.154,70.076,68033.0,73825.33585085835,66247.96407049483,52926.78430618726,0.23770536809852624,0.29080118694362017
37900,"Peoria, IL",4,8,29100,"La Crosse-Onalaska, WI-MN",4,4.432609723769602,12324.0,91.769,69.386,73340.0,79918.05511665158,67956.63342042305,54527.26184614416,0.23195177286284113,0.3104575163398693
37900,"Peoria, IL",4,9,47940,"Waterloo-Cedar Falls, IA",4,4.5394434070724925,11724.0,87.057,63.13,70811.0,81338.66317470162,68655.5861916745,55188.54735505022,0.23019771670532055,0.3227848101265823
37900,"Peoria, IL",4,10,24580,"Green Bay, WI",4,4.554625664765892,12120.0,93.086,74.696,79267.0,85154.5882302387,65835.59204587441,52815.37418282305,0.22732122905949836,0.3058252427184466
37980,"Philadelphia-Camden-Wilmington, PA-NJ-DE-MD",1,1,33460,"Minneapolis-St. Paul-Bloomington, MN-WI",1,3.78955056303658,17280.0,104.822,111.838,99833.0,95240.50294785445,69614.09635807802,53129.00735004536,0.2774938216482202,0.19969512195121952
37980,"Philadelphia-Camden-Wilmington, PA-NJ-DE-MD",1,2,12580,"Baltimore-Columbia-Towson, MD",1,4.02347894622919,19332.0,104.487,118.194,99470.0,95198.4457396614,67308.79132704846,48806.96813373255,0.32844073814588853,0.30670926517571884
37980,"Philadelphia-Camden-Wilmington, PA-NJ-DE-MD",1,3,16980,"Chicago-Naperville-Elgin, IL-IN",1,4.080243115361227,17160.0,103.595,112.01,90887.0,87732.99869684831,67456.4865428279,50891.98053385063,0.28962815200218683,0.19247467438494936
37980,"Philadelphia-Camden-Wilmington, PA-NJ-DE-MD",1,4,39300,"Providence-Warwick, RI-MA",4,4.47436461157888,15684.0,101.773,103.851,87040.0,85523.66541224097,68567.68550832792,53156.918408999016,0.26550380543656876,0.30124777183600715
37980,"Philadelphia-Camden-Wilmington, PA-NJ-DE-MD",1,5,25540,"Hartford-West Hartford-East Hartford, CT",1,4.55307310722629,16992.0,102.746,110.234,95118.0,92575.86670040683,71257.96861612689,54720.09852872691,0.27788520830891394,0.2864864864864865
37980,"Philadelphia-Camden-Wilmington, PA-NJ-DE-MD",1,6,40060,"Richmond, VA",1,4.576759821284445,17364.0,97.858,99.136,86679.0,88576.30444112897,68241.30691375065,50497.22875969068,0.3106618908925918,0.2777777777777778
37980,"Philadelphia-Camden-Wilmington, PA-NJ-DE-MD",1,7,18140,"Columbus, OH",4,4.6613908569988185,15288.0,95.469,87.945,81945.0,85834.14511516828,68597.49537246945,52583.92028526837,0.27429271692332724,0.178752107925801
37980,"Philadelphia-Camden-Wilmington, PA-NJ-DE-MD",1,8,40900,"Sacramento-Roseville-Folsom, CA",1,4.941141099963388,21828.0,106.67,130.23,97188.0,91110.90278428799,72284.30998105383,51821.19945325783,0.34014191851906084,0.25232198142414863
37980,"Philadelphia-Camden-Wilmington, PA-NJ-DE-MD",1,9,38060,"Phoenix-Mesa-Chandler, AZ",1,5.053179431107063,20424.0,103.316,121.236,88301.0,85466.91703124394,63795.93762867011,44027.46033570484,0.36109507456401635,0.23355263157894737
37980,"Philadelphia-Camden-Wilmington, PA-NJ-DE-MD",1,10,38900,"Portland-Vancouver-Hillsboro, OR-WA",1,5.119480777602705,20688.0,105.421,125.114,97436.0,92425.60780110223,69569.50044399414,49945.326892235,0.3268104331421303,0.3063063063063063
38060,"Phoenix-Mesa-Chandler, AZ",1,1,27260,"Jacksonville, FL",3,3.702567311724681,18156.0,99.484,109.777,79643.0,80056.08942141451,61809.61575844957,43559.44487669975,0.3471988980962408,0.21837088388214904
38060,"Phoenix-Mesa-Chandler, AZ",1,2,19100,"Dallas-Fort Worth-Arlington, TX",1,3.991205721331702,19368.0,103.09,117.874,90275.0,87569.11436608787,64319.4799120766,45532.012650460536,0.35664425864692695,0.19602272727272727
38060,"Phoenix-Mesa-Chandler, AZ",1,3,16740,"Charlotte-Concord-Gastonia, NC-SC",1,4.210136236949702,17676.0,97.348,97.635,83304.0,85573.40674692855,65335.56193294378,47178.02402769663,0.32930309038430056,0.20500782472613457
38060,"Phoenix-Mesa-Chandler, AZ",1,4,12060,"Atlanta-Sandy Springs-Roswell, GA",1,4.60755158300661,20064.0,100.058,111.022,89724.0,89671.99024565752,65399.90559141387,45347.53596579673,0.3707652333637077,0.20268256333830104
38060,"Phoenix-Mesa-Chandler, AZ",1,5,14260,"Boise City, ID",3,4.658520984272577,17844.0,98.391,105.58,85987.0,87393.15587807828,62582.30278719957,44446.497683074194,0.33615988563011345,0.2851153039832285
38060,"Phoenix-Mesa-Chandler, AZ",1,6,45300,"Tampa-St. Petersburg-Clearwater, FL",3,4.75114234308858,19536.0,100.89,125.839,74392.0,73735.75180890078,59465.07072966093,40101.40733388336,0.37957932846007064,0.24006359300476948
38060,"Phoenix-Mesa-Chandler, AZ",1,7,34980,"Nashville-Davidson--Murfreesboro--Franklin, TN",1,4.841890732575864,18336.0,96.338,104.626,85447.0,88695.0113143308,65971.2658122988,46938.27779095728,0.3405239575125513,0.24666666666666667
38060,"Phoenix-Mesa-Chandler, AZ",1,8,41620,"Salt Lake City-Murray, UT",1,4.865037714482473,18996.0,100.868,123.311,98083.0,97238.96577705516,64720.87363121331,45888.34002293319,0.34324829679863494,0.295
38060,"Phoenix-Mesa-Chandler, AZ",1,9,16700,"Charleston-North Charleston, SC",3,4.8969005723159595,19260.0,100.962,119.77,85254.0,84441.67112378916,63358.45642415075,44281.97220236433,0.363787039055273,0.2874015748031496
38060,"Phoenix-Mesa-Chandler, AZ",1,10,41700,"San Antonio-New Braunfels, TX",4,5.000168011661363,16356.0,94.716,94.575,76213.0,80464.75780227206,65452.93090162896,48184.465172501885,0.3194721786194416,0.20689655172413793
38240,"Pinehurst-Southern Pines, NC",3,1,43640,"Slidell-Mandeville-Covington, LA",3,5.737729649798819,15984.0,92.726,85.449,81202.0,87571.98628216465,59338.88760765797,42101.003950431295,0.35668548159307384,0.4307692307692308
38240,"Pinehurst-Southern Pines, NC",3,2,42680,"Sebastian-Vero Beach-West Vero Corridor, FL",3,6.1836928123206265,16284.0,98.308,101.635,73491.0,74755.86930870326,58142.586116411716,41578.318711927845,0.3364726851604395,0.42616033755274263
38240,"Pinehurst-Southern Pines, NC",3,3,15260,"Brunswick-St. Simons, GA",2,6.521442857180352,12960.0,87.708,56.34,66623.0,75960.00364846992,63474.67110414068,48698.36791629008,0.2818152127862068,0.34146341463414637
38240,"Pinehurst-Southern Pines, NC",3,4,26300,"Hot Springs, AR",2,6.611187145131942,11592.0,85.73,57.281,57181.0,66698.93852793654,57035.43735789965,43513.916303426304,0.28264598801444357,0.4245810055865922
38240,"Pinehurst-Southern Pines, NC",3,5,25940,"Hilton Head Island-Bluffton-Port Royal, SC",3,6.621779172753934,18876.0,98.017,101.235,83304.0,84989.33858412316,58370.05165370473,39112.16781722738,0.3938453566326406,0.322463768115942
38240,"Pinehurst-Southern Pines, NC",3,6,27340,"Jacksonville, NC",3,6.7328363041676935,15180.0,92.085,72.118,68148.0,74005.53836129663,57147.35748943275,40662.58798299847,0.34252414219900523,0.4260089686098655
38240,"Pinehurst-Southern Pines, NC",3,7,45900,"Traverse City, MI",2,6.947778277194628,14700.0,93.372,78.146,80889.0,86630.8957717517,63845.01731270337,48101.539610608525,0.28270572947977574,0.3971119133574007
38240,"Pinehurst-Southern Pines, NC",3,8,19300,"Daphne-Fairhope-Foley, AL",3,6.975474052483763,15324.0,94.69,89.15,78775.0,83192.52296969057,56427.54314236325,40244.20804890037,0.34405650080153694,0.4128787878787879
38240,"Pinehurst-Southern Pines, NC",3,9,39660,"Rapid City, SD",2,6.98799899063995,13680.0,89.16,72.552,75255.0,84404.44145356663,63780.95558546434,48437.75235531629,0.2789638201012201,0.46283783783783783
38240,"Pinehurst-Southern Pines, NC",3,10,11700,"Asheville, NC",3,7.00820003424802,15552.0,96.506,93.371,71838.0,74438.89499098502,61864.169371974436,45749.10916846377,0.3029191910352288,0.3237410071942446
38300,"Pittsburgh, PA",4,1,41180,"St. Louis, MO-IL",4,2.083510652483005,13356.0,95.088,79.024,80196.0,84338.71781928319,67041.5904014345,52995.654005674776,0.24362628518226778,0.19314641744548286
38300,"Pittsburgh, PA",4,2,17410,"Cleveland, OH",4,2.8641466639469364,12600.0,93.923,79.434,70678.0,75251.00348157533,67255.02311467905,53839.77871234947,0.23579692944191716,0.25938009787928223
38300,"Pittsburgh, PA",4,3,17140,"Cincinnati, OH-KY-IN",4,3.1292339979618093,13260.0,95.37,87.608,81120.0,85058.19440075495,67151.80475042066,53248.06143491264,0.24356120073391233,0.215311004784689
38300,"Pittsburgh, PA",4,4,40380,"Rochester, NY",4,3.37603964827384,13716.0,97.035,87.481,76284.0,78614.93275622198,68855.4798247465,54720.37393511904,0.23952373161743856,0.31393298059964725
38300,"Pittsburgh, PA",4,5,15380,"Buffalo-Cheektowaga, NY",4,3.5436037088838246,12684.0,95.844,80.989,72237.0,75369.35019406537,71795.89607982081,58561.89082127568,0.2184560153424531,0.28027681660899656
38300,"Pittsburgh, PA",4,6,30460,"Lexington-Fayette, KY",4,3.6345574808032586,13656.0,92.889,77.093,71966.0,77475.26617791127,65679.17980959354,50977.761988322985,0.2637648845559352,0.2595078299776286
38300,"Pittsburgh, PA",4,7,26900,"Indianapolis-Carmel-Greenwood, IN",4,3.6788077278102085,14292.0,95.696,88.917,79852.0,83443.40411302458,67102.48315808205,52167.689645291546,0.26071779381385785,0.23014586709886548
38300,"Pittsburgh, PA",4,8,33340,"Milwaukee-Waukesha, WI",4,3.6987384521696423,13668.0,96.937,97.111,78218.0,80689.51999752417,68438.57298461662,54338.69368156412,0.2432016245299029,0.24273504273504273
38300,"Pittsburgh, PA",4,9,10420,"Akron, OH",4,3.7348669928404092,12396.0,93.37,76.785,72371.0,77509.9068223198,65443.69046198477,52167.47754563048,0.23829894393732945,0.2775423728813559
38300,"Pittsburgh, PA",4,10,18140,"Columbus, OH",4,3.874295859092995,15288.0,95.469,87.945,81945.0,85834.14511516828,68597.49537246945,52583.92028526837,0.27429271692332724,0.178752107925801
38340,"Pittsfield, MA",5,1,35980,"Norwich-New London-Willimantic, CT",5,4.779530870147132,16380.0,100.445,93.662,86586.0,86202.3993230126,70612.52787414845,54305.0959462277,0.27632534853659135,0.3179190751445087
38340,"Pittsfield, MA",5,2,16580,"Champaign-Urbana, IL",4,4.991004910255722,12516.0,92.704,71.604,65528.0,70685.19157749396,69408.1661432769,55907.130589255496,0.22760665799329224,0.34036144578313254
38340,"Pittsfield, MA",5,3,13780,"Binghamton, NY",4,5.052438793517682,11268.0,92.863,69.694,64590.0,69554.07428146839,69819.2476058189,57685.24375067746,0.20875934676794164,0.33432835820895523
38340,"Pittsfield, MA",5,4,44140,"Springfield, MA",4,5.323389429095562,13632.0,96.061,75.781,71306.0,74229.91640728287,72570.62867475166,58379.64586174743,0.23041363977535873,0.29048843187660667
38340,"Pittsfield, MA",5,5,46540,"Utica-Rome, NY",4,5.643909145285706,11100.0,92.678,66.063,69779.0,75291.87077839402,68576.24046223832,56599.28800318654,0.20433289516250724,0.33240997229916897
38340,"Pittsfield, MA",5,6,47930,"Waterbury-Shelton, CT",5,5.691600822419316,15960.0,99.778,89.111,86191.0,86382.76974884242,68011.71009898384,52016.20006671219,0.27924712171290555,0.3435897435897436
38340,"Pittsfield, MA",5,7,29100,"La Crosse-Onalaska, WI-MN",4,5.694584163519516,12324.0,91.769,69.386,73340.0,79918.05511665158,67956.63342042305,54527.26184614416,0.23195177286284113,0.3104575163398693
38340,"Pittsfield, MA",5,8,31860,"Mankato, MN",4,5.707625269820719,12828.0,90.955,79.884,75808.0,83346.7099114947,71152.64168644015,57048.96404364976,0.23238643102177742,0.32051282051282054
38340,"Pittsfield, MA",5,9,37900,"Peoria, IL",4,5.709835350035845,11460.0,91.231,63.763,71857.0,78763.79739342986,69581.11682553023,57019.59716664234,0.21445568399867354,0.30238726790450926
38340,"Pittsfield, MA",5,10,24020,"Glens Falls, NY",2,5.857924752063582,12924.0,94.866,76.231,75836.0,79940.12607256552,65441.69467700668,51818.26794877949,0.24111018809398313,0.4357976653696498
38540,"Pocatello, ID",2,1,30300,"Lewiston, ID-WA",2,4.588222352469737,12288.0,91.16,71.925,72475.0,79503.07152259763,63079.71045665597,49600.114142483086,0.24642421751260365,0.32679738562091504
38540,"Pocatello, ID",2,2,13020,"Bay City, MI",2,4.684706803630603,10320.0,91.921,66.684,61763.0,67191.39260887065,61011.13368968465,49784.10178185074,0.22095670556041994,0.45
38540,"Pocatello, ID",2,3,11020,"Altoona, PA",2,4.877475553520843,10620.0,89.507,54.978,62382.0,69695.1076452121,62179.822938593694,50314.82913922604,0.22773399270949926,0.35684647302904565
38540,"Pocatello, ID",2,4,45900,"Traverse City, MI",2,5.014777185124619,14700.0,93.372,78.146,80889.0,86630.8957717517,63845.01731270337,48101.539610608525,0.28270572947977574,0.3971119133574007
38540,"Pocatello, ID",2,5,24500,"Great Falls, MT",2,5.060296968806606,11268.0,96.845,97.115,67690.0,69895.19335019877,58202.4368836801,46567.34988899788,0.23183230705586225,0.46534653465346537
38540,"Pocatello, ID",2,6,10780,"Alexandria, LA",2,5.085891274273417,11352.0,85.686,53.684,56353.0,65766.86973367877,61858.973038780015,48610.60107603231,0.2594567995595722,0.4099099099099099
38540,"Pocatello, ID",2,7,34620,"Muncie, IN",2,5.215730507894003,10872.0,88.148,57.474,58127.0,65942.50578572402,64374.798166014705,52040.99592433027,0.23166642453710123,0.375609756097561
38540,"Pocatello, ID",2,8,36980,"Owensboro, KY",2,5.281051785149374,10884.0,88.61,55.698,68002.0,76743.03126058007,61968.56622802557,49685.52819620073,0.23782500534711193,0.36633663366336633
38540,"Pocatello, ID",2,9,48700,"Williamsport, PA",2,5.319668667081205,10956.0,92.35,64.392,63917.0,69211.69463995668,61918.573443537956,50055.0109096993,0.22641284961979163,0.358974358974359
38540,"Pocatello, ID",2,10,40980,"Saginaw, MI",4,5.323595775004857,11364.0,90.891,63.647,60622.0,66697.47279708661,65266.14375970962,52763.25568498275,0.2258077324135344,0.3129496402877698
38660,"Ponce, PR",2,1,10380,"Aguadilla, PR",2,4.846209191456583,6336.0,,,22398.0,,,,0.21996112001289034,0.43617021276595747
38660,"Ponce, PR",2,2,32420,"Mayaguez, PR",2,4.9957744075529815,6048.0,,,21163.0,,,,0.2200711591994767,0.46153846153846156
38660,"Ponce, PR",2,3,11640,"Arecibo, PR",2,5.882321349317744,6600.0,,,25084.0,,,,0.23296854931898064,0.45454545454545453
38660,"Ponce, PR",2,4,34620,"Muncie, IN",2,8.884358937141158,10872.0,88.148,57.474,58127.0,65942.50578572402,64374.798166014705,52040.99592433027,0.23166642453710123,0.375609756097561
38660,"Ponce, PR",2,5,33740,"Monroe, LA",2,9.184118771456912,11172.0,83.597,42.815,51660.0,61796.4759500939,62682.74243490622,49318.626497731435,0.26206553733126503,0.40601503759398494
38660,"Ponce, PR",2,6,36980,"Owensboro, KY",2,9.191457775823615,10884.0,88.61,55.698,68002.0,76743.03126058007,61968.56622802557,49685.52819620073,0.23782500534711193,0.36633663366336633
38660,"Ponce, PR",2,7,22500,"Florence, SC",2,9.30692679782239,11208.0,86.774,52.425,54443.0,62741.14366054348,62566.05390515404,49649.74256765663,0.24883360441537591,0.35125448028673834
38660,"Ponce, PR",2,8,41980,"San Juan-Bayamon-Caguas, PR",2,9.435648061397231,7476.0,,,29276.0,,,,0.2238907665200072,0.31547619047619047
38660,"Ponce, PR",2,9,25620,"Hattiesburg, MS",2,9.52077135840403,12168.0,87.633,60.059,60285.0,68792.57813837254,55486.33373612134,41601.15349580091,0.3000192571494962,0.35655737704918034
38660,"Ponce, PR",2,10,21420,"Enid, OK",2,9.558057684145938,11028.0,84.269,51.389,66182.0,78536.59115451708,57901.412353855616,44814.749405440416,0.26729098824487724,0.4492753623188406
38860,"Portland-South Portland, ME",1,1,31700,"Manchester-Nashua, NH",1,3.9162748132472207,19476.0,105.657,134.22,103545.0,98001.07896305971,63863.91534751542,45430.6832852763,0.34212374074494756,0.3234624145785877
38860,"Portland-South Portland, ME",1,2,39300,"Providence-Warwick, RI-MA",4,3.9331327306310597,15684.0,101.773,103.851,87040.0,85523.66541224097,68567.68550832792,53156.918408999016,0.26550380543656876,0.30124777183600715
38860,"Portland-South Portland, ME",1,3,14260,"Boise City, ID",3,3.937821702301922,17844.0,98.391,105.58,85987.0,87393.15587807828,62582.30278719957,44446.497683074194,0.33615988563011345,0.2851153039832285
38860,"Portland-South Portland, ME",1,4,47260,"Virginia Beach-Chesapeake-Norfolk, VA-NC",1,4.1687624384863735,17736.0,97.941,99.805,82330.0,84060.8121215834,65890.17057801326,47781.30912060523,0.3266761783574887,0.2770034843205575
38860,"Portland-South Portland, ME",1,5,47930,"Waterbury-Shelton, CT",5,4.298864011260987,15960.0,99.778,89.111,86191.0,86382.76974884242,68011.71009898384,52016.20006671219,0.27924712171290555,0.3435897435897436
38860,"Portland-South Portland, ME",1,6,40060,"Richmond, VA",1,4.57451225324298,17364.0,97.858,99.136,86679.0,88576.30444112897,68241.30691375065,50497.22875969068,0.3106618908925918,0.2777777777777778
38860,"Portland-South Portland, ME",1,7,15540,"Burlington-South Burlington, VT",1,4.591275683387727,18972.0,100.949,103.842,93043.0,92168.32261835184,66738.16237156141,47944.51409371814,0.3245192313047483,0.39050131926121373
38860,"Portland-South Portland, ME",1,8,35980,"Norwich-New London-Willimantic, CT",5,4.670278100740337,16380.0,100.445,93.662,86586.0,86202.3993230126,70612.52787414845,54305.0959462277,0.27632534853659135,0.3179190751445087
38860,"Portland-South Portland, ME",1,9,35300,"New Haven, CT",1,4.707190191774038,18300.0,104.559,124.293,88197.0,84351.41881617077,69752.43215382156,52250.351988556016,0.2981927492560833,0.28832951945080093
38860,"Portland-South Portland, ME",1,10,16700,"Charleston-North Charleston, SC",3,4.8262520602833945,19260.0,100.962,119.77,85254.0,84441.67112378916,63358.45642415075,44281.97220236433,0.363787039055273,0.2874015748031496
38900,"Portland-Vancouver-Hillsboro, OR-WA",1,1,40900,"Sacramento-Roseville-Folsom, CA",1,3.8674239648126805,21828.0,106.67,130.23,97188.0,91110.90278428799,72284.30998105383,51821.19945325783,0.34014191851906084,0.25232198142414863
38900,"Portland-Vancouver-Hillsboro, OR-WA",1,2,12580,"Baltimore-Columbia-Towson, MD",1,3.901936289244233,19332.0,104.487,118.194,99470.0,95198.4457396614,67308.79132704846,48806.96813373255,0.32844073814588853,0.30670926517571884
38900,"Portland-Vancouver-Hillsboro, OR-WA",1,3,19740,"Denver-Aurora-Centennial, CO",1,4.199529094726437,22488.0,105.782,146.919,105762.0,99981.09319165832,68715.38016701883,47456.564867629524,0.36132324131584176,0.2827140549273021
38900,"Portland-Vancouver-Hillsboro, OR-WA",1,4,33460,"Minneapolis-St. Paul-Bloomington, MN-WI",1,4.366045072777996,17280.0,104.822,111.838,99833.0,95240.50294785445,69614.09635807802,53129.00735004536,0.2774938216482202,0.19969512195121952
38900,"Portland-Vancouver-Hillsboro, OR-WA",1,5,40060,"Richmond, VA",1,4.501504872433305,17364.0,97.858,99.136,86679.0,88576.30444112897,68241.30691375065,50497.22875969068,0.3106618908925918,0.2777777777777778
38900,"Portland-Vancouver-Hillsboro, OR-WA",1,6,39580,"Raleigh-Cary, NC",1,4.750162430808981,18876.0,98.157,103.476,100103.0,101982.5381786322,66179.1612271303,46948.74464960654,0.34717101034965425,0.2859778597785978
38900,"Portland-Vancouver-Hillsboro, OR-WA",1,7,47260,"Virginia Beach-Chesapeake-Norfolk, VA-NC",1,4.78005929175812,17736.0,97.941,99.805,82330.0,84060.8121215834,65890.17057801326,47781.30912060523,0.3266761783574887,0.2770034843205575
38900,"Portland-Vancouver-Hillsboro, OR-WA",1,8,17820,"Colorado Springs, CO",1,5.000817373995666,20388.0,100.707,116.207,90144.0,89511.15612618787,66961.94500625262,46717.076228511236,0.3564059462598079,0.34475374732334046
38900,"Portland-Vancouver-Hillsboro, OR-WA",1,9,16980,"Chicago-Naperville-Elgin, IL-IN",1,5.065911207364003,17160.0,103.595,112.01,90887.0,87732.99869684831,67456.4865428279,50891.98053385063,0.28962815200218683,0.19247467438494936
38900,"Portland-Vancouver-Hillsboro, OR-WA",1,10,39300,"Providence-Warwick, RI-MA",4,5.1095293135357,15684.0,101.773,103.851,87040.0,85523.66541224097,68567.68550832792,53156.918408999016,0.26550380543656876,0.30124777183600715
38940,"Port St. Lucie, FL",3,1,19660,"Deltona-Daytona Beach-Ormond Beach, FL",3,2.457129690253304,18000.0,99.367,108.375,71277.0,71731.05759457365,56280.31925881352,38165.65342407966,0.37412577856248325,0.3053435114503817
38940,"Port St. Lucie, FL",3,2,35840,"North Port-Bradenton-Sarasota, FL",3,3.25024251516761,20964.0,102.417,127.95,80859.0,78950.76012771318,58295.16398581491,37825.90595248059,0.4099315419670332,0.2753303964757709
38940,"Port St. Lucie, FL",3,3,37860,"Pensacola-Ferry Pass-Brent, FL",3,3.669198304709278,16248.0,97.717,98.77,75967.0,77741.84635222121,58562.87738004662,41935.26908261629,0.3324508354890374,0.3230769230769231
38940,"Port St. Lucie, FL",3,4,15980,"Cape Coral-Fort Myers, FL",3,3.745383608566972,20544.0,102.349,125.113,76107.0,74360.27709112938,57817.72763294792,37745.2305885215,0.4072654557829898,0.3006993006993007
38940,"Port St. Lucie, FL",3,5,39150,"Prescott Valley-Prescott, AZ",3,4.027897626123459,16212.0,98.255,98.781,69613.0,70849.3206452598,60312.06677738661,43812.1431093799,0.3176941760564194,0.3861003861003861
38940,"Port St. Lucie, FL",3,6,37460,"Panama City-Panama City Beach, FL",3,4.188248476339605,17472.0,97.296,96.424,71514.0,73501.48001973359,58354.237566858705,40396.6647992218,0.36177488698844124,0.3771043771043771
38940,"Port St. Lucie, FL",3,7,48900,"Wilmington, NC",3,4.232178147059815,16668.0,96.422,93.215,76471.0,79308.66399784281,61990.545528534785,44704.034151463165,0.33401982090631044,0.33093525179856115
38940,"Port St. Lucie, FL",3,8,36100,"Ocala, FL",3,4.346963509924201,15324.0,95.234,86.23,61010.0,64063.25471995296,56391.25544287655,40300.3635345245,0.3291928952142377,0.33225806451612905
38940,"Port St. Lucie, FL",3,9,41100,"St. George, UT",3,4.509381792869423,18792.0,97.321,98.148,80632.0,82851.59420885523,58262.322438265,38953.02639732831,0.38947142117700184,0.3381294964028777
38940,"Port St. Lucie, FL",3,10,17660,"Coeur d'Alene, ID",3,4.53583703812362,17904.0,98.293,105.597,81861.0,83282.63457214653,60748.985176970884,42534.056341753734,0.3479514361497808,0.4024390243902439
39150,"Prescott Valley-Prescott, AZ",3,1,37460,"Panama City-Panama City Beach, FL",3,3.4823773182003483,17472.0,97.296,96.424,71514.0,73501.48001973359,58354.237566858705,40396.6647992218,0.36177488698844124,0.3771043771043771
39150,"Prescott Valley-Prescott, AZ",3,2,17660,"Coeur d'Alene, ID",3,3.6842087735903015,17904.0,98.293,105.597,81861.0,83282.63457214653,60748.985176970884,42534.056341753734,0.3479514361497808,0.4024390243902439
39150,"Prescott Valley-Prescott, AZ",3,3,36100,"Ocala, FL",3,3.7877972371133364,15324.0,95.234,86.23,61010.0,64063.25471995296,56391.25544287655,40300.3635345245,0.3291928952142377,0.33225806451612905
39150,"Prescott Valley-Prescott, AZ",3,4,42680,"Sebastian-Vero Beach-West Vero Corridor, FL",3,3.928068986609869,16284.0,98.308,101.635,73491.0,74755.86930870326,58142.586116411716,41578.318711927845,0.3364726851604395,0.42616033755274263
39150,"Prescott Valley-Prescott, AZ",3,5,38940,"Port St. Lucie, FL",3,4.027897626123459,18960.0,100.228,113.642,74514.0,74344.49455242048,59021.63945325537,40104.76991580076,0.3778380640189969,0.31767955801104975
39150,"Prescott Valley-Prescott, AZ",3,6,29420,"Lake Havasu City-Kingman, AZ",2,4.198686317096777,13092.0,94.098,79.773,57684.0,61302.04680226997,59506.783334880805,45593.62896390586,0.27039111170233077,0.3624454148471616
39150,"Prescott Valley-Prescott, AZ",3,7,41660,"San Angelo, TX",2,4.253523275945866,13860.0,92.453,81.442,68419.0,74004.08856391897,58094.47881147742,43103.07777527525,0.30891388764814864,0.3392070484581498
39150,"Prescott Valley-Prescott, AZ",3,8,37860,"Pensacola-Ferry Pass-Brent, FL",3,4.366459027116481,16248.0,97.717,98.77,75967.0,77741.84635222121,58562.87738004662,41935.26908261629,0.3324508354890374,0.3230769230769231
39150,"Prescott Valley-Prescott, AZ",3,9,48900,"Wilmington, NC",3,4.510303866549977,16668.0,96.422,93.215,76471.0,79308.66399784281,61990.545528534785,44704.034151463165,0.33401982090631044,0.33093525179856115
39150,"Prescott Valley-Prescott, AZ",3,10,43300,"Sherman-Denison, TX",3,4.517544831190083,15720.0,93.771,89.466,72182.0,76976.89050985912,58219.257839906044,41455.01303074329,0.3476539740017317,0.3511111111111111
39300,"Providence-Warwick, RI-MA",4,1,40380,"Rochester, NY",4,3.5721762590665915,13716.0,97.035,87.481,76284.0,78614.93275622198,68855.4798247465,54720.37393511904,0.23952373161743856,0.31393298059964725
39300,"Providence-Warwick, RI-MA",4,2,33340,"Milwaukee-Waukesha, WI",4,3.736145319036514,13668.0,96.937,97.111,78218.0,80689.51999752417,68438.57298461662,54338.69368156412,0.2432016245299029,0.24273504273504273
39300,"Providence-Warwick, RI-MA",4,3,40060,"Richmond, VA",1,3.7769945141454286,17364.0,97.858,99.136,86679.0,88576.30444112897,68241.30691375065,50497.22875969068,0.3106618908925918,0.2777777777777778
39300,"Providence-Warwick, RI-MA",4,4,38860,"Portland-South Portland, ME",1,3.9331327306310597,17820.0,101.858,105.164,92175.0,90493.62838461387,65501.915349666735,48006.971408101024,0.3058479428735404,0.3081761006289308
39300,"Providence-Warwick, RI-MA",4,5,49340,"Worcester, MA",5,3.9854862611753386,17112.0,102.523,113.001,95939.0,93578.02639407742,71034.52136418616,54343.63249047002,0.27836628366176264,0.35084033613445376
39300,"Providence-Warwick, RI-MA",4,6,17140,"Cincinnati, OH-KY-IN",4,4.076424359291616,13260.0,95.37,87.608,81120.0,85058.19440075495,67151.80475042066,53248.06143491264,0.24356120073391233,0.215311004784689
39300,"Providence-Warwick, RI-MA",4,7,47930,"Waterbury-Shelton, CT",5,4.085790822247069,15960.0,99.778,89.111,86191.0,86382.76974884242,68011.71009898384,52016.20006671219,0.27924712171290555,0.3435897435897436
39300,"Providence-Warwick, RI-MA",4,8,18140,"Columbus, OH",4,4.092821783193876,15288.0,95.469,87.945,81945.0,85834.14511516828,68597.49537246945,52583.92028526837,0.27429271692332724,0.178752107925801
39300,"Providence-Warwick, RI-MA",4,9,26900,"Indianapolis-Carmel-Greenwood, IN",4,4.109490747485108,14292.0,95.696,88.917,79852.0,83443.40411302458,67102.48315808205,52167.689645291546,0.26071779381385785,0.23014586709886548
39300,"Providence-Warwick, RI-MA",4,10,25540,"Hartford-West Hartford-East Hartford, CT",1,4.113379975584223,16992.0,102.746,110.234,95118.0,92575.86670040683,71257.96861612689,54720.09852872691,0.27788520830891394,0.2864864864864865
39340,"Provo-Orem-Lehi, UT",3,1,36260,"Ogden, UT",3,4.422612539689007,18000.0,100.349,117.903,101203.0,100851.02990562936,60199.226363012785,42261.82788370556,0.3500046634875995,0.3028953229398664
39340,"Provo-Orem-Lehi, UT",3,2,14260,"Boise City, ID",3,5.167729747248432,17844.0,98.391,105.58,85987.0,87393.15587807828,62582.30278719957,44446.497683074194,0.33615988563011345,0.2851153039832285
39340,"Provo-Orem-Lehi, UT",3,3,41620,"Salt Lake City-Murray, UT",1,5.654683784521508,18996.0,100.868,123.311,98083.0,97238.96577705516,64720.87363121331,45888.34002293319,0.34324829679863494,0.295
39340,"Provo-Orem-Lehi, UT",3,4,39580,"Raleigh-Cary, NC",1,6.012376822115809,18876.0,98.157,103.476,100103.0,101982.5381786322,66179.1612271303,46948.74464960654,0.34717101034965425,0.2859778597785978
39340,"Provo-Orem-Lehi, UT",3,5,27260,"Jacksonville, FL",3,6.1091444459540805,18156.0,99.484,109.777,79643.0,80056.08942141451,61809.61575844957,43559.44487669975,0.3471988980962408,0.21837088388214904
39340,"Provo-Orem-Lehi, UT",3,6,30860,"Logan, UT-ID",3,6.1361676626532295,14412.0,95.927,90.959,81126.0,84570.55886246833,58634.29237551348,43610.36793296863,0.3017569074435835,0.34901960784313724
39340,"Provo-Orem-Lehi, UT",3,7,29540,"Lancaster, PA",3,6.224213201751472,16284.0,98.257,93.815,86959.0,88501.58258444691,61217.05816689836,44644.1931292929,0.3136956554666581,0.31685393258426964
39340,"Provo-Orem-Lehi, UT",3,8,31700,"Manchester-Nashua, NH",1,6.289893089075958,19476.0,105.657,134.22,103545.0,98001.07896305971,63863.91534751542,45430.6832852763,0.34212374074494756,0.3234624145785877
39340,"Provo-Orem-Lehi, UT",3,9,39900,"Reno, NV",3,6.293393064234439,19104.0,101.014,123.478,87485.0,86606.80697725067,63229.712016809666,44317.4820288872,0.34879671340643237,0.30364372469635625
39340,"Provo-Orem-Lehi, UT",3,10,45300,"Tampa-St. Petersburg-Clearwater, FL",3,6.307203152242865,19536.0,100.89,125.839,74392.0,73735.75180890078,59465.07072966093,40101.40733388336,0.37957932846007064,0.24006359300476948
39380,"Pueblo, CO",2,1,21300,"Elmira, NY",2,4.061286657090024,12708.0,94.398,76.357,63716.0,67497.19273713426,65592.10108153496,52129.951459720935,0.2460515704401425,0.4105263157894737
39380,"Pueblo, CO",2,2,45460,"Terre Haute, IN",2,4.257800983982038,10704.0,87.797,51.923,56594.0,64460.0612777202,64655.30505805231,52463.544519537325,0.22269635004934,0.3898916967509025
39380,"Pueblo, CO",2,3,24300,"Grand Junction, CO",2,4.271734962086511,14184.0,95.476,86.367,73658.0,77148.18383677573,62686.99538552695,47830.90589706912,0.27235353663590656,0.42402826855123676
39380,"Pueblo, CO",2,4,12620,"Bangor, ME",2,4.358798305538232,12492.0,96.508,77.688,66356.0,68756.99423881958,63285.9248892909,50341.9202471887,0.23516302037792222,0.4
39380,"Pueblo, CO",2,5,43780,"South Bend-Mishawaka, IN-MI",4,4.424957360921557,12552.0,92.858,74.586,67217.0,72386.8702750436,64529.314989695355,51011.901304283216,0.24506448426998492,0.3015463917525773
39380,"Pueblo, CO",2,6,31340,"Lynchburg, VA",4,4.535881212788061,11892.0,89.363,63.912,68996.0,77208.6881595291,66726.68393557685,53419.16292576295,0.23931646222428965,0.3181818181818182
39380,"Pueblo, CO",2,7,22420,"Flint, MI",4,4.601328708959557,11868.0,93.034,74.039,62281.0,66944.34292839176,65006.57327924778,52249.94666962119,0.23458804632094313,0.32621951219512196
39380,"Pueblo, CO",2,8,22500,"Florence, SC",2,4.676343697487219,11208.0,86.774,52.425,54443.0,62741.14366054348,62566.05390515404,49649.74256765663,0.24883360441537591,0.35125448028673834
39380,"Pueblo, CO",2,9,45900,"Traverse City, MI",2,4.8613180124154365,14700.0,93.372,78.146,80889.0,86630.8957717517,63845.01731270337,48101.539610608525,0.28270572947977574,0.3971119133574007
39380,"Pueblo, CO",2,10,36980,"Owensboro, KY",2,4.894840465454715,10884.0,88.61,55.698,68002.0,76743.03126058007,61968.56622802557,49685.52819620073,0.23782500534711193,0.36633663366336633
39460,"Punta Gorda, FL",3,1,42680,"Sebastian-Vero Beach-West Vero Corridor, FL",3,4.0107895448812725,16284.0,98.308,101.635,73491.0,74755.86930870326,58142.586116411716,41578.318711927845,0.3364726851604395,0.42616033755274263
39460,"Punta Gorda, FL",3,2,39150,"Prescott Valley-Prescott, AZ",3,4.902893589179747,16212.0,98.255,98.781,69613.0,70849.3206452598,60312.06677738661,43812.1431093799,0.3176941760564194,0.3861003861003861
39460,"Punta Gorda, FL",3,3,37460,"Panama City-Panama City Beach, FL",3,4.9543901871622635,17472.0,97.296,96.424,71514.0,73501.48001973359,58354.237566858705,40396.6647992218,0.36177488698844124,0.3771043771043771
39460,"Punta Gorda, FL",3,4,19300,"Daphne-Fairhope-Foley, AL",3,5.165039534642991,15324.0,94.69,89.15,78775.0,83192.52296969057,56427.54314236325,40244.20804890037,0.34405650080153694,0.4128787878787879
39460,"Punta Gorda, FL",3,5,36100,"Ocala, FL",3,5.308611498373165,15324.0,95.234,86.23,61010.0,64063.25471995296,56391.25544287655,40300.3635345245,0.3291928952142377,0.33225806451612905
39460,"Punta Gorda, FL",3,6,17660,"Coeur d'Alene, ID",3,5.468188458052895,17904.0,98.293,105.597,81861.0,83282.63457214653,60748.985176970884,42534.056341753734,0.3479514361497808,0.4024390243902439
39460,"Punta Gorda, FL",3,7,26140,"Homosassa Springs, FL",2,5.575257071791742,13284.0,93.467,78.427,56546.0,60498.357709137985,56956.77208375364,42744.26927527578,0.2967745497428479,0.48125
39460,"Punta Gorda, FL",3,8,38940,"Port St. Lucie, FL",3,5.60764584537629,18960.0,100.228,113.642,74514.0,74344.49455242048,59021.63945325537,40104.76991580076,0.3778380640189969,0.31767955801104975
39460,"Punta Gorda, FL",3,9,19660,"Deltona-Daytona Beach-Ormond Beach, FL",3,5.615256313631327,18000.0,99.367,108.375,71277.0,71731.05759457365,56280.31925881352,38165.65342407966,0.37412577856248325,0.3053435114503817
39460,"Punta Gorda, FL",3,10,27340,"Jacksonville, NC",3,5.674402594216861,15180.0,92.085,72.118,68148.0,74005.53836129663,57147.35748943275,40662.58798299847,0.34252414219900523,0.4260089686098655
39540,"Racine-Mount Pleasant, WI",4,1,27500,"Janesville-Beloit, WI",4,2.873987143836744,12444.0,93.703,79.552,75673.0,80758.35352123197,66473.54932463648,53193.29148870807,0.24034669263041522,0.32567049808429116
39540,"Racine-Mount Pleasant, WI",4,2,48140,"Wausau, WI",4,3.1169030910325883,11988.0,92.651,71.464,77884.0,84061.6938834983,66115.57611276988,53176.697957110475,0.23153445639447356,0.29545454545454547
39540,"Racine-Mount Pleasant, WI",4,3,22540,"Fond du Lac, WI",4,3.299194153255013,11520.0,91.643,67.317,74275.0,81048.19789836647,66735.04795783637,54164.52975131761,0.2248073208782546,0.3613861386138614
39540,"Racine-Mount Pleasant, WI",4,4,11540,"Appleton, WI",4,3.413885769469035,12720.0,92.419,70.785,85825.0,92865.10349603437,66810.4702638197,53047.066634695824,0.24012503997365162,0.33429394812680113
39540,"Racine-Mount Pleasant, WI",4,5,20740,"Eau Claire, WI",4,3.4770808400428876,12396.0,92.796,72.85,74595.0,80386.00801758695,65810.39035741365,52452.05594644766,0.23801879735332193,0.31715210355987056
39540,"Racine-Mount Pleasant, WI",4,6,33780,"Monroe, MI",2,3.5959015253794364,12708.0,93.492,74.641,77335.0,82718.30744876566,66457.0452288844,52864.43837482201,0.24608840979640453,0.34183673469387754
39540,"Racine-Mount Pleasant, WI",4,7,40420,"Rockford, IL",4,3.67146844393269,12276.0,92.154,70.076,68033.0,73825.33585085835,66247.96407049483,52926.78430618726,0.23770536809852624,0.29080118694362017
39540,"Racine-Mount Pleasant, WI",4,8,24580,"Green Bay, WI",4,3.7529329521580777,12120.0,93.086,74.696,79267.0,85154.5882302387,65835.59204587441,52815.37418282305,0.22732122905949836,0.3058252427184466
39540,"Racine-Mount Pleasant, WI",4,9,27100,"Jackson, MI",4,3.907567637864205,11820.0,91.779,67.092,66073.0,71991.41415792283,65764.28923560276,52885.526119857335,0.23273049433515275,0.34497816593886466
39540,"Racine-Mount Pleasant, WI",4,10,28020,"Kalamazoo-Portage, MI",4,4.039123461091723,13116.0,94.84,81.59,72532.0,76478.27920708562,66113.98144242936,52284.37368199071,0.24899406391349468,0.3254437869822485
39580,"Raleigh-Cary, NC",1,1,12420,"Austin-Round Rock-San Marcos, TX",1,3.753124236641066,20712.0,98.066,120.361,100431.0,102411.64113964065,67353.5803706135,46233.110482986805,0.37534564831619,0.24790619765494137
39580,"Raleigh-Cary, NC",1,2,40060,"Richmond, VA",1,3.8986843645522526,17364.0,97.858,99.136,86679.0,88576.30444112897,68241.30691375065,50497.22875969068,0.3106618908925918,0.2777777777777778
39580,"Raleigh-Cary, NC",1,3,41620,"Salt Lake City-Murray, UT",1,3.921650905341551,18996.0,100.868,123.311,98083.0,97238.96577705516,64720.87363121331,45888.34002293319,0.34324829679863494,0.295
39580,"Raleigh-Cary, NC",1,4,16740,"Charlotte-Concord-Gastonia, NC-SC",1,3.9433225936646332,17676.0,97.348,97.635,83304.0,85573.40674692855,65335.56193294378,47178.02402769663,0.32930309038430056,0.20500782472613457
39580,"Raleigh-Cary, NC",1,5,47260,"Virginia Beach-Chesapeake-Norfolk, VA-NC",1,4.039196939431619,17736.0,97.941,99.805,82330.0,84060.8121215834,65890.17057801326,47781.30912060523,0.3266761783574887,0.2770034843205575
39580,"Raleigh-Cary, NC",1,6,19740,"Denver-Aurora-Centennial, CO",1,4.126029820324927,22488.0,105.782,146.919,105762.0,99981.09319165832,68715.38016701883,47456.564867629524,0.36132324131584176,0.2827140549273021
39580,"Raleigh-Cary, NC",1,7,17820,"Colorado Springs, CO",1,4.315078057414093,20388.0,100.707,116.207,90144.0,89511.15612618787,66961.94500625262,46717.076228511236,0.3564059462598079,0.34475374732334046
39580,"Raleigh-Cary, NC",1,8,12580,"Baltimore-Columbia-Towson, MD",1,4.349761841342563,19332.0,104.487,118.194,99470.0,95198.4457396614,67308.79132704846,48806.96813373255,0.32844073814588853,0.30670926517571884
39580,"Raleigh-Cary, NC",1,9,12060,"Atlanta-Sandy Springs-Roswell, GA",1,4.457884992176685,20064.0,100.058,111.022,89724.0,89671.99024565752,65399.90559141387,45347.53596579673,0.3707652333637077,0.20268256333830104
39580,"Raleigh-Cary, NC",1,10,16700,"Charleston-North Charleston, SC",3,4.657810037004046,19260.0,100.962,119.77,85254.0,84441.67112378916,63358.45642415075,44281.97220236433,0.363787039055273,0.2874015748031496
39660,"Rapid City, SD",2,1,24300,"Grand Junction, CO",2,4.498809500052108,14184.0,95.476,86.367,73658.0,77148.18383677573,62686.99538552695,47830.90589706912,0.27235353663590656,0.42402826855123676
39660,"Rapid City, SD",2,2,13740,"Billings, MT",4,4.840224161368747,13404.0,93.526,77.364,77194.0,82537.476209824,65507.996490445395,51176.152938919615,0.2575829546765246,0.4252199413489736
39660,"Rapid City, SD",2,3,43620,"Sioux Falls, SD-MN",4,4.88273943840574,12264.0,90.631,77.605,82754.0,91308.71335415034,65793.75161410632,52261.95785700335,0.2413087358138445,0.4151898734177215
39660,"Rapid City, SD",2,4,45900,"Traverse City, MI",2,5.066496549742078,14700.0,93.372,78.146,80889.0,86630.8957717517,63845.01731270337,48101.539610608525,0.28270572947977574,0.3971119133574007
39660,"Rapid City, SD",2,5,31740,"Manhattan, KS",2,5.394771407661663,12756.0,90.162,71.971,65469.0,72612.63059825647,63830.00767799487,49682.14050557191,0.2657730092269942,0.35802469135802467
39660,"Rapid City, SD",2,6,24500,"Great Falls, MT",2,5.703989492397845,11268.0,96.845,97.115,67690.0,69895.19335019877,58202.4368836801,46567.34988899788,0.23183230705586225,0.46534653465346537
39660,"Rapid City, SD",2,7,43340,"Shreveport-Bossier City, LA",2,5.840371202484993,12168.0,84.766,52.286,55925.0,65975.74499209588,63475.7282131115,49120.916142234026,0.2779671839710722,0.3884057971014493
39660,"Rapid City, SD",2,8,24020,"Glens Falls, NY",2,6.015322264386292,12924.0,94.866,76.231,75836.0,79940.12607256552,65441.69467700668,51818.26794877949,0.24111018809398313,0.4357976653696498
39660,"Rapid City, SD",2,9,25060,"Gulfport-Biloxi, MS",2,6.0331247828787244,13164.0,90.006,67.906,62418.0,69348.71008599427,61678.51801553741,47052.82639497877,0.29109976332567916,0.383248730964467
39660,"Rapid City, SD",2,10,22520,"Florence-Muscle Shoals, AL",2,6.0664512708350955,10236.0,84.817,47.677,61891.0,72970.04138321328,60980.613091131,48912.27773383236,0.2468446353120323,0.4383561643835616
39740,"Reading, PA",4,1,49620,"York-Hanover, PA",4,2.6205984802207354,14316.0,96.0,79.762,84829.0,88363.54166666667,63750.44718013469,48837.94718013469,0.27805188096679934,0.2964824120603015
39740,"Reading, PA",4,2,10900,"Allentown-Bethlehem-Easton, PA-NJ",4,3.191895138560498,16380.0,99.968,105.52,84587.0,84614.07650448143,64048.92702919836,47663.683751349454,0.3001356390785087,0.25775193798449614
39740,"Reading, PA",4,3,24660,"Greensboro-High Point, NC",4,3.476162817535775,13116.0,92.865,74.519,65565.0,70602.48748182846,64513.973821422944,50390.245829176136,0.2594799531728843,0.278
39740,"Reading, PA",4,4,25180,"Hagerstown-Martinsburg, MD-WV",4,3.5535710703994177,13908.0,94.171,75.737,78802.0,83679.6890762549,63970.349531323714,49201.47163897894,0.2702539647279858,0.2708333333333333
39740,"Reading, PA",4,5,42540,"Scranton--Wilkes-Barre, PA",4,3.590566180160529,12036.0,93.556,66.987,65158.0,69645.98742998845,63404.724193869064,50539.702174971295,0.23999877383652904,0.2325056433408578
39740,"Reading, PA",4,6,31140,"Louisville/Jefferson County, KY-IN",4,3.6228670037284156,13392.0,93.074,78.558,73863.0,79359.43442851923,65402.935966981255,51014.384921576515,0.2548875194337051,0.21847246891651864
39740,"Reading, PA",4,7,29540,"Lancaster, PA",3,3.71438448923384,16284.0,98.257,93.815,86959.0,88501.58258444691,61217.05816689836,44644.1931292929,0.3136956554666581,0.31685393258426964
39740,"Reading, PA",4,8,40420,"Rockford, IL",4,3.71538760862015,12276.0,92.154,70.076,68033.0,73825.33585085835,66247.96407049483,52926.78430618726,0.23770536809852624,0.29080118694362017
39740,"Reading, PA",4,9,23060,"Fort Wayne, IN",4,3.7311897049430276,12036.0,92.572,72.277,71213.0,76927.14859784815,63424.868905130206,50423.097311127705,0.23763223462009603,0.3185840707964602
39740,"Reading, PA",4,10,10420,"Akron, OH",4,3.8954360490892173,12396.0,93.37,76.785,72371.0,77509.9068223198,65443.69046198477,52167.47754563048,0.23829894393732945,0.2775423728813559
39820,"Redding, CA",5,1,17020,"Chico, CA",5,3.3457568740216233,16968.0,101.197,91.946,67928.0,67124.51950156625,65453.20301229185,48685.907539105894,0.3055986042244876,0.37666666666666665
39820,"Redding, CA",5,2,49700,"Yuba City, CA",5,4.098454757219969,16632.0,104.233,108.279,78179.0,75004.07740350945,64324.98984646577,48368.430983149934,0.2964625706140576,0.3672566371681416
39820,"Redding, CA",5,3,13380,"Bellingham, WA",5,4.909084786275176,18660.0,103.334,112.946,81784.0,79145.29583680104,68420.25426497441,50362.3062517358,0.3076581318562428,0.35135135135135137
39820,"Redding, CA",5,4,44060,"Spokane-Spokane Valley, WA",5,5.1254323972210445,15168.0,100.346,97.059,77488.0,77220.81597672055,68263.22469141947,53147.52501230919,0.2529602704334384,0.30165289256198347
39820,"Redding, CA",5,5,33700,"Modesto, CA",5,5.149044495642343,19476.0,104.108,108.476,81468.0,78253.35228800861,67774.94121726394,49067.44515548194,0.3266800405031649,0.3374384236453202
39820,"Redding, CA",5,6,21660,"Eugene-Springfield, OR",5,5.228495748274959,16260.0,101.568,98.35,71544.0,70439.50850661626,64475.11932439578,48466.14011834663,0.2889320409761229,0.3464203233256351
39820,"Redding, CA",5,7,32780,"Medford, OR",5,5.249925914302675,16296.0,101.433,97.658,73999.0,72953.57526643202,62144.5270666695,46078.74965695077,0.29616088827104076,0.35174418604651164
39820,"Redding, CA",5,8,34580,"Mount Vernon-Anacortes, WA",5,5.273849183988842,18432.0,102.443,108.165,89263.0,87134.30883515712,70483.64866543798,52491.204086501406,0.2974167363049318,0.4555984555984556
39820,"Redding, CA",5,9,12620,"Bangor, ME",2,5.372831689274863,12492.0,96.508,77.688,66356.0,68756.99423881958,63285.9248892909,50341.9202471887,0.23516302037792222,0.4
39820,"Redding, CA",5,10,26820,"Idaho Falls, ID",4,5.469127559391715,13524.0,94.412,83.985,80291.0,85043.21484557047,64894.98335528667,50570.53307354283,0.2703297036209735,0.35315985130111527
39900,"Reno, NV",3,1,14260,"Boise City, ID",3,3.5792479559781865,17844.0,98.391,105.58,85987.0,87393.15587807828,62582.30278719957,44446.497683074194,0.33615988563011345,0.2851153039832285
39900,"Reno, NV",3,2,29540,"Lancaster, PA",3,4.422313968290131,16284.0,98.257,93.815,86959.0,88501.58258444691,61217.05816689836,44644.1931292929,0.3136956554666581,0.31685393258426964
39900,"Reno, NV",3,3,16700,"Charleston-North Charleston, SC",3,4.6716207301603445,19260.0,100.962,119.77,85254.0,84441.67112378916,63358.45642415075,44281.97220236433,0.363787039055273,0.2874015748031496
39900,"Reno, NV",3,4,38860,"Portland-South Portland, ME",1,5.061014348369296,17820.0,101.858,105.164,92175.0,90493.62838461387,65501.915349666735,48006.971408101024,0.3058479428735404,0.3081761006289308
39900,"Reno, NV",3,5,36260,"Ogden, UT",3,5.138036172590766,18000.0,100.349,117.903,101203.0,100851.02990562936,60199.226363012785,42261.82788370556,0.3500046634875995,0.3028953229398664
39900,"Reno, NV",3,6,27260,"Jacksonville, FL",3,5.173791804376821,18156.0,99.484,109.777,79643.0,80056.08942141451,61809.61575844957,43559.44487669975,0.3471988980962408,0.21837088388214904
39900,"Reno, NV",3,7,34980,"Nashville-Davidson--Murfreesboro--Franklin, TN",1,5.262305136442843,18336.0,96.338,104.626,85447.0,88695.0113143308,65971.2658122988,46938.27779095728,0.3405239575125513,0.24666666666666667
39900,"Reno, NV",3,8,47260,"Virginia Beach-Chesapeake-Norfolk, VA-NC",1,5.333040666413467,17736.0,97.941,99.805,82330.0,84060.8121215834,65890.17057801326,47781.30912060523,0.3266761783574887,0.2770034843205575
39900,"Reno, NV",3,9,42340,"Savannah, GA",3,5.4262817978258555,17448.0,95.206,86.012,77180.0,81066.31934962083,62240.72121680006,43914.14516066914,0.3525628748734045,0.26153846153846155
39900,"Reno, NV",3,10,24540,"Greeley, CO",3,5.4761878765135,18468.0,100.176,112.599,97097.0,96926.40951924612,65735.34625302242,47299.79282705214,0.32497510165126253,0.3687315634218289
40060,"Richmond, VA",1,1,47260,"Virginia Beach-Chesapeake-Norfolk, VA-NC",1,3.0741556616339327,17736.0,97.941,99.805,82330.0,84060.8121215834,65890.17057801326,47781.30912060523,0.3266761783574887,0.2770034843205575
40060,"Richmond, VA",1,2,39300,"Providence-Warwick, RI-MA",4,3.7769945141454286,15684.0,101.773,103.851,87040.0,85523.66541224097,68567.68550832792,53156.918408999016,0.26550380543656876,0.30124777183600715
40060,"Richmond, VA",1,3,18140,"Columbus, OH",4,3.8752837693855535,15288.0,95.469,87.945,81945.0,85834.14511516828,68597.49537246945,52583.92028526837,0.27429271692332724,0.178752107925801
40060,"Richmond, VA",1,4,39580,"Raleigh-Cary, NC",1,3.8986843645522526,18876.0,98.157,103.476,100103.0,101982.5381786322,66179.1612271303,46948.74464960654,0.34717101034965425,0.2859778597785978
40060,"Richmond, VA",1,5,16740,"Charlotte-Concord-Gastonia, NC-SC",1,3.97014482609165,17676.0,97.348,97.635,83304.0,85573.40674692855,65335.56193294378,47178.02402769663,0.32930309038430056,0.20500782472613457
40060,"Richmond, VA",1,6,26900,"Indianapolis-Carmel-Greenwood, IN",4,4.151450539330835,14292.0,95.696,88.917,79852.0,83443.40411302458,67102.48315808205,52167.689645291546,0.26071779381385785,0.23014586709886548
40060,"Richmond, VA",1,7,28140,"Kansas City, MO-KS",4,4.286123837542511,14988.0,92.543,86.642,83460.0,90185.10314124243,69750.30951537898,53554.59509073314,0.2741518431576365,0.18357487922705315
40060,"Richmond, VA",1,8,12580,"Baltimore-Columbia-Towson, MD",1,4.34028499955123,19332.0,104.487,118.194,99470.0,95198.4457396614,67308.79132704846,48806.96813373255,0.32844073814588853,0.30670926517571884
40060,"Richmond, VA",1,9,34980,"Nashville-Davidson--Murfreesboro--Franklin, TN",1,4.431904597197557,18336.0,96.338,104.626,85447.0,88695.0113143308,65971.2658122988,46938.27779095728,0.3405239575125513,0.24666666666666667
40060,"Richmond, VA",1,10,17820,"Colorado Springs, CO",1,4.457245120226868,20388.0,100.707,116.207,90144.0,89511.15612618787,66961.94500625262,46717.076228511236,0.3564059462598079,0.34475374732334046
40140,"Riverside-San Bernardino-Ontario, CA",1,1,44700,"Stockton-Lodi, CA",5,5.013887858034143,20808.0,105.089,115.614,92179.0,87715.17475663485,65088.516621983945,45288.156926868374,0.35533272668518,0.2505694760820046
40140,"Riverside-San Bernardino-Ontario, CA",1,2,33700,"Modesto, CA",5,6.200727974924185,19476.0,104.108,108.476,81468.0,78253.35228800861,67774.94121726394,49067.44515548194,0.3266800405031649,0.3374384236453202
40140,"Riverside-San Bernardino-Ontario, CA",1,3,38060,"Phoenix-Mesa-Chandler, AZ",1,6.218146907302507,20424.0,103.316,121.236,88301.0,85466.91703124394,63795.93762867011,44027.46033570484,0.36109507456401635,0.23355263157894737
40140,"Riverside-San Bernardino-Ontario, CA",1,4,40900,"Sacramento-Roseville-Folsom, CA",1,6.274387663404629,21828.0,106.67,130.23,97188.0,91110.90278428799,72284.30998105383,51821.19945325783,0.34014191851906084,0.25232198142414863
40140,"Riverside-San Bernardino-Ontario, CA",1,5,10900,"Allentown-Bethlehem-Easton, PA-NJ",4,6.369583608880746,16380.0,99.968,105.52,84587.0,84614.07650448143,64048.92702919836,47663.683751349454,0.3001356390785087,0.25775193798449614
40140,"Riverside-San Bernardino-Ontario, CA",1,6,19100,"Dallas-Fort Worth-Arlington, TX",1,6.494867507312944,19368.0,103.09,117.874,90275.0,87569.11436608787,64319.4799120766,45532.012650460536,0.35664425864692695,0.19602272727272727
40140,"Riverside-San Bernardino-Ontario, CA",1,7,46700,"Vallejo, CA",1,6.5423028396971405,25956.0,108.479,142.042,100401.0,92553.397431761,71271.670737124,47344.459018726884,0.402143202664394,0.2884097035040431
40140,"Riverside-San Bernardino-Ontario, CA",1,8,26420,"Houston-Pasadena-The Woodlands, TX",1,6.579818618567015,17160.0,98.629,104.51,82168.0,83310.18260349389,65673.29157864783,48274.75767888204,0.3248826294257687,0.21343283582089553
40140,"Riverside-San Bernardino-Ontario, CA",1,9,37980,"Philadelphia-Camden-Wilmington, PA-NJ-DE-MD",1,6.714295780011468,17760.0,102.554,113.141,91289.0,89015.54303098854,66967.56327977296,49649.85748575226,0.30524714301644423,0.20220082530949107
40140,"Riverside-San Bernardino-Ontario, CA",1,10,16980,"Chicago-Naperville-Elgin, IL-IN",1,6.732994402407616,17160.0,103.595,112.01,90887.0,87732.99869684831,67456.4865428279,50891.98053385063,0.28962815200218683,0.19247467438494936
40220,"Roanoke, VA",4,1,49180,"Winston-Salem, NC",4,2.634030501670233,12192.0,92.043,71.377,65975.0,71678.45463533347,63979.902085542344,50733.91922970323,0.24631398755916462,0.2692307692307692
40220,"Roanoke, VA",4,2,21780,"Evansville, IN",4,3.0546883418832693,11832.0,91.528,66.735,68232.0,74547.67939865396,64327.87401552051,51400.68233647148,0.2355851644071024,0.3278236914600551
40220,"Roanoke, VA",4,3,43780,"South Bend-Mishawaka, IN-MI",4,3.125554775251233,12552.0,92.858,74.586,67217.0,72386.8702750436,64529.314989695355,51011.901304283216,0.24506448426998492,0.3015463917525773
40220,"Roanoke, VA",4,4,27140,"Jackson, MS",4,3.141218091714079,12864.0,89.048,64.768,61644.0,69225.58620070074,61146.49303705735,46700.35163017566,0.2819898425244015,0.29082774049217003
40220,"Roanoke, VA",4,5,23060,"Fort Wayne, IN",4,3.3138729216247613,12036.0,92.572,72.277,71213.0,76927.14859784815,63424.868905130206,50423.097311127705,0.23763223462009603,0.3185840707964602
40220,"Roanoke, VA",4,6,12260,"Augusta-Richmond County, GA-SC",4,3.383634014665802,13440.0,91.903,70.603,69344.0,75453.46724263625,65140.91119212998,50516.79663656596,0.2768530164375221,0.271264367816092
40220,"Roanoke, VA",4,7,13820,"Birmingham, AL",4,3.4853968762542076,14064.0,91.644,71.851,71498.0,78017.10968530399,65723.20893893762,50376.868753000745,0.2824240211735994,0.31392931392931395
40220,"Roanoke, VA",4,8,31340,"Lynchburg, VA",4,3.5197650881869005,11892.0,89.363,63.912,68996.0,77208.6881595291,66726.68393557685,53419.16292576295,0.23931646222428965,0.3181818181818182
40220,"Roanoke, VA",4,9,30460,"Lexington-Fayette, KY",4,3.5479338282420088,13656.0,92.889,77.093,71966.0,77475.26617791127,65679.17980959354,50977.761988322985,0.2637648845559352,0.2595078299776286
40220,"Roanoke, VA",4,10,24860,"Greenville-Anderson-Greer, SC",4,3.576204101137526,13800.0,93.26,76.836,71240.0,76388.59103581385,64467.9390950032,49670.598327257125,0.27513359975790086,0.2655038759689923
40340,"Rochester, MN",4,1,41060,"St. Cloud, MN",4,6.216167686858335,12504.0,87.632,65.057,76497.0,87293.45444586451,74021.877683782,59753.11741356108,0.2236348658352055,0.3261538461538461
40340,"Rochester, MN",4,2,17860,"Columbia, MO",4,6.3682520245953205,12840.0,89.438,69.248,72340.0,80882.84621749145,66558.14857563554,52201.83470457402,0.25362735798030933,0.309375
40340,"Rochester, MN",4,3,20260,"Duluth, MN-WI",4,6.508412939944025,11880.0,88.768,71.147,71769.0,80850.08111031001,71442.29151646238,58059.090362893534,0.21684599659232784,0.3562005277044855
40340,"Rochester, MN",4,4,13900,"Bismarck, ND",4,6.6008022718766,12252.0,91.024,84.013,85156.0,93553.3485674108,70374.38485583403,56914.198531348185,0.22044076465903792,0.4201388888888889
40340,"Rochester, MN",4,5,22020,"Fargo, ND-MN",4,6.650296220561548,11604.0,90.871,81.142,76756.0,84466.99166950952,70028.45303293191,57258.702507461734,0.2124077502340074,0.3530864197530864
40340,"Rochester, MN",4,6,26980,"Iowa City, IA",4,6.756183827124457,13164.0,91.509,83.99,75088.0,82055.31696335878,67430.9239948099,53045.45371319825,0.24931097387042098,0.3543046357615894
40340,"Rochester, MN",4,7,44100,"Springfield, IL",4,6.85355808940477,11748.0,92.745,71.616,75895.0,81831.90468488866,66825.75246857957,54158.76233434053,0.22267191134467204,0.30914826498422715
40340,"Rochester, MN",4,8,36540,"Omaha, NE-IA",4,6.90851435013058,14304.0,91.911,86.404,84829.0,92294.71989206951,69538.21019913851,53975.32871596457,0.26226383373999673,0.28884826325411334
40340,"Rochester, MN",4,9,31860,"Mankato, MN",4,7.125769199354065,12828.0,90.955,79.884,75808.0,83346.7099114947,71152.64168644015,57048.96404364976,0.23238643102177742,0.32051282051282054
40340,"Rochester, MN",4,10,45060,"Syracuse, NY",4,7.1316288275659545,12924.0,95.742,80.656,75492.0,78849.40778341793,70582.2444795936,57083.466513810556,0.22411724162820085,0.30980392156862746
40380,"Rochester, NY",4,1,45060,"Syracuse, NY",4,2.404173797636789,12924.0,95.742,80.656,75492.0,78849.40778341793,70582.2444795936,57083.466513810556,0.22411724162820085,0.30980392156862746
40380,"Rochester, NY",4,2,15380,"Buffalo-Cheektowaga, NY",4,2.502909454238777,12684.0,95.844,80.989,72237.0,75369.35019406537,71795.89607982081,58561.89082127568,0.2184560153424531,0.28027681660899656
40380,"Rochester, NY",4,3,38300,"Pittsburgh, PA",4,3.37603964827384,12636.0,94.671,71.986,75762.0,80026.6184998574,66463.37941855424,53116.103061486065,0.23725910596419883,0.24960753532182103
40380,"Rochester, NY",4,4,44060,"Spokane-Spokane Valley, WA",5,3.482727582442529,15168.0,100.346,97.059,77488.0,77220.81597672055,68263.22469141947,53147.52501230919,0.2529602704334384,0.30165289256198347
40380,"Rochester, NY",4,5,39300,"Providence-Warwick, RI-MA",4,3.5721762590665915,15684.0,101.773,103.851,87040.0,85523.66541224097,68567.68550832792,53156.918408999016,0.26550380543656876,0.30124777183600715
40380,"Rochester, NY",4,6,33340,"Milwaukee-Waukesha, WI",4,3.796666611290024,13668.0,96.937,97.111,78218.0,80689.51999752417,68438.57298461662,54338.69368156412,0.2432016245299029,0.24273504273504273
40380,"Rochester, NY",4,7,10580,"Albany-Schenectady-Troy, NY",4,3.8677433195190005,15360.0,99.566,102.582,88074.0,88457.90731775906,70461.07192936643,55034.118953450954,0.25776651404899287,0.35304347826086957
40380,"Rochester, NY",4,8,17410,"Cleveland, OH",4,4.0278873512366635,12600.0,93.923,79.434,70678.0,75251.00348157533,67255.02311467905,53839.77871234947,0.23579692944191716,0.25938009787928223
40380,"Rochester, NY",4,9,30460,"Lexington-Fayette, KY",4,4.172783279860002,13656.0,92.889,77.093,71966.0,77475.26617791127,65679.17980959354,50977.761988322985,0.2637648845559352,0.2595078299776286
40380,"Rochester, NY",4,10,19430,"Dayton-Kettering-Beavercreek, OH",4,4.316379054133186,12468.0,92.694,72.712,71739.0,77393.3587934494,69465.98837606114,56015.2795923211,0.2309123392681901,0.2871900826446281
40420,"Rockford, IL",4,1,23060,"Fort Wayne, IN",4,2.880932872809368,12036.0,92.572,72.277,71213.0,76927.14859784815,63424.868905130206,50423.097311127705,0.23763223462009603,0.3185840707964602
40420,"Rockford, IL",4,2,45780,"Toledo, OH",4,2.9939815024073595,11268.0,91.455,67.317,65486.0,71604.61429118145,66680.42277093793,54359.609256094576,0.21694709413389476,0.2801724137931034
40420,"Rockford, IL",4,3,15940,"Canton-Massillon, OH",4,3.032669545905626,10896.0,89.406,58.143,67801.0,75834.95514842404,63138.081042181606,50950.979505372,0.22437122305040677,0.3256997455470738
40420,"Rockford, IL",4,4,43900,"Spartanburg, SC",4,3.3829146686617997,12684.0,91.051,68.007,64382.0,70709.8219679081,65350.0431802967,51419.38893157896,0.25919614848189526,0.27011494252873564
40420,"Rockford, IL",4,5,43780,"South Bend-Mishawaka, IN-MI",4,3.3936447616665015,12552.0,92.858,74.586,67217.0,72386.8702750436,64529.314989695355,51011.901304283216,0.24506448426998492,0.3015463917525773
40420,"Rockford, IL",4,6,22420,"Flint, MI",4,3.414455176426435,11868.0,93.034,74.039,62281.0,66944.34292839176,65006.57327924778,52249.94666962119,0.23458804632094313,0.32621951219512196
40420,"Rockford, IL",4,7,27500,"Janesville-Beloit, WI",4,3.4484399734685973,12444.0,93.703,79.552,75673.0,80758.35352123197,66473.54932463648,53193.29148870807,0.24034669263041522,0.32567049808429116
40420,"Rockford, IL",4,8,21780,"Evansville, IN",4,3.481473639041192,11832.0,91.528,66.735,68232.0,74547.67939865396,64327.87401552051,51400.68233647148,0.2355851644071024,0.3278236914600551
40420,"Rockford, IL",4,9,10420,"Akron, OH",4,3.4876810543835477,12396.0,93.37,76.785,72371.0,77509.9068223198,65443.69046198477,52167.47754563048,0.23829894393732945,0.2775423728813559
40420,"Rockford, IL",4,10,30620,"Lima, OH",2,3.5321284017938996,11064.0,89.669,57.275,64038.0,71415.9854576275,64678.78328276013,52340.07090724574,0.22672824193499586,0.34545454545454546
40580,"Rocky Mount, NC",2,1,48700,"Williamsport, PA",2,3.266081040350552,10956.0,92.35,64.392,63917.0,69211.69463995668,61918.573443537956,50055.0109096993,0.22641284961979163,0.358974358974359
40580,"Rocky Mount, NC",2,2,27100,"Jackson, MI",4,3.3485919408971565,11820.0,91.779,67.092,66073.0,71991.41415792283,65764.28923560276,52885.526119857335,0.23273049433515275,0.34497816593886466
40580,"Rocky Mount, NC",2,3,14540,"Bowling Green, KY",2,3.354083647305435,11700.0,90.179,63.395,63328.0,70224.77516938532,60885.41767580124,47911.2219096029,0.2515916322732563,0.32967032967032966
40580,"Rocky Mount, NC",2,4,30620,"Lima, OH",2,3.478889467390314,11064.0,89.669,57.275,64038.0,71415.9854576275,64678.78328276013,52340.07090724574,0.22672824193499586,0.34545454545454546
40580,"Rocky Mount, NC",2,5,45460,"Terre Haute, IN",2,3.508398458890523,10704.0,87.797,51.923,56594.0,64460.0612777202,64655.30505805231,52463.544519537325,0.22269635004934,0.3898916967509025
40580,"Rocky Mount, NC",2,6,31900,"Mansfield, OH",2,3.519160507366909,9888.0,88.872,54.919,59509.0,66960.34746601855,62618.687943722405,51492.57398206969,0.20843290776580617,0.39565217391304347
40580,"Rocky Mount, NC",2,7,31340,"Lynchburg, VA",4,3.6374375220511865,11892.0,89.363,63.912,68996.0,77208.6881595291,66726.68393557685,53419.16292576295,0.23931646222428965,0.3181818181818182
40580,"Rocky Mount, NC",2,8,15940,"Canton-Massillon, OH",4,3.6598962838311997,10896.0,89.406,58.143,67801.0,75834.95514842404,63138.081042181606,50950.979505372,0.22437122305040677,0.3256997455470738
40580,"Rocky Mount, NC",2,9,36980,"Owensboro, KY",2,3.6911106690031197,10884.0,88.61,55.698,68002.0,76743.03126058007,61968.56622802557,49685.52819620073,0.23782500534711193,0.36633663366336633
40580,"Rocky Mount, NC",2,10,11020,"Altoona, PA",2,3.7207085728463714,10620.0,89.507,54.978,62382.0,69695.1076452121,62179.822938593694,50314.82913922604,0.22773399270949926,0.35684647302904565
40660,"Rome, GA",2,1,28100,"Kankakee, IL",2,3.236709253742558,13164.0,96.394,92.856,71281.0,73947.54860261011,60163.56405384767,46507.11240747964,0.2634911810758649,0.34782608695652173
40660,"Rome, GA",2,2,30620,"Lima, OH",2,3.8385254224626455,11064.0,89.669,57.275,64038.0,71415.9854576275,64678.78328276013,52340.07090724574,0.22672824193499586,0.34545454545454546
40660,"Rome, GA",2,3,36980,"Owensboro, KY",2,3.8945128429327687,10884.0,88.61,55.698,68002.0,76743.03126058007,61968.56622802557,49685.52819620073,0.23782500534711193,0.36633663366336633
40660,"Rome, GA",2,4,44220,"Springfield, OH",2,3.907491420432063,10464.0,90.482,61.726,63132.0,69772.99352357375,62536.56525648136,50971.834149741895,0.21651752780453368,0.34782608695652173
40660,"Rome, GA",2,5,30140,"Lebanon, PA",2,4.026009222963683,13320.0,93.214,66.039,78425.0,84134.35749994636,62203.51361122803,47913.814638970645,0.2692273627288504,0.35023041474654376
40660,"Rome, GA",2,6,27860,"Jonesboro, AR",2,4.097367506774682,11148.0,85.876,53.848,56738.0,66069.68186687781,60278.60351726368,47297.09529610759,0.25100764913006907,0.3983402489626556
40660,"Rome, GA",2,7,22500,"Florence, SC",2,4.167263105590964,11208.0,86.774,52.425,54443.0,62741.14366054348,62566.05390515404,49649.74256765663,0.24883360441537591,0.35125448028673834
40660,"Rome, GA",2,8,24140,"Goldsboro, NC",2,4.405326300644863,11580.0,88.462,57.684,59733.0,67523.9085709118,60073.05161161477,46982.68512657035,0.26023030310527223,0.27835051546391754
40660,"Rome, GA",2,9,44420,"Staunton-Stuarts Draft, VA",2,4.41411991907635,12816.0,91.128,68.232,73544.0,80704.0646124133,64357.79601245547,50294.061485197104,0.2596089907875784,0.3611111111111111
40660,"Rome, GA",2,10,15500,"Burlington, NC",2,4.43236606081985,12768.0,93.196,77.88,65651.0,70444.01047255247,60993.965130447534,47293.8063253486,0.271091232246963,0.2661290322580645
40900,"Sacramento-Roseville-Folsom, CA",1,1,38900,"Portland-Vancouver-Hillsboro, OR-WA",1,3.8674239648126805,20688.0,105.421,125.114,97436.0,92425.60780110223,69569.50044399414,49945.326892235,0.3268104331421303,0.3063063063063063
40900,"Sacramento-Roseville-Folsom, CA",1,2,12580,"Baltimore-Columbia-Towson, MD",1,4.24852706858337,19332.0,104.487,118.194,99470.0,95198.4457396614,67308.79132704846,48806.96813373255,0.32844073814588853,0.30670926517571884
40900,"Sacramento-Roseville-Folsom, CA",1,3,33460,"Minneapolis-St. Paul-Bloomington, MN-WI",1,4.729739974001675,17280.0,104.822,111.838,99833.0,95240.50294785445,69614.09635807802,53129.00735004536,0.2774938216482202,0.19969512195121952
40900,"Sacramento-Roseville-Folsom, CA",1,4,37980,"Philadelphia-Camden-Wilmington, PA-NJ-DE-MD",1,4.941141099963388,17760.0,102.554,113.141,91289.0,89015.54303098854,66967.56327977296,49649.85748575226,0.30524714301644423,0.20220082530949107
40900,"Sacramento-Roseville-Folsom, CA",1,5,19740,"Denver-Aurora-Centennial, CO",1,4.967122853855881,22488.0,105.782,146.919,105762.0,99981.09319165832,68715.38016701883,47456.564867629524,0.36132324131584176,0.2827140549273021
40900,"Sacramento-Roseville-Folsom, CA",1,6,40060,"Richmond, VA",1,5.376008891019032,17364.0,97.858,99.136,86679.0,88576.30444112897,68241.30691375065,50497.22875969068,0.3106618908925918,0.2777777777777778
40900,"Sacramento-Roseville-Folsom, CA",1,7,14460,"Boston-Cambridge-Newton, MA-NH",1,5.482265167670985,24276.0,108.266,148.424,115863.0,107016.97670552156,71208.52884058042,48785.97697757634,0.3742820096621183,0.2928679817905918
40900,"Sacramento-Roseville-Folsom, CA",1,8,16980,"Chicago-Naperville-Elgin, IL-IN",1,5.5209251696608845,17160.0,103.595,112.01,90887.0,87732.99869684831,67456.4865428279,50891.98053385063,0.28962815200218683,0.19247467438494936
40900,"Sacramento-Roseville-Folsom, CA",1,9,25540,"Hartford-West Hartford-East Hartford, CT",1,5.694958754538792,16992.0,102.746,110.234,95118.0,92575.86670040683,71257.96861612689,54720.09852872691,0.27788520830891394,0.2864864864864865
40900,"Sacramento-Roseville-Folsom, CA",1,10,42660,"Seattle-Tacoma-Bellevue, WA",1,5.762532652973614,24000.0,111.133,151.314,115177.0,103638.88314002143,73204.44272478322,51608.69708667393,0.346298961572771,0.2728613569321534
40980,"Saginaw, MI",4,1,27100,"Jackson, MI",4,3.6355444634065996,11820.0,91.779,67.092,66073.0,71991.41415792283,65764.28923560276,52885.526119857335,0.23273049433515275,0.34497816593886466
40980,"Saginaw, MI",4,2,31340,"Lynchburg, VA",4,3.6485123323505144,11892.0,89.363,63.912,68996.0,77208.6881595291,66726.68393557685,53419.16292576295,0.23931646222428965,0.3181818181818182
40980,"Saginaw, MI",4,3,21780,"Evansville, IN",4,3.7128710101883895,11832.0,91.528,66.735,68232.0,74547.67939865396,64327.87401552051,51400.68233647148,0.2355851644071024,0.3278236914600551
40980,"Saginaw, MI",4,4,20740,"Eau Claire, WI",4,3.9862441713632477,12396.0,92.796,72.85,74595.0,80386.00801758695,65810.39035741365,52452.05594644766,0.23801879735332193,0.31715210355987056
40980,"Saginaw, MI",4,5,28700,"Kingsport-Bristol, TN-VA",4,4.0708220966567366,10188.0,86.447,56.496,57792.0,66852.52235473758,65706.86528491796,53921.60957910977,0.21518060993346674,0.27586206896551724
40980,"Saginaw, MI",4,6,12980,"Battle Creek, MI",4,4.095090829145408,11616.0,90.541,61.045,63177.0,69777.22799615645,67014.15253067094,54184.605695535465,0.22634321888355152,0.36796536796536794
40980,"Saginaw, MI",4,7,43780,"South Bend-Mishawaka, IN-MI",4,4.145581644090537,12552.0,92.858,74.586,67217.0,72386.8702750436,64529.314989695355,51011.901304283216,0.24506448426998492,0.3015463917525773
40980,"Saginaw, MI",4,8,15940,"Canton-Massillon, OH",4,4.213405589630318,10896.0,89.406,58.143,67801.0,75834.95514842404,63138.081042181606,50950.979505372,0.22437122305040677,0.3256997455470738
40980,"Saginaw, MI",4,9,22500,"Florence, SC",2,4.341672258138649,11208.0,86.774,52.425,54443.0,62741.14366054348,62566.05390515404,49649.74256765663,0.24883360441537591,0.35125448028673834
40980,"Saginaw, MI",4,10,29100,"La Crosse-Onalaska, WI-MN",4,4.344128142607346,12324.0,91.769,69.386,73340.0,79918.05511665158,67956.63342042305,54527.26184614416,0.23195177286284113,0.3104575163398693
41060,"St. Cloud, MN",4,1,24220,"Grand Forks, ND-MN",4,3.516241615384325,11604.0,86.663,59.664,69836.0,80583.40929808568,73071.52429956778,59681.72703891446,0.21408348900295954,0.34156378600823045
41060,"St. Cloud, MN",4,2,22020,"Fargo, ND-MN",4,3.9368599371931485,11604.0,90.871,81.142,76756.0,84466.99166950952,70028.45303293191,57258.702507461734,0.2124077502340074,0.3530864197530864
41060,"St. Cloud, MN",4,3,31860,"Mankato, MN",4,4.155044823068704,12828.0,90.955,79.884,75808.0,83346.7099114947,71152.64168644015,57048.96404364976,0.23238643102177742,0.32051282051282054
41060,"St. Cloud, MN",4,4,16300,"Cedar Rapids, IA",4,4.268086784503633,11136.0,88.963,71.447,78080.0,87766.82441014805,67989.84945273602,55472.285971288664,0.21432513824084137,0.3076923076923077
41060,"St. Cloud, MN",4,5,20260,"Duluth, MN-WI",4,4.314298517320317,11880.0,88.768,71.147,71769.0,80850.08111031001,71442.29151646238,58059.090362893534,0.21684599659232784,0.3562005277044855
41060,"St. Cloud, MN",4,6,47940,"Waterloo-Cedar Falls, IA",4,4.375666194217527,11724.0,87.057,63.13,70811.0,81338.66317470162,68655.5861916745,55188.54735505022,0.23019771670532055,0.3227848101265823
41060,"St. Cloud, MN",4,7,29100,"La Crosse-Onalaska, WI-MN",4,4.83084338956327,12324.0,91.769,69.386,73340.0,79918.05511665158,67956.63342042305,54527.26184614416,0.23195177286284113,0.3104575163398693
41060,"St. Cloud, MN",4,8,19340,"Davenport-Moline-Rock Island, IA-IL",4,4.996703617599992,11292.0,89.079,68.346,72738.0,81655.60906610986,68382.6994289967,55706.31105463237,0.21823192377203676,0.26218097447795824
41060,"St. Cloud, MN",4,9,20740,"Eau Claire, WI",4,5.030911882063235,12396.0,92.796,72.85,74595.0,80386.00801758695,65810.39035741365,52452.05594644766,0.23801879735332193,0.31715210355987056
41060,"St. Cloud, MN",4,10,13900,"Bismarck, ND",4,5.031442128786487,12252.0,91.024,84.013,85156.0,93553.3485674108,70374.38485583403,56914.198531348185,0.22044076465903792,0.4201388888888889
41100,"St. George, UT",3,1,17660,"Coeur d'Alene, ID",3,4.056023910644748,17904.0,98.293,105.597,81861.0,83282.63457214653,60748.985176970884,42534.056341753734,0.3479514361497808,0.4024390243902439
41100,"St. George, UT",3,2,38940,"Port St. Lucie, FL",3,4.509381792869423,18960.0,100.228,113.642,74514.0,74344.49455242048,59021.63945325537,40104.76991580076,0.3778380640189969,0.31767955801104975
41100,"St. George, UT",3,3,15980,"Cape Coral-Fort Myers, FL",3,4.678714048964875,20544.0,102.349,125.113,76107.0,74360.27709112938,57817.72763294792,37745.2305885215,0.4072654557829898,0.3006993006993007
41100,"St. George, UT",3,4,39150,"Prescott Valley-Prescott, AZ",3,5.127413573028984,16212.0,98.255,98.781,69613.0,70849.3206452598,60312.06677738661,43812.1431093799,0.3176941760564194,0.3861003861003861
41100,"St. George, UT",3,5,37460,"Panama City-Panama City Beach, FL",3,5.261281165265812,17472.0,97.296,96.424,71514.0,73501.48001973359,58354.237566858705,40396.6647992218,0.36177488698844124,0.3771043771043771
41100,"St. George, UT",3,6,35840,"North Port-Bradenton-Sarasota, FL",3,5.364165170945682,20964.0,102.417,127.95,80859.0,78950.76012771318,58295.16398581491,37825.90595248059,0.4099315419670332,0.2753303964757709
41100,"St. George, UT",3,7,19660,"Deltona-Daytona Beach-Ormond Beach, FL",3,5.518592749425557,18000.0,99.367,108.375,71277.0,71731.05759457365,56280.31925881352,38165.65342407966,0.37412577856248325,0.3053435114503817
41100,"St. George, UT",3,8,42680,"Sebastian-Vero Beach-West Vero Corridor, FL",3,5.6598830696762565,16284.0,98.308,101.635,73491.0,74755.86930870326,58142.586116411716,41578.318711927845,0.3364726851604395,0.42616033755274263
41100,"St. George, UT",3,9,34940,"Naples-Marco Island, FL",3,6.008392335700489,22344.0,103.2,129.441,90045.0,87252.90697674418,62069.15544675643,40417.99265605875,0.41385420867850703,0.3157894736842105
41100,"St. George, UT",3,10,36100,"Ocala, FL",3,6.075247312302003,15324.0,95.234,86.23,61010.0,64063.25471995296,56391.25544287655,40300.3635345245,0.3291928952142377,0.33225806451612905
41140,"St. Joseph, MO-KS",2,1,27900,"Joplin, MO-KS",2,2.703178107237759,11136.0,85.718,53.976,61901.0,72214.70402949204,65535.97466175526,52544.537624026896,0.23239779092365825,0.31690140845070425
41140,"St. Joseph, MO-KS",2,2,24260,"Grand Island, NE",2,3.4603915438038912,11148.0,86.657,61.748,69704.0,80436.66408945614,67028.90487235664,54164.39306142389,0.2245023188835738,0.3526315789473684
41140,"St. Joseph, MO-KS",2,3,27180,"Jackson, TN",2,3.6103205932691904,11964.0,85.522,56.567,61177.0,71533.64046678047,64366.84420383058,50377.461354972984,0.2560485348037776,0.3711340206185567
41140,"St. Joseph, MO-KS",2,4,28700,"Kingsport-Bristol, TN-VA",4,3.830916812058115,10188.0,86.447,56.496,57792.0,66852.52235473758,65706.86528491796,53921.60957910977,0.21518060993346674,0.27586206896551724
41140,"St. Joseph, MO-KS",2,5,30620,"Lima, OH",2,3.934504362061354,11064.0,89.669,57.275,64038.0,71415.9854576275,64678.78328276013,52340.07090724574,0.22672824193499586,0.34545454545454546
41140,"St. Joseph, MO-KS",2,6,48700,"Williamsport, PA",2,4.053377221530191,10956.0,92.35,64.392,63917.0,69211.69463995668,61918.573443537956,50055.0109096993,0.22641284961979163,0.358974358974359
41140,"St. Joseph, MO-KS",2,7,40580,"Rocky Mount, NC",2,4.076405163733307,11040.0,88.012,56.103,59636.0,67758.94196245966,63586.16470998596,51042.42067508163,0.23718808245067868,0.37398373983739835
41140,"St. Joseph, MO-KS",2,8,43580,"Sioux City, IA-NE-SD",4,4.096351364993272,12024.0,86.454,57.849,75192.0,86973.41939065862,68073.12295123762,54165.14876843521,0.24084804678289062,0.2916666666666667
41140,"St. Joseph, MO-KS",2,9,36980,"Owensboro, KY",2,4.197308110671768,10884.0,88.61,55.698,68002.0,76743.03126058007,61968.56622802557,49685.52819620073,0.23782500534711193,0.36633663366336633
41140,"St. Joseph, MO-KS",2,10,20220,"Dubuque, IA",4,4.254157971266636,11508.0,87.328,64.046,77630.0,88894.74166361304,68162.83658790293,54984.93259376588,0.22657559632048996,0.34
41180,"St. Louis, MO-IL",4,1,38300,"Pittsburgh, PA",4,2.083510652483005,12636.0,94.671,71.986,75762.0,80026.6184998574,66463.37941855424,53116.103061486065,0.23725910596419883,0.24960753532182103
41180,"St. Louis, MO-IL",4,2,17140,"Cincinnati, OH-KY-IN",4,2.8785934233718207,13260.0,95.37,87.608,81120.0,85058.19440075495,67151.80475042066,53248.06143491264,0.24356120073391233,0.215311004784689
41180,"St. Louis, MO-IL",4,3,17410,"Cleveland, OH",4,3.18190333667624,12600.0,93.923,79.434,70678.0,75251.00348157533,67255.02311467905,53839.77871234947,0.23579692944191716,0.25938009787928223
41180,"St. Louis, MO-IL",4,4,18140,"Columbus, OH",4,3.196124287660629,15288.0,95.469,87.945,81945.0,85834.14511516828,68597.49537246945,52583.92028526837,0.27429271692332724,0.178752107925801
41180,"St. Louis, MO-IL",4,5,26900,"Indianapolis-Carmel-Greenwood, IN",4,3.355620994383794,14292.0,95.696,88.917,79852.0,83443.40411302458,67102.48315808205,52167.689645291546,0.26071779381385785,0.23014586709886548
41180,"St. Louis, MO-IL",4,6,33340,"Milwaukee-Waukesha, WI",4,3.513205345329839,13668.0,96.937,97.111,78218.0,80689.51999752417,68438.57298461662,54338.69368156412,0.2432016245299029,0.24273504273504273
41180,"St. Louis, MO-IL",4,7,28140,"Kansas City, MO-KS",4,3.591091095288577,14988.0,92.543,86.642,83460.0,90185.10314124243,69750.30951537898,53554.59509073314,0.2741518431576365,0.18357487922705315
41180,"St. Louis, MO-IL",4,8,31140,"Louisville/Jefferson County, KY-IN",4,4.037610712444897,13392.0,93.074,78.558,73863.0,79359.43442851923,65402.935966981255,51014.384921576515,0.2548875194337051,0.21847246891651864
41180,"St. Louis, MO-IL",4,9,10420,"Akron, OH",4,4.1028537231453095,12396.0,93.37,76.785,72371.0,77509.9068223198,65443.69046198477,52167.47754563048,0.23829894393732945,0.2775423728813559
41180,"St. Louis, MO-IL",4,10,36540,"Omaha, NE-IA",4,4.18533487460399,14304.0,91.911,86.404,84829.0,92294.71989206951,69538.21019913851,53975.32871596457,0.26226383373999673,0.28884826325411334
41420,"Salem, OR",5,1,21660,"Eugene-Springfield, OR",5,3.564748776740329,16260.0,101.568,98.35,71544.0,70439.50850661626,64475.11932439578,48466.14011834663,0.2889320409761229,0.3464203233256351
41420,"Salem, OR",5,2,32780,"Medford, OR",5,4.508394929586193,16296.0,101.433,97.658,73999.0,72953.57526643202,62144.5270666695,46078.74965695077,0.29616088827104076,0.35174418604651164
41420,"Salem, OR",5,3,44060,"Spokane-Spokane Valley, WA",5,4.62064589862851,15168.0,100.346,97.059,77488.0,77220.81597672055,68263.22469141947,53147.52501230919,0.2529602704334384,0.30165289256198347
41420,"Salem, OR",5,4,13380,"Bellingham, WA",5,4.690207501615339,18660.0,103.334,112.946,81784.0,79145.29583680104,68420.25426497441,50362.3062517358,0.3076581318562428,0.35135135135135137
41420,"Salem, OR",5,5,40060,"Richmond, VA",1,5.0974710649720425,17364.0,97.858,99.136,86679.0,88576.30444112897,68241.30691375065,50497.22875969068,0.3106618908925918,0.2777777777777778
41420,"Salem, OR",5,6,39300,"Providence-Warwick, RI-MA",4,5.182636263687699,15684.0,101.773,103.851,87040.0,85523.66541224097,68567.68550832792,53156.918408999016,0.26550380543656876,0.30124777183600715
41420,"Salem, OR",5,7,38860,"Portland-South Portland, ME",1,5.187766389623106,17820.0,101.858,105.164,92175.0,90493.62838461387,65501.915349666735,48006.971408101024,0.3058479428735404,0.3081761006289308
41420,"Salem, OR",5,8,33700,"Modesto, CA",5,5.23657171935538,19476.0,104.108,108.476,81468.0,78253.35228800861,67774.94121726394,49067.44515548194,0.3266800405031649,0.3374384236453202
41420,"Salem, OR",5,9,13460,"Bend, OR",3,5.357511302663844,20364.0,103.607,109.958,89788.0,86662.09812078334,63998.86696921613,44343.824356265264,0.35544100910429943,0.3914209115281501
41420,"Salem, OR",5,10,25420,"Harrisburg-Carlisle, PA",4,5.410123071869861,14544.0,98.65,96.28,80919.0,82026.35580334516,63772.066346825595,49029.035429440904,0.2705695567354116,0.21914893617021278
41500,"Salinas, CA",5,1,47300,"Visalia, CA",5,8.05931190760337,15360.0,99.825,84.053,71300.0,71424.99373904332,65254.618116915866,49867.69099445155,0.2797930015027988,0.24362606232294617
41500,"Salinas, CA",5,2,42200,"Santa Maria-Santa Barbara, CA",1,8.217811969996925,25572.0,108.798,151.394,98161.0,90223.16586701962,69837.9916743122,46333.88314290537,0.4088051883871889,0.33710407239819007
41500,"Salinas, CA",5,3,34900,"Napa, CA",1,9.137748513650473,26844.0,112.554,197.44,111471.0,99037.79519164134,66316.91421241495,42467.02882406801,0.4264370894730248,0.30970149253731344
41500,"Salinas, CA",5,4,12540,"Bakersfield-Delano, CA",5,9.549407338323705,15600.0,100.886,90.291,70210.0,69593.40245425531,69138.47716015762,53675.47932101245,0.26548481745322783,0.2683982683982684
41500,"Salinas, CA",5,5,25260,"Hanford-Corcoran, CA",5,10.013534998835969,15972.0,101.612,93.497,70995.0,69868.71629335119,65091.98701065804,49373.371099151525,0.2896323690287874,0.3036649214659686
41500,"Salinas, CA",5,6,42020,"San Luis Obispo-Paso Robles, CA",1,10.176161217431485,23904.0,108.596,144.362,97446.0,89732.58683561088,65492.69870617381,43480.838232491544,0.399979463955744,0.3521505376344086
41500,"Salinas, CA",5,7,23420,"Fresno, CA",5,10.213810683176225,16704.0,102.158,95.725,74468.0,72894.92746529885,66492.0975055277,50140.955157400276,0.2932519632166356,0.2350674373795761
41500,"Salinas, CA",5,8,32900,"Merced, CA",5,10.868017669235831,16116.0,98.275,78.63,65510.0,66659.88298142965,66030.75334158426,49631.87264964838,0.29416172248390293,0.3159851301115242
41500,"Salinas, CA",5,9,33700,"Modesto, CA",5,11.026495181412516,19476.0,104.108,108.476,81468.0,78253.35228800861,67774.94121726394,49067.44515548194,0.3266800405031649,0.3374384236453202
41500,"Salinas, CA",5,10,42220,"Santa Rosa-Petaluma, CA",1,11.182387634593939,25896.0,107.784,139.569,104674.0,97114.59956950937,69520.56219415164,45494.73275750057,0.4065091968434686,0.330188679245283
41540,"Salisbury, MD",2,1,10180,"Abilene, TX",2,3.7633423696897284,13692.0,90.364,73.791,67328.0,74507.54725333097,61015.10519141739,45863.05348941217,0.29480265501265174,0.3494809688581315
41540,"Salisbury, MD",2,2,12620,"Bangor, ME",2,4.469759425597699,12492.0,96.508,77.688,66356.0,68756.99423881958,63285.9248892909,50341.9202471887,0.23516302037792222,0.4
41540,"Salisbury, MD",2,3,45900,"Traverse City, MI",2,4.583535790550793,14700.0,93.372,78.146,80889.0,86630.8957717517,63845.01731270337,48101.539610608525,0.28270572947977574,0.3971119133574007
41540,"Salisbury, MD",2,4,28740,"Kingston, NY",5,4.592110142403091,17100.0,100.709,110.173,86271.0,85663.64475866109,62617.465097360895,45637.850564399596,0.31443492088828084,0.3735408560311284
41540,"Salisbury, MD",2,5,28660,"Killeen-Temple, TX",2,4.643625634709262,14604.0,91.132,77.884,69923.0,76727.16499144098,62653.03964041871,46627.93320140717,0.308148462556426,0.30158730158730157
41540,"Salisbury, MD",2,6,48660,"Wichita Falls, TX",2,4.67195542415407,11940.0,89.513,68.208,65379.0,73038.55305933216,60039.527016390704,46700.68237929889,0.26803627407771496,0.3374485596707819
41540,"Salisbury, MD",2,7,39150,"Prescott Valley-Prescott, AZ",3,4.689720095220658,16212.0,98.255,98.781,69613.0,70849.3206452598,60312.06677738661,43812.1431093799,0.3176941760564194,0.3861003861003861
41540,"Salisbury, MD",2,8,41660,"San Angelo, TX",2,4.728674329921223,13860.0,92.453,81.442,68419.0,74004.08856391897,58094.47881147742,43103.07777527525,0.30891388764814864,0.3392070484581498
41540,"Salisbury, MD",2,9,20100,"Dover, DE",3,4.745922286186611,16248.0,97.507,95.899,74477.0,76381.18288943358,63119.146253602295,46455.727217020314,0.3177849740883776,0.36328125
41540,"Salisbury, MD",2,10,26820,"Idaho Falls, ID",4,4.80402886586977,13524.0,94.412,83.985,80291.0,85043.21484557047,64894.98335528667,50570.53307354283,0.2703297036209735,0.35315985130111527
41620,"Salt Lake City-Murray, UT",1,1,39580,"Raleigh-Cary, NC",1,3.921650905341551,18876.0,98.157,103.476,100103.0,101982.5381786322,66179.1612271303,46948.74464960654,0.34717101034965425,0.2859778597785978
41620,"Salt Lake City-Murray, UT",1,2,14260,"Boise City, ID",3,4.1456538549863575,17844.0,98.391,105.58,85987.0,87393.15587807828,62582.30278719957,44446.497683074194,0.33615988563011345,0.2851153039832285
41620,"Salt Lake City-Murray, UT",1,3,12420,"Austin-Round Rock-San Marcos, TX",1,4.180598260843077,20712.0,98.066,120.361,100431.0,102411.64113964065,67353.5803706135,46233.110482986805,0.37534564831619,0.24790619765494137
41620,"Salt Lake City-Murray, UT",1,4,34980,"Nashville-Davidson--Murfreesboro--Franklin, TN",1,4.20584725972648,18336.0,96.338,104.626,85447.0,88695.0113143308,65971.2658122988,46938.27779095728,0.3405239575125513,0.24666666666666667
41620,"Salt Lake City-Murray, UT",1,5,12580,"Baltimore-Columbia-Towson, MD",1,4.56576528468009,19332.0,104.487,118.194,99470.0,95198.4457396614,67308.79132704846,48806.96813373255,0.32844073814588853,0.30670926517571884
41620,"Salt Lake City-Murray, UT",1,6,38060,"Phoenix-Mesa-Chandler, AZ",1,4.865037714482473,20424.0,103.316,121.236,88301.0,85466.91703124394,63795.93762867011,44027.46033570484,0.36109507456401635,0.23355263157894737
41620,"Salt Lake City-Murray, UT",1,7,40060,"Richmond, VA",1,5.018533861291172,17364.0,97.858,99.136,86679.0,88576.30444112897,68241.30691375065,50497.22875969068,0.3106618908925918,0.2777777777777778
41620,"Salt Lake City-Murray, UT",1,8,27260,"Jacksonville, FL",3,5.061557483474743,18156.0,99.484,109.777,79643.0,80056.08942141451,61809.61575844957,43559.44487669975,0.3471988980962408,0.21837088388214904
41620,"Salt Lake City-Murray, UT",1,9,16740,"Charlotte-Concord-Gastonia, NC-SC",1,5.198762048817822,17676.0,97.348,97.635,83304.0,85573.40674692855,65335.56193294378,47178.02402769663,0.32930309038430056,0.20500782472613457
41620,"Salt Lake City-Murray, UT",1,10,12060,"Atlanta-Sandy Springs-Roswell, GA",1,5.286244375953834,20064.0,100.058,111.022,89724.0,89671.99024565752,65399.90559141387,45347.53596579673,0.3707652333637077,0.20268256333830104
41660,"San Angelo, TX",2,1,10180,"Abilene, TX",2,2.555761313549976,13692.0,90.364,73.791,67328.0,74507.54725333097,61015.10519141739,45863.05348941217,0.29480265501265174,0.3494809688581315
41660,"San Angelo, TX",2,2,47020,"Victoria, TX",2,3.274883851434902,13812.0,89.839,69.318,70236.0,78179.85507407696,60374.08746734778,44999.91811995968,0.30440067181058594,0.4020618556701031
41660,"San Angelo, TX",2,3,11100,"Amarillo, TX",2,3.4153657514541216,13032.0,91.82,78.38,69611.0,75812.45915922457,61035.46924106171,46842.48296356226,0.2803830781797324,0.2767857142857143
41660,"San Angelo, TX",2,4,31180,"Lubbock, TX",3,3.6151111339279494,13908.0,91.317,76.357,63629.0,69679.24920880012,60446.15502547761,45215.69410363392,0.30262482152632064,0.2794871794871795
41660,"San Angelo, TX",2,5,48660,"Wichita Falls, TX",2,3.6530064544472673,11940.0,89.513,68.208,65379.0,73038.55305933216,60039.527016390704,46700.68237929889,0.26803627407771496,0.3374485596707819
41660,"San Angelo, TX",2,6,17300,"Clarksville, TN-KY",2,3.7739572958922984,14484.0,90.947,73.801,68967.0,75832.07802346422,62072.269197078145,46146.51023856385,0.3053920742170733,0.33663366336633666
41660,"San Angelo, TX",2,7,43300,"Sherman-Denison, TX",3,4.106197178509352,15720.0,93.771,89.466,72182.0,76976.89050985912,58219.257839906044,41455.01303074329,0.3476539740017317,0.3511111111111111
41660,"San Angelo, TX",2,8,46660,"Valdosta, GA",2,4.140687881778672,12300.0,88.271,58.758,57085.0,64670.163473847584,59038.44953295425,45104.08830446471,0.2825291611788849,0.35864978902953587
41660,"San Angelo, TX",2,9,29420,"Lake Havasu City-Kingman, AZ",2,4.166786735369364,13092.0,94.098,79.773,57684.0,61302.04680226997,59506.783334880805,45593.62896390586,0.27039111170233077,0.3624454148471616
41660,"San Angelo, TX",2,10,39150,"Prescott Valley-Prescott, AZ",3,4.253523275945866,16212.0,98.255,98.781,69613.0,70849.3206452598,60312.06677738661,43812.1431093799,0.3176941760564194,0.3861003861003861
41700,"San Antonio-New Braunfels, TX",4,1,34980,"Nashville-Davidson--Murfreesboro--Franklin, TN",1,3.244484925981195,18336.0,96.338,104.626,85447.0,88695.0113143308,65971.2658122988,46938.27779095728,0.3405239575125513,0.24666666666666667
41700,"San Antonio-New Braunfels, TX",4,2,27260,"Jacksonville, FL",3,3.499234886299387,18156.0,99.484,109.777,79643.0,80056.08942141451,61809.61575844957,43559.44487669975,0.3471988980962408,0.21837088388214904
41700,"San Antonio-New Braunfels, TX",4,3,16740,"Charlotte-Concord-Gastonia, NC-SC",1,3.623393305793461,17676.0,97.348,97.635,83304.0,85573.40674692855,65335.56193294378,47178.02402769663,0.32930309038430056,0.20500782472613457
41700,"San Antonio-New Braunfels, TX",4,4,26420,"Houston-Pasadena-The Woodlands, TX",1,3.6307291285001737,17160.0,98.629,104.51,82168.0,83310.18260349389,65673.29157864783,48274.75767888204,0.3248826294257687,0.21343283582089553
41700,"San Antonio-New Braunfels, TX",4,5,36420,"Oklahoma City, OK",4,3.7546931487839332,13488.0,90.408,73.885,72094.0,79742.94310238032,66009.0050723851,51089.97135855447,0.27197005468478924,0.2937062937062937
41700,"San Antonio-New Braunfels, TX",4,6,28940,"Knoxville, TN",4,3.8824058392778786,13740.0,92.569,82.783,72422.0,78235.69445494712,64160.4664692093,49317.48447739778,0.27624760022122646,0.29259259259259257
41700,"San Antonio-New Braunfels, TX",4,7,17900,"Columbia, SC",4,4.053561087010895,14316.0,93.662,79.455,68359.0,72984.77504217291,63684.94238174577,48400.195098963,0.28677960507808814,0.23391812865497075
41700,"San Antonio-New Braunfels, TX",4,8,46060,"Tucson, AZ",4,4.07981056905605,14544.0,96.896,91.765,70315.0,72567.49504623514,62973.76512906566,47963.857599343064,0.2787791107961612,0.25260960334029225
41700,"San Antonio-New Braunfels, TX",4,9,24860,"Greenville-Anderson-Greer, SC",4,4.302226233671456,13800.0,93.26,76.836,71240.0,76388.59103581385,64467.9390950032,49670.598327257125,0.27513359975790086,0.2655038759689923
41700,"San Antonio-New Braunfels, TX",4,10,22220,"Fayetteville-Springdale-Rogers, AR",4,4.33776552198528,13884.0,91.353,76.886,81650.0,89378.56446969448,63245.08247483576,48046.89522318557,0.28781528593000755,0.24449877750611246
41740,"San Diego-Chula Vista-Carlsbad, CA",1,1,37100,"Oxnard-Thousand Oaks-Ventura, CA",1,4.659189858858328,27804.0,110.534,171.096,109797.0,99333.23683210596,64308.90118117578,39154.650000543574,0.46738508313352656,0.2981366459627329
41740,"San Diego-Chula Vista-Carlsbad, CA",1,2,14460,"Boston-Cambridge-Newton, MA-NH",1,5.433599352982236,24276.0,108.266,148.424,115863.0,107016.97670552156,71208.52884058042,48785.97697757634,0.3742820096621183,0.2928679817905918
41740,"San Diego-Chula Vista-Carlsbad, CA",1,3,31080,"Los Angeles-Long Beach-Anaheim, CA",1,5.5736064401216225,24756.0,113.566,170.433,95958.0,84495.35952661888,66908.41766500729,45109.63986179153,0.3914032318341939,0.26788218793828894
41740,"San Diego-Chula Vista-Carlsbad, CA",1,4,46520,"Urban Honolulu, HI",1,5.595832671692817,24996.0,110.961,135.538,106195.0,95704.79718099152,63501.889663461654,40975.05591106216,0.4167379570982066,0.40210526315789474
41740,"San Diego-Chula Vista-Carlsbad, CA",1,5,19740,"Denver-Aurora-Centennial, CO",1,5.615909743453926,22488.0,105.782,146.919,105762.0,99981.09319165832,68715.38016701883,47456.564867629524,0.36132324131584176,0.2827140549273021
41740,"San Diego-Chula Vista-Carlsbad, CA",1,6,42220,"Santa Rosa-Petaluma, CA",1,5.6214440742213005,25896.0,107.784,139.569,104674.0,97114.59956950937,69520.56219415164,45494.73275750057,0.4065091968434686,0.330188679245283
41740,"San Diego-Chula Vista-Carlsbad, CA",1,7,40900,"Sacramento-Roseville-Folsom, CA",1,5.77095447787617,21828.0,106.67,130.23,97188.0,91110.90278428799,72284.30998105383,51821.19945325783,0.34014191851906084,0.25232198142414863
41740,"San Diego-Chula Vista-Carlsbad, CA",1,8,42100,"Santa Cruz-Watsonville, CA",1,5.9272726192723395,27168.0,109.896,164.328,111093.0,101089.21161825726,68617.18771873828,43895.63279408224,0.43641147880013303,0.3302180685358255
41740,"San Diego-Chula Vista-Carlsbad, CA",1,9,38900,"Portland-Vancouver-Hillsboro, OR-WA",1,6.080721114049163,20688.0,105.421,125.114,97436.0,92425.60780110223,69569.50044399414,49945.326892235,0.3268104331421303,0.3063063063063063
41740,"San Diego-Chula Vista-Carlsbad, CA",1,10,42200,"Santa Maria-Santa Barbara, CA",1,6.398081928714731,25572.0,108.798,151.394,98161.0,90223.16586701962,69837.9916743122,46333.88314290537,0.4088051883871889,0.33710407239819007
41780,"Sandusky, OH",2,1,15260,"Brunswick-St. Simons, GA",2,4.38052851255307,12960.0,87.708,56.34,66623.0,75960.00364846992,63474.67110414068,48698.36791629008,0.2818152127862068,0.34146341463414637
41780,"Sandusky, OH",2,2,12220,"Auburn-Opelika, AL",2,4.564172468105761,12312.0,87.933,62.078,63649.0,72383.51927035356,62628.00710071414,48626.437724029616,0.27210367255887064,0.3426294820717131
41780,"Sandusky, OH",2,3,35660,"Niles, MI",2,4.81071397821673,11304.0,92.37,71.599,65425.0,70829.2735736711,65037.08357514415,52799.34404932408,0.22494694787872416,0.372
41780,"Sandusky, OH",2,4,34620,"Muncie, IN",2,5.071185316382681,10872.0,88.148,57.474,58127.0,65942.50578572402,64374.798166014705,52040.99592433027,0.23166642453710123,0.375609756097561
41780,"Sandusky, OH",2,5,33140,"Michigan City-La Porte, IN",2,5.425157476070912,11712.0,91.682,68.451,71055.0,77501.58155363103,60308.200852819915,47533.61042067401,0.24751796376976304,0.34759358288770054
41780,"Sandusky, OH",2,6,38540,"Pocatello, ID",2,5.626561033870623,11520.0,88.906,66.396,66499.0,74796.97658200796,62063.57907681719,49106.07339666061,0.24592540601312957,0.3468208092485549
41780,"Sandusky, OH",2,7,45460,"Terre Haute, IN",2,5.697505320874186,10704.0,87.797,51.923,56594.0,64460.0612777202,64655.30505805231,52463.544519537325,0.22269635004934,0.3898916967509025
41780,"Sandusky, OH",2,8,45900,"Traverse City, MI",2,5.705226242032985,14700.0,93.372,78.146,80889.0,86630.8957717517,63845.01731270337,48101.539610608525,0.28270572947977574,0.3971119133574007
41780,"Sandusky, OH",2,9,36980,"Owensboro, KY",2,5.754436292824944,10884.0,88.61,55.698,68002.0,76743.03126058007,61968.56622802557,49685.52819620073,0.23782500534711193,0.36633663366336633
41780,"Sandusky, OH",2,10,22520,"Florence-Muscle Shoals, AL",2,5.789736610733171,10236.0,84.817,47.677,61891.0,72970.04138321328,60980.613091131,48912.27773383236,0.2468446353120323,0.4383561643835616
41860,"San Francisco-Oakland-Fremont, CA",1,1,42660,"Seattle-Tacoma-Bellevue, WA",1,5.974835997256506,24000.0,111.133,151.314,115177.0,103638.88314002143,73204.44272478322,51608.69708667393,0.346298961572771,0.2728613569321534
41860,"San Francisco-Oakland-Fremont, CA",1,2,14460,"Boston-Cambridge-Newton, MA-NH",1,6.342919475972999,24276.0,108.266,148.424,115863.0,107016.97670552156,71208.52884058042,48785.97697757634,0.3742820096621183,0.2928679817905918
41860,"San Francisco-Oakland-Fremont, CA",1,3,47900,"Washington-Arlington-Alexandria, DC-VA-MD-WV",1,6.457155663122579,24324.0,108.884,151.134,126684.0,116347.6727526542,71931.72042106905,49592.35008199261,0.37781714585353016,0.2611190817790531
41860,"San Francisco-Oakland-Fremont, CA",1,4,41740,"San Diego-Chula Vista-Carlsbad, CA",1,7.753480358549802,26952.0,111.887,179.267,106268.0,94977.96884356538,67620.26615703518,43531.676776678214,0.42713824840312903,0.2852760736196319
41860,"San Francisco-Oakland-Fremont, CA",1,5,41940,"San Jose-Sunnyvale-Santa Clara, CA",1,7.769967723703329,34080.0,110.423,211.901,162111.0,146809.08868623385,81859.73004482854,50996.59464731173,0.46040156236799207,0.2597623089983022
41860,"San Francisco-Oakland-Fremont, CA",1,6,35620,"New York-Newark-Jersey City, NY-NJ",1,7.956700321821494,21960.0,112.563,148.616,99155.0,88088.44824675958,71151.35559500579,51642.2806769599,0.3293776483100348,0.27088948787061995
41860,"San Francisco-Oakland-Fremont, CA",1,7,31080,"Los Angeles-Long Beach-Anaheim, CA",1,8.362646246643568,24756.0,113.566,170.433,95958.0,84495.35952661888,66908.41766500729,45109.63986179153,0.3914032318341939,0.26788218793828894
41860,"San Francisco-Oakland-Fremont, CA",1,8,40900,"Sacramento-Roseville-Folsom, CA",1,8.522319109757278,21828.0,106.67,130.23,97188.0,91110.90278428799,72284.30998105383,51821.19945325783,0.34014191851906084,0.25232198142414863
41860,"San Francisco-Oakland-Fremont, CA",1,9,14860,"Bridgeport-Stamford-Danbury, CT",1,8.86239800363759,22500.0,106.864,150.453,114565.0,107206.35574187752,70970.20588441995,49915.40726187166,0.3569503666401114,0.2785862785862786
41860,"San Francisco-Oakland-Fremont, CA",1,10,19740,"Denver-Aurora-Centennial, CO",1,8.905336603576163,22488.0,105.782,146.919,105762.0,99981.09319165832,68715.38016701883,47456.564867629524,0.36132324131584176,0.2827140549273021
41940,"San Jose-Sunnyvale-Santa Clara, CA",1,1,41860,"San Francisco-Oakland-Fremont, CA",1,7.769967723703329,29688.0,115.613,194.718,136027.0,117657.18388070544,76993.886737696,51315.113589347624,0.4025294251359215,0.30307467057101023
41940,"San Jose-Sunnyvale-Santa Clara, CA",1,2,47900,"Washington-Arlington-Alexandria, DC-VA-MD-WV",1,10.864002045786354,24324.0,108.884,151.134,126684.0,116347.6727526542,71931.72042106905,49592.35008199261,0.37781714585353016,0.2611190817790531
41940,"San Jose-Sunnyvale-Santa Clara, CA",1,3,42660,"Seattle-Tacoma-Bellevue, WA",1,10.89001143613565,24000.0,111.133,151.314,115177.0,103638.88314002143,73204.44272478322,51608.69708667393,0.346298961572771,0.2728613569321534
41940,"San Jose-Sunnyvale-Santa Clara, CA",1,4,14460,"Boston-Cambridge-Newton, MA-NH",1,11.335007104275034,24276.0,108.266,148.424,115863.0,107016.97670552156,71208.52884058042,48785.97697757634,0.3742820096621183,0.2928679817905918
41940,"San Jose-Sunnyvale-Santa Clara, CA",1,5,41740,"San Diego-Chula Vista-Carlsbad, CA",1,12.336300966335079,26952.0,111.887,179.267,106268.0,94977.96884356538,67620.26615703518,43531.676776678214,0.42713824840312903,0.2852760736196319
41940,"San Jose-Sunnyvale-Santa Clara, CA",1,6,14500,"Boulder, CO",1,12.377768780468141,23592.0,105.202,157.02,103994.0,98851.7328567898,72053.36795727823,49627.93878292793,0.36923796321919705,0.4226044226044226
41940,"San Jose-Sunnyvale-Santa Clara, CA",1,7,30500,"Lexington Park, MD",1,13.00847849017527,21000.0,100.76,103.809,126256.0,125303.69194124652,74658.02210889546,53816.418297859345,0.35243029390746733,0.3769230769230769
41940,"San Jose-Sunnyvale-Santa Clara, CA",1,8,19740,"Denver-Aurora-Centennial, CO",1,13.017218176288786,22488.0,105.782,146.919,105762.0,99981.09319165832,68715.38016701883,47456.564867629524,0.36132324131584176,0.2827140549273021
41940,"San Jose-Sunnyvale-Santa Clara, CA",1,9,14860,"Bridgeport-Stamford-Danbury, CT",1,13.036020653215328,22500.0,106.864,150.453,114565.0,107206.35574187752,70970.20588441995,49915.40726187166,0.3569503666401114,0.2785862785862786
41940,"San Jose-Sunnyvale-Santa Clara, CA",1,10,40900,"Sacramento-Roseville-Folsom, CA",1,13.49162858588122,21828.0,106.67,130.23,97188.0,91110.90278428799,72284.30998105383,51821.19945325783,0.34014191851906084,0.25232198142414863
41980,"San Juan-Bayamon-Caguas, PR",2,1,21340,"El Paso, TX",4,8.243693495454277,12948.0,89.912,71.248,59751.0,66454.97820090756,61103.52958467151,46702.782187216224,0.28833702992574883,0.2627118644067797
41980,"San Juan-Bayamon-Caguas, PR",2,2,27140,"Jackson, MS",4,8.269795792060318,12864.0,89.048,64.768,61644.0,69225.58620070074,61146.49303705735,46700.35163017566,0.2819898425244015,0.29082774049217003
41980,"San Juan-Bayamon-Caguas, PR",2,3,17900,"Columbia, SC",4,8.28770405719542,14316.0,93.662,79.455,68359.0,72984.77504217291,63684.94238174577,48400.195098963,0.28677960507808814,0.23391812865497075
41980,"San Juan-Bayamon-Caguas, PR",2,4,31420,"Macon-Bibb County, GA",2,8.684485086318784,12528.0,88.528,58.916,59526.0,67239.74335803361,62706.12035379103,48554.66544686892,0.2700999257002899,0.3050847457627119
41980,"San Juan-Bayamon-Caguas, PR",2,5,17980,"Columbus, GA-AL",2,8.742163358072908,12828.0,89.296,61.185,59336.0,66448.66511377889,62088.856915922086,47723.15184514624,0.2837119690139352,0.28152492668621704
41980,"San Juan-Bayamon-Caguas, PR",2,6,30780,"Little Rock-North Little Rock-Conway, AR",4,8.781549606475233,12660.0,89.364,68.295,67154.0,75146.59146860032,60718.25578171768,46551.47721316659,0.2692428810447293,0.29292929292929293
41980,"San Juan-Bayamon-Caguas, PR",2,7,33860,"Montgomery, AL",4,8.791367061207398,13140.0,89.682,64.347,64010.0,71374.41181061974,61830.14057075741,47178.37098488734,0.28340972491274713,0.3485254691689008
41980,"San Juan-Bayamon-Caguas, PR",2,8,10500,"Albany, GA",2,8.82057125144584,11400.0,87.669,54.626,56906.0,64910.05942807606,63410.94034166649,50407.48415989186,0.2527808062075669,0.3601694915254237
41980,"San Juan-Bayamon-Caguas, PR",2,9,10740,"Albuquerque, NM",4,8.83058954898472,13872.0,95.546,89.153,70783.0,74082.64082222174,66245.07376741902,51726.412598976596,0.26366986004580767,0.2910602910602911
41980,"San Juan-Bayamon-Caguas, PR",2,10,49740,"Yuma, AZ",2,8.831693495914148,11916.0,92.706,73.776,62876.0,67823.01037689038,62228.71227320777,49375.17528531056,0.24257213737629682,0.25630252100840334
42020,"San Luis Obispo-Paso Robles, CA",1,1,42220,"Santa Rosa-Petaluma, CA",1,3.3047914852494245,25896.0,107.784,139.569,104674.0,97114.59956950937,69520.56219415164,45494.73275750057,0.4065091968434686,0.330188679245283
42020,"San Luis Obispo-Paso Robles, CA",1,2,42100,"Santa Cruz-Watsonville, CA",1,4.138654790055007,27168.0,109.896,164.328,111093.0,101089.21161825726,68617.18771873828,43895.63279408224,0.43641147880013303,0.3302180685358255
42020,"San Luis Obispo-Paso Robles, CA",1,3,42200,"Santa Maria-Santa Barbara, CA",1,4.331468283169809,25572.0,108.798,151.394,98161.0,90223.16586701962,69837.9916743122,46333.88314290537,0.4088051883871889,0.33710407239819007
42020,"San Luis Obispo-Paso Robles, CA",1,4,13460,"Bend, OR",3,4.571800834736604,20364.0,103.607,109.958,89788.0,86662.09812078334,63998.86696921613,44343.824356265264,0.35544100910429943,0.3914209115281501
42020,"San Luis Obispo-Paso Robles, CA",1,5,37100,"Oxnard-Thousand Oaks-Ventura, CA",1,5.187005681187963,27804.0,110.534,171.096,109797.0,99333.23683210596,64308.90118117578,39154.650000543574,0.46738508313352656,0.2981366459627329
42020,"San Luis Obispo-Paso Robles, CA",1,6,46520,"Urban Honolulu, HI",1,5.4191124315499515,24996.0,110.961,135.538,106195.0,95704.79718099152,63501.889663461654,40975.05591106216,0.4167379570982066,0.40210526315789474
42020,"San Luis Obispo-Paso Robles, CA",1,7,34900,"Napa, CA",1,5.433216271046838,26844.0,112.554,197.44,111471.0,99037.79519164134,66316.91421241495,42467.02882406801,0.4264370894730248,0.30970149253731344
42020,"San Luis Obispo-Paso Robles, CA",1,8,46700,"Vallejo, CA",1,5.607955376024112,25956.0,108.479,142.042,100401.0,92553.397431761,71271.670737124,47344.459018726884,0.402143202664394,0.2884097035040431
42020,"San Luis Obispo-Paso Robles, CA",1,9,13380,"Bellingham, WA",5,6.471196635730238,18660.0,103.334,112.946,81784.0,79145.29583680104,68420.25426497441,50362.3062517358,0.3076581318562428,0.35135135135135137
42020,"San Luis Obispo-Paso Robles, CA",1,10,33700,"Modesto, CA",5,6.5488508778978485,19476.0,104.108,108.476,81468.0,78253.35228800861,67774.94121726394,49067.44515548194,0.3266800405031649,0.3374384236453202
42100,"Santa Cruz-Watsonville, CA",1,1,42220,"Santa Rosa-Petaluma, CA",1,3.4753721751547646,25896.0,107.784,139.569,104674.0,97114.59956950937,69520.56219415164,45494.73275750057,0.4065091968434686,0.330188679245283
42100,"Santa Cruz-Watsonville, CA",1,2,42020,"San Luis Obispo-Paso Robles, CA",1,4.138654790055007,23904.0,108.596,144.362,97446.0,89732.58683561088,65492.69870617381,43480.838232491544,0.399979463955744,0.3521505376344086
42100,"Santa Cruz-Watsonville, CA",1,3,37100,"Oxnard-Thousand Oaks-Ventura, CA",1,4.254354394763175,27804.0,110.534,171.096,109797.0,99333.23683210596,64308.90118117578,39154.650000543574,0.46738508313352656,0.2981366459627329
42100,"Santa Cruz-Watsonville, CA",1,4,46700,"Vallejo, CA",1,5.194362801637814,25956.0,108.479,142.042,100401.0,92553.397431761,71271.670737124,47344.459018726884,0.402143202664394,0.2884097035040431
42100,"Santa Cruz-Watsonville, CA",1,5,42200,"Santa Maria-Santa Barbara, CA",1,5.43128185371805,25572.0,108.798,151.394,98161.0,90223.16586701962,69837.9916743122,46333.88314290537,0.4088051883871889,0.33710407239819007
42100,"Santa Cruz-Watsonville, CA",1,6,41740,"San Diego-Chula Vista-Carlsbad, CA",1,5.9272726192723395,26952.0,111.887,179.267,106268.0,94977.96884356538,67620.26615703518,43531.676776678214,0.42713824840312903,0.2852760736196319
42100,"Santa Cruz-Watsonville, CA",1,7,46520,"Urban Honolulu, HI",1,5.998808686450727,24996.0,110.961,135.538,106195.0,95704.79718099152,63501.889663461654,40975.05591106216,0.4167379570982066,0.40210526315789474
42100,"Santa Cruz-Watsonville, CA",1,8,34900,"Napa, CA",1,6.015136144013584,26844.0,112.554,197.44,111471.0,99037.79519164134,66316.91421241495,42467.02882406801,0.4264370894730248,0.30970149253731344
42100,"Santa Cruz-Watsonville, CA",1,9,13460,"Bend, OR",3,6.520526099479914,20364.0,103.607,109.958,89788.0,86662.09812078334,63998.86696921613,44343.824356265264,0.35544100910429943,0.3914209115281501
42100,"Santa Cruz-Watsonville, CA",1,10,14860,"Bridgeport-Stamford-Danbury, CT",1,7.512793451143225,22500.0,106.864,150.453,114565.0,107206.35574187752,70970.20588441995,49915.40726187166,0.3569503666401114,0.2785862785862786
42140,"Santa Fe, NM",3,1,17660,"Coeur d'Alene, ID",3,5.631772481624324,17904.0,98.293,105.597,81861.0,83282.63457214653,60748.985176970884,42534.056341753734,0.3479514361497808,0.4024390243902439
42140,"Santa Fe, NM",3,2,33540,"Missoula, MT",3,5.72172129591063,14208.0,96.445,94.945,74989.0,77753.12354191509,61422.33689204623,46690.62451711751,0.279610042926258,0.46885245901639344
42140,"Santa Fe, NM",3,3,20100,"Dover, DE",3,5.784254300890729,16248.0,97.507,95.899,74477.0,76381.18288943358,63119.146253602295,46455.727217020314,0.3177849740883776,0.36328125
42140,"Santa Fe, NM",3,4,45900,"Traverse City, MI",2,6.222738280877589,14700.0,93.372,78.146,80889.0,86630.8957717517,63845.01731270337,48101.539610608525,0.28270572947977574,0.3971119133574007
42140,"Santa Fe, NM",3,5,16180,"Carson City, NV",3,6.25677304743585,14976.0,98.13,101.176,72355.0,73733.82248038317,61821.69442832464,46560.306473570745,0.2956820296487232,0.3392857142857143
42140,"Santa Fe, NM",3,6,37860,"Pensacola-Ferry Pass-Brent, FL",3,6.407046204771253,16248.0,97.717,98.77,75967.0,77741.84635222121,58562.87738004662,41935.26908261629,0.3324508354890374,0.3230769230769231
42140,"Santa Fe, NM",3,7,41540,"Salisbury, MD",2,6.46802855800718,15288.0,95.617,87.212,73802.0,77185.01940031584,64197.91982597236,48209.13122143551,0.2976588692551509,0.3983402489626556
42140,"Santa Fe, NM",3,8,28740,"Kingston, NY",5,6.476394436428492,17100.0,100.709,110.173,86271.0,85663.64475866109,62617.465097360895,45637.850564399596,0.31443492088828084,0.3735408560311284
42140,"Santa Fe, NM",3,9,43640,"Slidell-Mandeville-Covington, LA",3,6.5370098191264026,15984.0,92.726,85.449,81202.0,87571.98628216465,59338.88760765797,42101.003950431295,0.35668548159307384,0.4307692307692308
42140,"Santa Fe, NM",3,10,18880,"Crestview-Fort Walton Beach-Destin, FL",3,6.662947127093018,19596.0,97.031,94.934,81993.0,84501.86023023569,63599.05344272683,43403.4458533997,0.3781119806794754,0.3630769230769231
42200,"Santa Maria-Santa Barbara, CA",1,1,42020,"San Luis Obispo-Paso Robles, CA",1,4.331468283169809,23904.0,108.596,144.362,97446.0,89732.58683561088,65492.69870617381,43480.838232491544,0.399979463955744,0.3521505376344086
42200,"Santa Maria-Santa Barbara, CA",1,2,42220,"Santa Rosa-Petaluma, CA",1,4.674847529906165,25896.0,107.784,139.569,104674.0,97114.59956950937,69520.56219415164,45494.73275750057,0.4065091968434686,0.330188679245283
42200,"Santa Maria-Santa Barbara, CA",1,3,42100,"Santa Cruz-Watsonville, CA",1,5.43128185371805,27168.0,109.896,164.328,111093.0,101089.21161825726,68617.18771873828,43895.63279408224,0.43641147880013303,0.3302180685358255
42200,"Santa Maria-Santa Barbara, CA",1,4,37100,"Oxnard-Thousand Oaks-Ventura, CA",1,5.6695500268828924,27804.0,110.534,171.096,109797.0,99333.23683210596,64308.90118117578,39154.650000543574,0.46738508313352656,0.2981366459627329
42200,"Santa Maria-Santa Barbara, CA",1,5,34900,"Napa, CA",1,5.845712408423667,26844.0,112.554,197.44,111471.0,99037.79519164134,66316.91421241495,42467.02882406801,0.4264370894730248,0.30970149253731344
42200,"Santa Maria-Santa Barbara, CA",1,6,41740,"San Diego-Chula Vista-Carlsbad, CA",1,6.398081928714731,26952.0,111.887,179.267,106268.0,94977.96884356538,67620.26615703518,43531.676776678214,0.42713824840312903,0.2852760736196319
42200,"Santa Maria-Santa Barbara, CA",1,7,46700,"Vallejo, CA",1,6.611453325489835,25956.0,108.479,142.042,100401.0,92553.397431761,71271.670737124,47344.459018726884,0.402143202664394,0.2884097035040431
42200,"Santa Maria-Santa Barbara, CA",1,8,46520,"Urban Honolulu, HI",1,6.805910633200702,24996.0,110.961,135.538,106195.0,95704.79718099152,63501.889663461654,40975.05591106216,0.4167379570982066,0.40210526315789474
42200,"Santa Maria-Santa Barbara, CA",1,9,13460,"Bend, OR",3,7.000893772636305,20364.0,103.607,109.958,89788.0,86662.09812078334,63998.86696921613,44343.824356265264,0.35544100910429943,0.3914209115281501
42200,"Santa Maria-Santa Barbara, CA",1,10,33700,"Modesto, CA",5,7.15782870870119,19476.0,104.108,108.476,81468.0,78253.35228800861,67774.94121726394,49067.44515548194,0.3266800405031649,0.3374384236453202
42220,"Santa Rosa-Petaluma, CA",1,1,42020,"San Luis Obispo-Paso Robles, CA",1,3.3047914852494245,23904.0,108.596,144.362,97446.0,89732.58683561088,65492.69870617381,43480.838232491544,0.399979463955744,0.3521505376344086
42220,"Santa Rosa-Petaluma, CA",1,2,42100,"Santa Cruz-Watsonville, CA",1,3.4753721751547646,27168.0,109.896,164.328,111093.0,101089.21161825726,68617.18771873828,43895.63279408224,0.43641147880013303,0.3302180685358255
42220,"Santa Rosa-Petaluma, CA",1,3,46700,"Vallejo, CA",1,4.011083233837814,25956.0,108.479,142.042,100401.0,92553.397431761,71271.670737124,47344.459018726884,0.402143202664394,0.2884097035040431
42220,"Santa Rosa-Petaluma, CA",1,4,37100,"Oxnard-Thousand Oaks-Ventura, CA",1,4.570648201868292,27804.0,110.534,171.096,109797.0,99333.23683210596,64308.90118117578,39154.650000543574,0.46738508313352656,0.2981366459627329
42220,"Santa Rosa-Petaluma, CA",1,5,42200,"Santa Maria-Santa Barbara, CA",1,4.674847529906165,25572.0,108.798,151.394,98161.0,90223.16586701962,69837.9916743122,46333.88314290537,0.4088051883871889,0.33710407239819007
42220,"Santa Rosa-Petaluma, CA",1,6,13460,"Bend, OR",3,5.138463519650757,20364.0,103.607,109.958,89788.0,86662.09812078334,63998.86696921613,44343.824356265264,0.35544100910429943,0.3914209115281501
42220,"Santa Rosa-Petaluma, CA",1,7,46520,"Urban Honolulu, HI",1,5.392464619884472,24996.0,110.961,135.538,106195.0,95704.79718099152,63501.889663461654,40975.05591106216,0.4167379570982066,0.40210526315789474
42220,"Santa Rosa-Petaluma, CA",1,8,41740,"San Diego-Chula Vista-Carlsbad, CA",1,5.6214440742213005,26952.0,111.887,179.267,106268.0,94977.96884356538,67620.26615703518,43531.676776678214,0.42713824840312903,0.2852760736196319
42220,"Santa Rosa-Petaluma, CA",1,9,34900,"Napa, CA",1,5.82585756112421,26844.0,112.554,197.44,111471.0,99037.79519164134,66316.91421241495,42467.02882406801,0.4264370894730248,0.30970149253731344
42220,"Santa Rosa-Petaluma, CA",1,10,33700,"Modesto, CA",5,6.668278971413402,19476.0,104.108,108.476,81468.0,78253.35228800861,67774.94121726394,49067.44515548194,0.3266800405031649,0.3374384236453202
42340,"Savannah, GA",3,1,29460,"Lakeland-Winter Haven, FL",3,4.058888591742857,16356.0,97.141,95.942,65978.0,67919.82787906239,58716.23195532363,41878.851240692326,0.33371656755950563,0.24768518518518517
42340,"Savannah, GA",3,2,16700,"Charleston-North Charleston, SC",3,4.357480866238207,19260.0,100.962,119.77,85254.0,84441.67112378916,63358.45642415075,44281.97220236433,0.363787039055273,0.2874015748031496
42340,"Savannah, GA",3,3,27260,"Jacksonville, FL",3,4.437353186376559,18156.0,99.484,109.777,79643.0,80056.08942141451,61809.61575844957,43559.44487669975,0.3471988980962408,0.21837088388214904
42340,"Savannah, GA",3,4,37860,"Pensacola-Ferry Pass-Brent, FL",3,4.458156742954615,16248.0,97.717,98.77,75967.0,77741.84635222121,58562.87738004662,41935.26908261629,0.3324508354890374,0.3230769230769231
42340,"Savannah, GA",3,5,48900,"Wilmington, NC",3,4.545821855158467,16668.0,96.422,93.215,76471.0,79308.66399784281,61990.545528534785,44704.034151463165,0.33401982090631044,0.33093525179856115
42340,"Savannah, GA",3,6,11700,"Asheville, NC",3,4.59017873488856,15552.0,96.506,93.371,71838.0,74438.89499098502,61864.169371974436,45749.10916846377,0.3029191910352288,0.3237410071942446
42340,"Savannah, GA",3,7,29540,"Lancaster, PA",3,4.594484164223551,16284.0,98.257,93.815,86959.0,88501.58258444691,61217.05816689836,44644.1931292929,0.3136956554666581,0.31685393258426964
42340,"Savannah, GA",3,8,16860,"Chattanooga, TN-GA",4,4.620380053879147,13956.0,91.464,76.55,72161.0,78895.52173532757,62800.371904345215,47541.90955850423,0.286937745330927,0.2907488986784141
42340,"Savannah, GA",3,9,18580,"Corpus Christi, TX",3,4.670412829446085,15300.0,92.671,84.905,67453.0,72787.60345739228,62721.401517195234,46211.38220155172,0.3196434298238254,0.3065326633165829
42340,"Savannah, GA",3,10,12020,"Athens-Clarke County, GA",2,4.753355647423856,14412.0,93.343,76.759,65608.0,70287.00598866545,60948.05798261451,45508.22853637858,0.3056447161735425,0.3210702341137124
42540,"Scranton--Wilkes-Barre, PA",4,1,39740,"Reading, PA",4,3.590566180160529,14172.0,97.06,85.419,79777.0,82193.48856377498,63929.24829493275,49327.970734660754,0.26702749400029324,0.2684729064039409
42540,"Scranton--Wilkes-Barre, PA",4,2,31140,"Louisville/Jefferson County, KY-IN",4,3.718269746433356,13392.0,93.074,78.558,73863.0,79359.43442851923,65402.935966981255,51014.384921576515,0.2548875194337051,0.21847246891651864
42540,"Scranton--Wilkes-Barre, PA",4,3,24660,"Greensboro-High Point, NC",4,3.9222651371108257,13116.0,92.865,74.519,65565.0,70602.48748182846,64513.973821422944,50390.245829176136,0.2594799531728843,0.278
42540,"Scranton--Wilkes-Barre, PA",4,4,25180,"Hagerstown-Martinsburg, MD-WV",4,3.9251044662089214,13908.0,94.171,75.737,78802.0,83679.6890762549,63970.349531323714,49201.47163897894,0.2702539647279858,0.2708333333333333
42540,"Scranton--Wilkes-Barre, PA",4,5,49180,"Winston-Salem, NC",4,4.134608943365125,12192.0,92.043,71.377,65975.0,71678.45463533347,63979.902085542344,50733.91922970323,0.24631398755916462,0.2692307692307692
42540,"Scranton--Wilkes-Barre, PA",4,6,44180,"Springfield, MO",4,4.167186258028281,11664.0,88.585,65.568,65071.0,73456.00270926229,63126.94834819056,49959.933616576855,0.2404464327024649,0.28672985781990523
42540,"Scranton--Wilkes-Barre, PA",4,7,40420,"Rockford, IL",4,4.178446514255071,12276.0,92.154,70.076,68033.0,73825.33585085835,66247.96407049483,52926.78430618726,0.23770536809852624,0.29080118694362017
42540,"Scranton--Wilkes-Barre, PA",4,8,32820,"Memphis, TN-MS-AR",4,4.18471792138003,14640.0,92.179,79.807,66401.0,72034.84524674817,65046.729070877205,49164.58671741275,0.2899381216865517,0.1936056838365897
42540,"Scranton--Wilkes-Barre, PA",4,9,49620,"York-Hanover, PA",4,4.302166349637977,14316.0,96.0,79.762,84829.0,88363.54166666667,63750.44718013469,48837.94718013469,0.27805188096679934,0.2964824120603015
42540,"Scranton--Wilkes-Barre, PA",4,10,23060,"Fort Wayne, IN",4,4.324011968757254,12036.0,92.572,72.277,71213.0,76927.14859784815,63424.868905130206,50423.097311127705,0.23763223462009603,0.3185840707964602
42660,"Seattle-Tacoma-Bellevue, WA",1,1,19740,"Denver-Aurora-Centennial, CO",1,5.685825660013673,22488.0,105.782,146.919,105762.0,99981.09319165832,68715.38016701883,47456.564867629524,0.36132324131584176,0.2827140549273021
42660,"Seattle-Tacoma-Bellevue, WA",1,2,40900,"Sacramento-Roseville-Folsom, CA",1,5.762532652973614,21828.0,106.67,130.23,97188.0,91110.90278428799,72284.30998105383,51821.19945325783,0.34014191851906084,0.25232198142414863
42660,"Seattle-Tacoma-Bellevue, WA",1,3,14460,"Boston-Cambridge-Newton, MA-NH",1,5.788648453341628,24276.0,108.266,148.424,115863.0,107016.97670552156,71208.52884058042,48785.97697757634,0.3742820096621183,0.2928679817905918
42660,"Seattle-Tacoma-Bellevue, WA",1,4,38900,"Portland-Vancouver-Hillsboro, OR-WA",1,5.872824309088789,20688.0,105.421,125.114,97436.0,92425.60780110223,69569.50044399414,49945.326892235,0.3268104331421303,0.3063063063063063
42660,"Seattle-Tacoma-Bellevue, WA",1,5,41860,"San Francisco-Oakland-Fremont, CA",1,5.974835997256506,29688.0,115.613,194.718,136027.0,117657.18388070544,76993.886737696,51315.113589347624,0.4025294251359215,0.30307467057101023
42660,"Seattle-Tacoma-Bellevue, WA",1,6,33460,"Minneapolis-St. Paul-Bloomington, MN-WI",1,6.018201366101186,17280.0,104.822,111.838,99833.0,95240.50294785445,69614.09635807802,53129.00735004536,0.2774938216482202,0.19969512195121952
42660,"Seattle-Tacoma-Bellevue, WA",1,7,35620,"New York-Newark-Jersey City, NY-NJ",1,6.3653173051350596,21960.0,112.563,148.616,99155.0,88088.44824675958,71151.35559500579,51642.2806769599,0.3293776483100348,0.27088948787061995
42660,"Seattle-Tacoma-Bellevue, WA",1,8,12580,"Baltimore-Columbia-Towson, MD",1,6.620912226602069,19332.0,104.487,118.194,99470.0,95198.4457396614,67308.79132704846,48806.96813373255,0.32844073814588853,0.30670926517571884
42660,"Seattle-Tacoma-Bellevue, WA",1,9,47900,"Washington-Arlington-Alexandria, DC-VA-MD-WV",1,7.44164102176392,24324.0,108.884,151.134,126684.0,116347.6727526542,71931.72042106905,49592.35008199261,0.37781714585353016,0.2611190817790531
42660,"Seattle-Tacoma-Bellevue, WA",1,10,41740,"San Diego-Chula Vista-Carlsbad, CA",1,7.49600714055625,26952.0,111.887,179.267,106268.0,94977.96884356538,67620.26615703518,43531.676776678214,0.42713824840312903,0.2852760736196319
42680,"Sebastian-Vero Beach-West Vero Corridor, FL",3,1,39150,"Prescott Valley-Prescott, AZ",3,3.9280689866098695,16212.0,98.255,98.781,69613.0,70849.3206452598,60312.06677738661,43812.1431093799,0.3176941760564194,0.3861003861003861
42680,"Sebastian-Vero Beach-West Vero Corridor, FL",3,2,39460,"Punta Gorda, FL",3,4.0107895448812725,17568.0,100.525,113.277,69952.0,69586.6699825914,55461.082836236514,37984.833147104466,0.36401371523552833,0.4507042253521127
42680,"Sebastian-Vero Beach-West Vero Corridor, FL",3,3,17660,"Coeur d'Alene, ID",3,4.279339320804432,17904.0,98.293,105.597,81861.0,83282.63457214653,60748.985176970884,42534.056341753734,0.3479514361497808,0.4024390243902439
42680,"Sebastian-Vero Beach-West Vero Corridor, FL",3,4,19300,"Daphne-Fairhope-Foley, AL",3,4.581794741394964,15324.0,94.69,89.15,78775.0,83192.52296969057,56427.54314236325,40244.20804890037,0.34405650080153694,0.4128787878787879
42680,"Sebastian-Vero Beach-West Vero Corridor, FL",3,5,37460,"Panama City-Panama City Beach, FL",3,4.6255525044436245,17472.0,97.296,96.424,71514.0,73501.48001973359,58354.237566858705,40396.6647992218,0.36177488698844124,0.3771043771043771
42680,"Sebastian-Vero Beach-West Vero Corridor, FL",3,6,25940,"Hilton Head Island-Bluffton-Port Royal, SC",3,4.709395697647093,18876.0,98.017,101.235,83304.0,84989.33858412316,58370.05165370473,39112.16781722738,0.3938453566326406,0.322463768115942
42680,"Sebastian-Vero Beach-West Vero Corridor, FL",3,7,36100,"Ocala, FL",3,4.980053014357478,15324.0,95.234,86.23,61010.0,64063.25471995296,56391.25544287655,40300.3635345245,0.3291928952142377,0.33225806451612905
42680,"Sebastian-Vero Beach-West Vero Corridor, FL",3,8,38940,"Port St. Lucie, FL",3,5.0606080031347105,18960.0,100.228,113.642,74514.0,74344.49455242048,59021.63945325537,40104.76991580076,0.3778380640189969,0.31767955801104975
42680,"Sebastian-Vero Beach-West Vero Corridor, FL",3,9,26140,"Homosassa Springs, FL",2,5.101545061268791,13284.0,93.467,78.427,56546.0,60498.357709137985,56956.77208375364,42744.26927527578,0.2967745497428479,0.48125
42680,"Sebastian-Vero Beach-West Vero Corridor, FL",3,10,19660,"Deltona-Daytona Beach-Ormond Beach, FL",3,5.236050256234347,18000.0,99.367,108.375,71277.0,71731.05759457365,56280.31925881352,38165.65342407966,0.37412577856248325,0.3053435114503817
42700,"Sebring, FL",2,1,26300,"Hot Springs, AR",2,4.294366710628203,11592.0,85.73,57.281,57181.0,66698.93852793654,57035.43735789965,43513.916303426304,0.28264598801444357,0.4245810055865922
42700,"Sebring, FL",2,2,26140,"Homosassa Springs, FL",2,4.601144701170935,13284.0,93.467,78.427,56546.0,60498.357709137985,56956.77208375364,42744.26927527578,0.2967745497428479,0.48125
42700,"Sebring, FL",2,3,25620,"Hattiesburg, MS",2,4.677410607378063,12168.0,87.633,60.059,60285.0,68792.57813837254,55486.33373612134,41601.15349580091,0.3000192571494962,0.35655737704918034
42700,"Sebring, FL",2,4,29420,"Lake Havasu City-Kingman, AZ",2,5.2061525268209845,13092.0,94.098,79.773,57684.0,61302.04680226997,59506.783334880805,45593.62896390586,0.27039111170233077,0.3624454148471616
42700,"Sebring, FL",2,5,47020,"Victoria, TX",2,5.647395432748237,13812.0,89.839,69.318,70236.0,78179.85507407696,60374.08746734778,44999.91811995968,0.30440067181058594,0.4020618556701031
42700,"Sebring, FL",2,6,41660,"San Angelo, TX",2,5.716169942581744,13860.0,92.453,81.442,68419.0,74004.08856391897,58094.47881147742,43103.07777527525,0.30891388764814864,0.3392070484581498
42700,"Sebring, FL",2,7,27340,"Jacksonville, NC",3,5.805485859941072,15180.0,92.085,72.118,68148.0,74005.53836129663,57147.35748943275,40662.58798299847,0.34252414219900523,0.4260089686098655
42700,"Sebring, FL",2,8,46660,"Valdosta, GA",2,5.944362223466735,12300.0,88.271,58.758,57085.0,64670.163473847584,59038.44953295425,45104.08830446471,0.2825291611788849,0.35864978902953587
42700,"Sebring, FL",2,9,39150,"Prescott Valley-Prescott, AZ",3,6.0199013455494,16212.0,98.255,98.781,69613.0,70849.3206452598,60312.06677738661,43812.1431093799,0.3176941760564194,0.3861003861003861
42700,"Sebring, FL",2,10,25220,"Hammond, LA",2,6.1012470454711165,12036.0,84.46,48.16,56760.0,67203.40989817666,60676.539670146114,46426.00687355601,0.2880153084231243,0.3870967741935484
43100,"Sheboygan, WI",4,1,48140,"Wausau, WI",4,3.385477976003618,11988.0,92.651,71.464,77884.0,84061.6938834983,66115.57611276988,53176.697957110475,0.23153445639447356,0.29545454545454547
43100,"Sheboygan, WI",4,2,39540,"Racine-Mount Pleasant, WI",4,4.361520949652949,12960.0,95.961,92.029,78096.0,81383.06186888424,64313.61930148584,50808.132697553,0.24865044638818126,0.31417624521072796
43100,"Sheboygan, WI",4,3,36780,"Oshkosh-Neenah, WI",4,4.559040784865808,11580.0,92.929,74.442,74925.0,80626.06936478386,68307.04823702751,55845.92200086871,0.21430529948188135,0.32450331125827814
43100,"Sheboygan, WI",4,4,22540,"Fond du Lac, WI",4,4.688498513470432,11520.0,91.643,67.317,74275.0,81048.19789836647,66735.04795783637,54164.52975131761,0.2248073208782546,0.3613861386138614
43100,"Sheboygan, WI",4,5,27100,"Jackson, MI",4,4.932199336413381,11820.0,91.779,67.092,66073.0,71991.41415792283,65764.28923560276,52885.526119857335,0.23273049433515275,0.34497816593886466
43100,"Sheboygan, WI",4,6,40420,"Rockford, IL",4,4.99302494247778,12276.0,92.154,70.076,68033.0,73825.33585085835,66247.96407049483,52926.78430618726,0.23770536809852624,0.29080118694362017
43100,"Sheboygan, WI",4,7,11540,"Appleton, WI",4,5.045997749572104,12720.0,92.419,70.785,85825.0,92865.10349603437,66810.4702638197,53047.066634695824,0.24012503997365162,0.33429394812680113
43100,"Sheboygan, WI",4,8,27500,"Janesville-Beloit, WI",4,5.0793080673265125,12444.0,93.703,79.552,75673.0,80758.35352123197,66473.54932463648,53193.29148870807,0.24034669263041522,0.32567049808429116
43100,"Sheboygan, WI",4,9,12980,"Battle Creek, MI",4,5.088369323568752,11616.0,90.541,61.045,63177.0,69777.22799615645,67014.15253067094,54184.605695535465,0.22634321888355152,0.36796536796536794
43100,"Sheboygan, WI",4,10,43900,"Spartanburg, SC",4,5.145576970480908,12684.0,91.051,68.007,64382.0,70709.8219679081,65350.0431802967,51419.38893157896,0.25919614848189526,0.27011494252873564
43300,"Sherman-Denison, TX",3,1,46340,"Tyler, TX",3,4.100874723923821,14856.0,92.156,79.911,74192.0,80506.96644819653,59821.31703505932,43700.82569428932,0.32118232163227556,0.3069908814589666
43300,"Sherman-Denison, TX",3,2,41660,"San Angelo, TX",2,4.106197178509352,13860.0,92.453,81.442,68419.0,74004.08856391897,58094.47881147742,43103.07777527525,0.30891388764814864,0.3392070484581498
43300,"Sherman-Denison, TX",3,3,47020,"Victoria, TX",2,4.3246220649328055,13812.0,89.839,69.318,70236.0,78179.85507407696,60374.08746734778,44999.91811995968,0.30440067181058594,0.4020618556701031
43300,"Sherman-Denison, TX",3,4,39150,"Prescott Valley-Prescott, AZ",3,4.517544831190083,16212.0,98.255,98.781,69613.0,70849.3206452598,60312.06677738661,43812.1431093799,0.3176941760564194,0.3861003861003861
43300,"Sherman-Denison, TX",3,5,48660,"Wichita Falls, TX",2,4.7464989855473245,11940.0,89.513,68.208,65379.0,73038.55305933216,60039.527016390704,46700.68237929889,0.26803627407771496,0.3374485596707819
43300,"Sherman-Denison, TX",3,6,11100,"Amarillo, TX",2,4.852284875075507,13032.0,91.82,78.38,69611.0,75812.45915922457,61035.46924106171,46842.48296356226,0.2803830781797324,0.2767857142857143
43300,"Sherman-Denison, TX",3,7,10180,"Abilene, TX",2,5.080710860099791,13692.0,90.364,73.791,67328.0,74507.54725333097,61015.10519141739,45863.05348941217,0.29480265501265174,0.3494809688581315
43300,"Sherman-Denison, TX",3,8,36100,"Ocala, FL",3,5.20312935181519,15324.0,95.234,86.23,61010.0,64063.25471995296,56391.25544287655,40300.3635345245,0.3291928952142377,0.33225806451612905
43300,"Sherman-Denison, TX",3,9,28660,"Killeen-Temple, TX",2,5.219206864878313,14604.0,91.132,77.884,69923.0,76727.16499144098,62653.03964041871,46627.93320140717,0.308148462556426,0.30158730158730157
43300,"Sherman-Denison, TX",3,10,38940,"Port St. Lucie, FL",3,5.2353558938339955,18960.0,100.228,113.642,74514.0,74344.49455242048,59021.63945325537,40104.76991580076,0.3778380640189969,0.31767955801104975
43340,"Shreveport-Bossier City, LA",2,1,29180,"Lafayette, LA",2,3.7067221076196026,11724.0,87.209,58.845,60892.0,69823.06871997156,61722.79389203087,48279.22728766664,0.2661046210296421,0.29846153846153844
43340,"Shreveport-Bossier City, LA",2,2,33740,"Monroe, LA",2,3.760558210329189,11172.0,83.597,42.815,51660.0,61796.4759500939,62682.74243490622,49318.626497731435,0.26206553733126503,0.40601503759398494
43340,"Shreveport-Bossier City, LA",2,3,45500,"Texarkana, TX-AR",2,3.9451070819398386,11400.0,84.012,49.885,55646.0,66235.77584154645,62572.92591513569,49003.43584228894,0.25881687835164313,0.3648068669527897
43340,"Shreveport-Bossier City, LA",2,4,48660,"Wichita Falls, TX",2,4.027496980445881,11940.0,89.513,68.208,65379.0,73038.55305933216,60039.527016390704,46700.68237929889,0.26803627407771496,0.3374485596707819
43340,"Shreveport-Bossier City, LA",2,5,22500,"Florence, SC",2,4.1235815979762735,11208.0,86.774,52.425,54443.0,62741.14366054348,62566.05390515404,49649.74256765663,0.24883360441537591,0.35125448028673834
43340,"Shreveport-Bossier City, LA",2,6,27860,"Jonesboro, AR",2,4.157230890493124,11148.0,85.876,53.848,56738.0,66069.68186687781,60278.60351726368,47297.09529610759,0.25100764913006907,0.3983402489626556
43340,"Shreveport-Bossier City, LA",2,7,10180,"Abilene, TX",2,4.247640319289124,13692.0,90.364,73.791,67328.0,74507.54725333097,61015.10519141739,45863.05348941217,0.29480265501265174,0.3494809688581315
43340,"Shreveport-Bossier City, LA",2,8,11100,"Amarillo, TX",2,4.327187714896831,13032.0,91.82,78.38,69611.0,75812.45915922457,61035.46924106171,46842.48296356226,0.2803830781797324,0.2767857142857143
43340,"Shreveport-Bossier City, LA",2,9,27180,"Jackson, TN",2,4.3320020984504195,11964.0,85.522,56.567,61177.0,71533.64046678047,64366.84420383058,50377.461354972984,0.2560485348037776,0.3711340206185567
43340,"Shreveport-Bossier City, LA",2,10,10780,"Alexandria, LA",2,4.352585670608815,11352.0,85.686,53.684,56353.0,65766.86973367877,61858.973038780015,48610.60107603231,0.2594567995595722,0.4099099099099099
43420,"Sierra Vista-Douglas, AZ",2,1,49740,"Yuma, AZ",2,6.609906862413441,11916.0,92.706,73.776,62876.0,67823.01037689038,62228.71227320777,49375.17528531056,0.24257213737629682,0.25630252100840334
43420,"Sierra Vista-Douglas, AZ",2,2,10500,"Albany, GA",2,6.9427917188343455,11400.0,87.669,54.626,56906.0,64910.05942807606,63410.94034166649,50407.48415989186,0.2527808062075669,0.3601694915254237
43420,"Sierra Vista-Douglas, AZ",2,3,21300,"Elmira, NY",2,7.189435412302508,12708.0,94.398,76.357,63716.0,67497.19273713426,65592.10108153496,52129.951459720935,0.2460515704401425,0.4105263157894737
43420,"Sierra Vista-Douglas, AZ",2,4,30020,"Lawton, OK",2,7.2551839783042,11580.0,85.941,57.389,60665.0,70589.12509745058,59318.50485351303,45844.1445365514,0.27193716653678307,0.4182692307692308
43420,"Sierra Vista-Douglas, AZ",2,5,44300,"State College, PA",4,7.556422508223492,14484.0,96.762,85.688,74291.0,76777.04057377896,63660.19718484529,48691.51113040243,0.28255179120848817,0.3134920634920635
43420,"Sierra Vista-Douglas, AZ",2,6,39380,"Pueblo, CO",2,7.619242941169703,13332.0,91.762,71.285,64010.0,69756.54410322355,65412.420195636885,50883.53024118951,0.2554319191910117,0.39763779527559057
43420,"Sierra Vista-Douglas, AZ",2,7,17980,"Columbus, GA-AL",2,7.640039364436616,12828.0,89.296,61.185,59336.0,66448.66511377889,62088.856915922086,47723.15184514624,0.2837119690139352,0.28152492668621704
43420,"Sierra Vista-Douglas, AZ",2,8,35660,"Niles, MI",2,7.681515872059022,11304.0,92.37,71.599,65425.0,70829.2735736711,65037.08357514415,52799.34404932408,0.22494694787872416,0.372
43420,"Sierra Vista-Douglas, AZ",2,9,16620,"Charleston, WV",4,7.692610326621088,10752.0,88.717,51.394,60117.0,67762.66104579731,64335.805321624524,52216.36936233825,0.22830744129223363,0.3880597014925373
43420,"Sierra Vista-Douglas, AZ",2,10,45500,"Texarkana, TX-AR",2,7.717995865091872,11400.0,84.012,49.885,55646.0,66235.77584154645,62572.92591513569,49003.43584228894,0.25881687835164313,0.3648068669527897
43580,"Sioux City, IA-NE-SD",4,1,27900,"Joplin, MO-KS",2,3.4946929186936733,11136.0,85.718,53.976,61901.0,72214.70402949204,65535.97466175526,52544.537624026896,0.23239779092365825,0.31690140845070425
43580,"Sioux City, IA-NE-SD",4,2,47940,"Waterloo-Cedar Falls, IA",4,3.7257938385942713,11724.0,87.057,63.13,70811.0,81338.66317470162,68655.5861916745,55188.54735505022,0.23019771670532055,0.3227848101265823
43580,"Sioux City, IA-NE-SD",4,3,46220,"Tuscaloosa, AL",4,4.015911237775867,12060.0,87.722,58.246,61517.0,70127.22008162149,65711.97733692081,51964.00077459893,0.25317329157969176,0.3193548387096774
43580,"Sioux City, IA-NE-SD",4,4,41140,"St. Joseph, MO-KS",2,4.096351364993272,10740.0,86.382,55.359,65005.0,75252.94621564678,66964.4952308007,54531.34943653802,0.22018524048956223,0.33183856502242154
43580,"Sioux City, IA-NE-SD",4,5,40420,"Rockford, IL",4,4.463391248693582,12276.0,92.154,70.076,68033.0,73825.33585085835,66247.96407049483,52926.78430618726,0.23770536809852624,0.29080118694362017
43580,"Sioux City, IA-NE-SD",4,6,24260,"Grand Island, NE",2,4.524987078567146,11148.0,86.657,61.748,69704.0,80436.66408945614,67028.90487235664,54164.39306142389,0.2245023188835738,0.3526315789473684
43580,"Sioux City, IA-NE-SD",4,7,44420,"Staunton-Stuarts Draft, VA",2,4.546650801481973,12816.0,91.128,68.232,73544.0,80704.0646124133,64357.79601245547,50294.061485197104,0.2596089907875784,0.3611111111111111
43580,"Sioux City, IA-NE-SD",4,8,48140,"Wausau, WI",4,4.57762453796307,11988.0,92.651,71.464,77884.0,84061.6938834983,66115.57611276988,53176.697957110475,0.23153445639447356,0.29545454545454547
43580,"Sioux City, IA-NE-SD",4,9,27500,"Janesville-Beloit, WI",4,4.652243298054553,12444.0,93.703,79.552,75673.0,80758.35352123197,66473.54932463648,53193.29148870807,0.24034669263041522,0.32567049808429116
43580,"Sioux City, IA-NE-SD",4,10,43900,"Spartanburg, SC",4,4.826966880346989,12684.0,91.051,68.007,64382.0,70709.8219679081,65350.0431802967,51419.38893157896,0.25919614848189526,0.27011494252873564
43620,"Sioux Falls, SD-MN",4,1,22020,"Fargo, ND-MN",4,4.773154010253634,11604.0,90.871,81.142,76756.0,84466.99166950952,70028.45303293191,57258.702507461734,0.2124077502340074,0.3530864197530864
43620,"Sioux Falls, SD-MN",4,2,21780,"Evansville, IN",4,4.858351748964438,11832.0,91.528,66.735,68232.0,74547.67939865396,64327.87401552051,51400.68233647148,0.2355851644071024,0.3278236914600551
43620,"Sioux Falls, SD-MN",4,3,39660,"Rapid City, SD",2,4.88273943840574,13680.0,89.16,72.552,75255.0,84404.44145356663,63780.95558546434,48437.75235531629,0.2789638201012201,0.46283783783783783
43620,"Sioux Falls, SD-MN",4,4,13740,"Billings, MT",4,5.065862126465543,13404.0,93.526,77.364,77194.0,82537.476209824,65507.996490445395,51176.152938919615,0.2575829546765246,0.4252199413489736
43620,"Sioux Falls, SD-MN",4,5,31340,"Lynchburg, VA",4,5.239773944981144,11892.0,89.363,63.912,68996.0,77208.6881595291,66726.68393557685,53419.16292576295,0.23931646222428965,0.3181818181818182
43620,"Sioux Falls, SD-MN",4,6,40220,"Roanoke, VA",4,5.315198963270808,12516.0,93.618,78.531,68761.0,73448.482129505,62641.13272502912,49271.9088578241,0.25237181089584726,0.2727272727272727
43620,"Sioux Falls, SD-MN",4,7,30700,"Lincoln, NE",4,5.321655735495977,12984.0,91.581,84.208,75049.0,81948.22070080039,66038.39117887121,51860.77791847877,0.24763292461288774,0.40046296296296297
43620,"Sioux Falls, SD-MN",4,8,48620,"Wichita, KS",4,5.386459097373504,11844.0,88.946,66.245,70655.0,79435.83747442267,66396.8130349132,53080.868529258085,0.24047063980016656,0.27467811158798283
43620,"Sioux Falls, SD-MN",4,9,20220,"Dubuque, IA",4,5.416757046345496,11508.0,87.328,64.046,77630.0,88894.74166361304,68162.83658790293,54984.93259376588,0.22657559632048996,0.34
43620,"Sioux Falls, SD-MN",4,10,13900,"Bismarck, ND",4,5.466992116949694,12252.0,91.024,84.013,85156.0,93553.3485674108,70374.38485583403,56914.198531348185,0.22044076465903792,0.4201388888888889
43640,"Slidell-Mandeville-Covington, LA",3,1,48900,"Wilmington, NC",3,4.791200598037321,16668.0,96.422,93.215,76471.0,79308.66399784281,61990.545528534785,44704.034151463165,0.33401982090631044,0.33093525179856115
43640,"Slidell-Mandeville-Covington, LA",3,2,17660,"Coeur d'Alene, ID",3,4.792710085944845,17904.0,98.293,105.597,81861.0,83282.63457214653,60748.985176970884,42534.056341753734,0.3479514361497808,0.4024390243902439
43640,"Slidell-Mandeville-Covington, LA",3,3,39150,"Prescott Valley-Prescott, AZ",3,4.811398201133023,16212.0,98.255,98.781,69613.0,70849.3206452598,60312.06677738661,43812.1431093799,0.3176941760564194,0.3861003861003861
43640,"Slidell-Mandeville-Covington, LA",3,4,41660,"San Angelo, TX",2,4.890810860932456,13860.0,92.453,81.442,68419.0,74004.08856391897,58094.47881147742,43103.07777527525,0.30891388764814864,0.3392070484581498
43640,"Slidell-Mandeville-Covington, LA",3,5,37860,"Pensacola-Ferry Pass-Brent, FL",3,4.915889199423034,16248.0,97.717,98.77,75967.0,77741.84635222121,58562.87738004662,41935.26908261629,0.3324508354890374,0.3230769230769231
43640,"Slidell-Mandeville-Covington, LA",3,6,27340,"Jacksonville, NC",3,4.938109970009103,15180.0,92.085,72.118,68148.0,74005.53836129663,57147.35748943275,40662.58798299847,0.34252414219900523,0.4260089686098655
43640,"Slidell-Mandeville-Covington, LA",3,7,41540,"Salisbury, MD",2,5.02700021167499,15288.0,95.617,87.212,73802.0,77185.01940031584,64197.91982597236,48209.13122143551,0.2976588692551509,0.3983402489626556
43640,"Slidell-Mandeville-Covington, LA",3,8,11700,"Asheville, NC",3,5.044779082681778,15552.0,96.506,93.371,71838.0,74438.89499098502,61864.169371974436,45749.10916846377,0.3029191910352288,0.3237410071942446
43640,"Slidell-Mandeville-Covington, LA",3,9,10180,"Abilene, TX",2,5.069316211930886,13692.0,90.364,73.791,67328.0,74507.54725333097,61015.10519141739,45863.05348941217,0.29480265501265174,0.3494809688581315
43640,"Slidell-Mandeville-Covington, LA",3,10,46340,"Tyler, TX",3,5.098680116000802,14856.0,92.156,79.911,74192.0,80506.96644819653,59821.31703505932,43700.82569428932,0.32118232163227556,0.3069908814589666
43780,"South Bend-Mishawaka, IN-MI",4,1,31340,"Lynchburg, VA",4,2.65878410429112,11892.0,89.363,63.912,68996.0,77208.6881595291,66726.68393557685,53419.16292576295,0.23931646222428965,0.3181818181818182
43780,"South Bend-Mishawaka, IN-MI",4,2,21780,"Evansville, IN",4,2.6844940843590903,11832.0,91.528,66.735,68232.0,74547.67939865396,64327.87401552051,51400.68233647148,0.2355851644071024,0.3278236914600551
43780,"South Bend-Mishawaka, IN-MI",4,3,15940,"Canton-Massillon, OH",4,2.689555030044477,10896.0,89.406,58.143,67801.0,75834.95514842404,63138.081042181606,50950.979505372,0.22437122305040677,0.3256997455470738
43780,"South Bend-Mishawaka, IN-MI",4,4,22420,"Flint, MI",4,2.8285317643419328,11868.0,93.034,74.039,62281.0,66944.34292839176,65006.57327924778,52249.94666962119,0.23458804632094313,0.32621951219512196
43780,"South Bend-Mishawaka, IN-MI",4,5,23060,"Fort Wayne, IN",4,2.942583426417381,12036.0,92.572,72.277,71213.0,76927.14859784815,63424.868905130206,50423.097311127705,0.23763223462009603,0.3185840707964602
43780,"South Bend-Mishawaka, IN-MI",4,6,40220,"Roanoke, VA",4,3.125554775251233,12516.0,93.618,78.531,68761.0,73448.482129505,62641.13272502912,49271.9088578241,0.25237181089584726,0.2727272727272727
43780,"South Bend-Mishawaka, IN-MI",4,7,10420,"Akron, OH",4,3.2710102872332443,12396.0,93.37,76.785,72371.0,77509.9068223198,65443.69046198477,52167.47754563048,0.23829894393732945,0.2775423728813559
43780,"South Bend-Mishawaka, IN-MI",4,8,49180,"Winston-Salem, NC",4,3.299099172742959,12192.0,92.043,71.377,65975.0,71678.45463533347,63979.902085542344,50733.91922970323,0.24631398755916462,0.2692307692307692
43780,"South Bend-Mishawaka, IN-MI",4,9,29100,"La Crosse-Onalaska, WI-MN",4,3.302082644885467,12324.0,91.769,69.386,73340.0,79918.05511665158,67956.63342042305,54527.26184614416,0.23195177286284113,0.3104575163398693
43780,"South Bend-Mishawaka, IN-MI",4,10,40420,"Rockford, IL",4,3.3936447616665015,12276.0,92.154,70.076,68033.0,73825.33585085835,66247.96407049483,52926.78430618726,0.23770536809852624,0.29080118694362017
43900,"Spartanburg, SC",4,1,40420,"Rockford, IL",4,3.3829146686617997,12276.0,92.154,70.076,68033.0,73825.33585085835,66247.96407049483,52926.78430618726,0.23770536809852624,0.29080118694362017
43900,"Spartanburg, SC",4,2,46220,"Tuscaloosa, AL",4,3.458387007621361,12060.0,87.722,58.246,61517.0,70127.22008162149,65711.97733692081,51964.00077459893,0.25317329157969176,0.3193548387096774
43900,"Spartanburg, SC",4,3,25860,"Hickory-Lenoir-Morganton, NC",4,3.7019308043419294,10428.0,88.486,59.578,62787.0,70956.98754605248,63553.30601916246,51768.390891345625,0.22032229038384765,0.2707774798927614
43900,"Spartanburg, SC",4,4,23060,"Fort Wayne, IN",4,3.911328002973452,12036.0,92.572,72.277,71213.0,76927.14859784815,63424.868905130206,50423.097311127705,0.23763223462009603,0.3185840707964602
43900,"Spartanburg, SC",4,5,24660,"Greensboro-High Point, NC",4,3.935237746807136,13116.0,92.865,74.519,65565.0,70602.48748182846,64513.973821422944,50390.245829176136,0.2594799531728843,0.278
43900,"Spartanburg, SC",4,6,29200,"Lafayette-West Lafayette, IN",4,4.135247698056447,13284.0,93.43,76.442,62011.0,66371.61511291875,63154.16176103321,48936.03053979806,0.2642391809024139,0.26143790849673204
43900,"Spartanburg, SC",4,7,48140,"Wausau, WI",4,4.193481467301208,11988.0,92.651,71.464,77884.0,84061.6938834983,66115.57611276988,53176.697957110475,0.23153445639447356,0.29545454545454547
43900,"Spartanburg, SC",4,8,39540,"Racine-Mount Pleasant, WI",4,4.395455912840159,12960.0,95.961,92.029,78096.0,81383.06186888424,64313.61930148584,50808.132697553,0.24865044638818126,0.31417624521072796
43900,"Spartanburg, SC",4,9,49180,"Winston-Salem, NC",4,4.441097859397618,12192.0,92.043,71.377,65975.0,71678.45463533347,63979.902085542344,50733.91922970323,0.24631398755916462,0.2692307692307692
43900,"Spartanburg, SC",4,10,24860,"Greenville-Anderson-Greer, SC",4,4.491154928560386,13800.0,93.26,76.836,71240.0,76388.59103581385,64467.9390950032,49670.598327257125,0.27513359975790086,0.2655038759689923
44060,"Spokane-Spokane Valley, WA",5,1,40380,"Rochester, NY",4,3.482727582442529,13716.0,97.035,87.481,76284.0,78614.93275622198,68855.4798247465,54720.37393511904,0.23952373161743856,0.31393298059964725
44060,"Spokane-Spokane Valley, WA",5,2,45060,"Syracuse, NY",4,4.126168651848004,12924.0,95.742,80.656,75492.0,78849.40778341793,70582.2444795936,57083.466513810556,0.22411724162820085,0.30980392156862746
44060,"Spokane-Spokane Valley, WA",5,3,39300,"Providence-Warwick, RI-MA",4,4.1642328932192525,15684.0,101.773,103.851,87040.0,85523.66541224097,68567.68550832792,53156.918408999016,0.26550380543656876,0.30124777183600715
44060,"Spokane-Spokane Valley, WA",5,4,41420,"Salem, OR",5,4.62064589862851,16788.0,103.649,110.333,78900.0,76122.297369005,65913.51063560153,49716.53816119271,0.2875189685609681,0.313953488372093
44060,"Spokane-Spokane Valley, WA",5,5,13380,"Bellingham, WA",5,4.621958334725255,18660.0,103.334,112.946,81784.0,79145.29583680104,68420.25426497441,50362.3062517358,0.3076581318562428,0.35135135135135137
44060,"Spokane-Spokane Valley, WA",5,6,15380,"Buffalo-Cheektowaga, NY",4,4.708468610067425,12684.0,95.844,80.989,72237.0,75369.35019406537,71795.89607982081,58561.89082127568,0.2184560153424531,0.28027681660899656
44060,"Spokane-Spokane Valley, WA",5,7,21660,"Eugene-Springfield, OR",5,4.755430699477456,16260.0,101.568,98.35,71544.0,70439.50850661626,64475.11932439578,48466.14011834663,0.2889320409761229,0.3464203233256351
44060,"Spokane-Spokane Valley, WA",5,8,43780,"South Bend-Mishawaka, IN-MI",4,4.907975297992657,12552.0,92.858,74.586,67217.0,72386.8702750436,64529.314989695355,51011.901304283216,0.24506448426998492,0.3015463917525773
44060,"Spokane-Spokane Valley, WA",5,9,38300,"Pittsburgh, PA",4,4.973170265406553,12636.0,94.671,71.986,75762.0,80026.6184998574,66463.37941855424,53116.103061486065,0.23725910596419883,0.24960753532182103
44060,"Spokane-Spokane Valley, WA",5,10,47930,"Waterbury-Shelton, CT",5,5.019877380522036,15960.0,99.778,89.111,86191.0,86382.76974884242,68011.71009898384,52016.20006671219,0.27924712171290555,0.3435897435897436
44100,"Springfield, IL",4,1,45820,"Topeka, KS",4,4.135472093935803,11652.0,88.82,64.987,69888.0,78684.98086016663,67111.28207694297,53992.61511004362,0.23044157947003216,0.3374233128834356
44100,"Springfield, IL",4,2,17860,"Columbia, MO",4,4.274493720087897,12840.0,89.438,69.248,72340.0,80882.84621749145,66558.14857563554,52201.83470457402,0.25362735798030933,0.309375
44100,"Springfield, IL",4,3,29100,"La Crosse-Onalaska, WI-MN",4,4.782472180390606,12324.0,91.769,69.386,73340.0,79918.05511665158,67956.63342042305,54527.26184614416,0.23195177286284113,0.3104575163398693
44100,"Springfield, IL",4,4,10420,"Akron, OH",4,4.883462667726112,12396.0,93.37,76.785,72371.0,77509.9068223198,65443.69046198477,52167.47754563048,0.23829894393732945,0.2775423728813559
44100,"Springfield, IL",4,5,16580,"Champaign-Urbana, IL",4,4.908082258507462,12516.0,92.704,71.604,65528.0,70685.19157749396,69408.1661432769,55907.130589255496,0.22760665799329224,0.34036144578313254
44100,"Springfield, IL",4,6,20740,"Eau Claire, WI",4,5.05817050565254,12396.0,92.796,72.85,74595.0,80386.00801758695,65810.39035741365,52452.05594644766,0.23801879735332193,0.31715210355987056
44100,"Springfield, IL",4,7,30460,"Lexington-Fayette, KY",4,5.065892481702265,13656.0,92.889,77.093,71966.0,77475.26617791127,65679.17980959354,50977.761988322985,0.2637648845559352,0.2595078299776286
44100,"Springfield, IL",4,8,24780,"Greenville, NC",4,5.094715079317993,11916.0,88.402,57.326,58188.0,65822.04022533426,66882.18929713823,53402.85625037458,0.2446559569768659,0.33568904593639576
44100,"Springfield, IL",4,9,45060,"Syracuse, NY",4,5.140369126261934,12924.0,95.742,80.656,75492.0,78849.40778341793,70582.2444795936,57083.466513810556,0.22411724162820085,0.30980392156862746
44100,"Springfield, IL",4,10,19430,"Dayton-Kettering-Beavercreek, OH",4,5.173289298414896,12468.0,92.694,72.712,71739.0,77393.3587934494,69465.98837606114,56015.2795923211,0.2309123392681901,0.2871900826446281
44140,"Springfield, MA",4,1,46540,"Utica-Rome, NY",4,4.880264286524619,11100.0,92.678,66.063,69779.0,75291.87077839402,68576.24046223832,56599.28800318654,0.20433289516250724,0.33240997229916897
44140,"Springfield, MA",4,2,40380,"Rochester, NY",4,4.975355989975872,13716.0,97.035,87.481,76284.0,78614.93275622198,68855.4798247465,54720.37393511904,0.23952373161743856,0.31393298059964725
44140,"Springfield, MA",4,3,15380,"Buffalo-Cheektowaga, NY",4,5.146631292352603,12684.0,95.844,80.989,72237.0,75369.35019406537,71795.89607982081,58561.89082127568,0.2184560153424531,0.28027681660899656
44140,"Springfield, MA",4,4,45060,"Syracuse, NY",4,5.182634901990864,12924.0,95.742,80.656,75492.0,78849.40778341793,70582.2444795936,57083.466513810556,0.22411724162820085,0.30980392156862746
44140,"Springfield, MA",4,5,49340,"Worcester, MA",5,5.21236635116047,17112.0,102.523,113.001,95939.0,93578.02639407742,71034.52136418616,54343.63249047002,0.27836628366176264,0.35084033613445376
44140,"Springfield, MA",4,6,38340,"Pittsfield, MA",5,5.323389429095562,13164.0,95.106,73.452,76013.0,79924.50528883561,72935.90909386499,59094.51107481257,0.22577645314782158,0.398406374501992
44140,"Springfield, MA",4,7,37900,"Peoria, IL",4,5.432290930827756,11460.0,91.231,63.763,71857.0,78763.79739342986,69581.11682553023,57019.59716664234,0.21445568399867354,0.30238726790450926
44140,"Springfield, MA",4,8,16580,"Champaign-Urbana, IL",4,5.4991084994135235,12516.0,92.704,71.604,65528.0,70685.19157749396,69408.1661432769,55907.130589255496,0.22760665799329224,0.34036144578313254
44140,"Springfield, MA",4,9,47930,"Waterbury-Shelton, CT",5,5.534517946494086,15960.0,99.778,89.111,86191.0,86382.76974884242,68011.71009898384,52016.20006671219,0.27924712171290555,0.3435897435897436
44140,"Springfield, MA",4,10,35980,"Norwich-New London-Willimantic, CT",5,5.555275050445574,16380.0,100.445,93.662,86586.0,86202.3993230126,70612.52787414845,54305.0959462277,0.27632534853659135,0.3179190751445087
44180,"Springfield, MO",4,1,30780,"Little Rock-North Little Rock-Conway, AR",4,2.894078591634392,12660.0,89.364,68.295,67154.0,75146.59146860032,60718.25578171768,46551.47721316659,0.2692428810447293,0.29292929292929293
44180,"Springfield, MO",4,2,27140,"Jackson, MS",4,3.301008988174568,12864.0,89.048,64.768,61644.0,69225.58620070074,61146.49303705735,46700.35163017566,0.2819898425244015,0.29082774049217003
44180,"Springfield, MO",4,3,49180,"Winston-Salem, NC",4,3.4436757103795963,12192.0,92.043,71.377,65975.0,71678.45463533347,63979.902085542344,50733.91922970323,0.24631398755916462,0.2692307692307692
44180,"Springfield, MO",4,4,15940,"Canton-Massillon, OH",4,3.4901771676688482,10896.0,89.406,58.143,67801.0,75834.95514842404,63138.081042181606,50950.979505372,0.22437122305040677,0.3256997455470738
44180,"Springfield, MO",4,5,16860,"Chattanooga, TN-GA",4,3.8269350225394154,13956.0,91.464,76.55,72161.0,78895.52173532757,62800.371904345215,47541.90955850423,0.286937745330927,0.2907488986784141
44180,"Springfield, MO",4,6,14540,"Bowling Green, KY",2,3.8431456300852807,11700.0,90.179,63.395,63328.0,70224.77516938532,60885.41767580124,47911.2219096029,0.2515916322732563,0.32967032967032966
44180,"Springfield, MO",4,7,30460,"Lexington-Fayette, KY",4,3.854718339368238,13656.0,92.889,77.093,71966.0,77475.26617791127,65679.17980959354,50977.761988322985,0.2637648845559352,0.2595078299776286
44180,"Springfield, MO",4,8,46140,"Tulsa, OK",4,3.8587165858633985,12936.0,89.214,68.235,69359.0,77744.52440199968,65785.36914696037,51285.40277396959,0.2634387283725328,0.2770137524557957
44180,"Springfield, MO",4,9,40220,"Roanoke, VA",4,3.8797339717351242,12516.0,93.618,78.531,68761.0,73448.482129505,62641.13272502912,49271.9088578241,0.25237181089584726,0.2727272727272727
44180,"Springfield, MO",4,10,27900,"Joplin, MO-KS",2,4.023686301341281,11136.0,85.718,53.976,61901.0,72214.70402949204,65535.97466175526,52544.537624026896,0.23239779092365825,0.31690140845070425
44220,"Springfield, OH",2,1,30620,"Lima, OH",2,3.3162691811111604,11064.0,89.669,57.275,64038.0,71415.9854576275,64678.78328276013,52340.07090724574,0.22672824193499586,0.34545454545454546
44220,"Springfield, OH",2,2,31900,"Mansfield, OH",2,3.527776490584636,9888.0,88.872,54.919,59509.0,66960.34746601855,62618.687943722405,51492.57398206969,0.20843290776580617,0.39565217391304347
44220,"Springfield, OH",2,3,36980,"Owensboro, KY",2,3.6177840418843252,10884.0,88.61,55.698,68002.0,76743.03126058007,61968.56622802557,49685.52819620073,0.23782500534711193,0.36633663366336633
44220,"Springfield, OH",2,4,27900,"Joplin, MO-KS",2,3.7616396663555545,11136.0,85.718,53.976,61901.0,72214.70402949204,65535.97466175526,52544.537624026896,0.23239779092365825,0.31690140845070425
44220,"Springfield, OH",2,5,40660,"Rome, GA",2,3.907491420432063,12168.0,90.161,60.276,65565.0,72719.91215714111,60486.93796730683,46991.080556674744,0.26570970700495744,0.3622448979591837
44220,"Springfield, OH",2,6,14540,"Bowling Green, KY",2,3.9233723379467693,11700.0,90.179,63.395,63328.0,70224.77516938532,60885.41767580124,47911.2219096029,0.2515916322732563,0.32967032967032966
44220,"Springfield, OH",2,7,40580,"Rocky Mount, NC",2,3.9826164475737538,11040.0,88.012,56.103,59636.0,67758.94196245966,63586.16470998596,51042.42067508163,0.23718808245067868,0.37398373983739835
44220,"Springfield, OH",2,8,48260,"Weirton-Steubenville, WV-OH",2,4.009049950274377,9420.0,89.024,52.383,58784.0,66031.63191948239,61784.71012197054,51203.293874666444,0.20762400003583392,0.40782122905027934
44220,"Springfield, OH",2,9,27500,"Janesville-Beloit, WI",4,4.030651043552282,12444.0,93.703,79.552,75673.0,80758.35352123197,66473.54932463648,53193.29148870807,0.24034669263041522,0.32567049808429116
44220,"Springfield, OH",2,10,40420,"Rockford, IL",4,4.057546476308624,12276.0,92.154,70.076,68033.0,73825.33585085835,66247.96407049483,52926.78430618726,0.23770536809852624,0.29080118694362017
44300,"State College, PA",4,1,26820,"Idaho Falls, ID",4,4.505707399317283,13524.0,94.412,83.985,80291.0,85043.21484557047,64894.98335528667,50570.53307354283,0.2703297036209735,0.35315985130111527
44300,"State College, PA",4,2,14020,"Bloomington, IN",4,4.552413513088844,14112.0,95.084,85.59,65543.0,68931.68146060326,63574.025694922704,48732.41196390591,0.27921642110851186,0.27340823970037453
44300,"State College, PA",4,3,47380,"Waco, TX",4,4.570439942886821,13812.0,92.55,83.531,66205.0,71534.30578065911,63271.5083520552,48347.68339257384,0.28515605049146603,0.2621082621082621
44300,"State College, PA",4,4,13980,"Blacksburg-Christiansburg-Radford, VA",4,4.7863885439420555,13248.0,92.71,74.371,65839.0,71016.07162118434,65476.72869949841,51187.00806526261,0.260562510282103,0.35815602836879434
44300,"State College, PA",4,5,31740,"Manhattan, KS",2,4.818213855441763,12756.0,90.162,71.971,65469.0,72612.63059825647,63830.00767799487,49682.14050557191,0.2657730092269942,0.35802469135802467
44300,"State College, PA",4,6,17980,"Columbus, GA-AL",2,4.823349792970499,12828.0,89.296,61.185,59336.0,66448.66511377889,62088.856915922086,47723.15184514624,0.2837119690139352,0.28152492668621704
44300,"State College, PA",4,7,46060,"Tucson, AZ",4,4.851722370514865,14544.0,96.896,91.765,70315.0,72567.49504623514,62973.76512906566,47963.857599343064,0.2787791107961612,0.25260960334029225
44300,"State College, PA",4,8,12260,"Augusta-Richmond County, GA-SC",4,4.919740884616094,13440.0,91.903,70.603,69344.0,75453.46724263625,65140.91119212998,50516.79663656596,0.2768530164375221,0.271264367816092
44300,"State College, PA",4,9,22180,"Fayetteville, NC",4,4.92608855520992,14544.0,91.978,73.081,61763.0,67149.75320185263,64370.78897748841,48558.31208083921,0.29508008359611204,0.3083832335329341
44300,"State College, PA",4,10,30460,"Lexington-Fayette, KY",4,4.9450783369408065,13656.0,92.889,77.093,71966.0,77475.26617791127,65679.17980959354,50977.761988322985,0.2637648845559352,0.2595078299776286
44420,"Staunton-Stuarts Draft, VA",2,1,30140,"Lebanon, PA",2,3.3045171492597194,13320.0,93.214,66.039,78425.0,84134.35749994636,62203.51361122803,47913.814638970645,0.2692273627288504,0.35023041474654376
44420,"Staunton-Stuarts Draft, VA",2,2,16540,"Chambersburg, PA",2,3.498661324050616,13116.0,94.642,71.914,77003.0,81362.39724435241,64245.62840967539,50387.087804024624,0.26030826489152853,0.34615384615384615
44420,"Staunton-Stuarts Draft, VA",2,3,36980,"Owensboro, KY",2,3.6619545052682954,10884.0,88.61,55.698,68002.0,76743.03126058007,61968.56622802557,49685.52819620073,0.23782500534711193,0.36633663366336633
44420,"Staunton-Stuarts Draft, VA",2,4,40580,"Rocky Mount, NC",2,3.721553305678543,11040.0,88.012,56.103,59636.0,67758.94196245966,63586.16470998596,51042.42067508163,0.23718808245067868,0.37398373983739835
44420,"Staunton-Stuarts Draft, VA",2,5,27500,"Janesville-Beloit, WI",4,3.9271996240978537,12444.0,93.703,79.552,75673.0,80758.35352123197,66473.54932463648,53193.29148870807,0.24034669263041522,0.32567049808429116
44420,"Staunton-Stuarts Draft, VA",2,6,30620,"Lima, OH",2,3.9961137225079915,11064.0,89.669,57.275,64038.0,71415.9854576275,64678.78328276013,52340.07090724574,0.22672824193499586,0.34545454545454546
44420,"Staunton-Stuarts Draft, VA",2,7,21780,"Evansville, IN",4,3.9964106451370442,11832.0,91.528,66.735,68232.0,74547.67939865396,64327.87401552051,51400.68233647148,0.2355851644071024,0.3278236914600551
44420,"Staunton-Stuarts Draft, VA",2,8,31340,"Lynchburg, VA",4,4.071558240220398,11892.0,89.363,63.912,68996.0,77208.6881595291,66726.68393557685,53419.16292576295,0.23931646222428965,0.3181818181818182
44420,"Staunton-Stuarts Draft, VA",2,9,33780,"Monroe, MI",2,4.118137449875793,12708.0,93.492,74.641,77335.0,82718.30744876566,66457.0452288844,52864.43837482201,0.24608840979640453,0.34183673469387754
44420,"Staunton-Stuarts Draft, VA",2,10,25500,"Harrisonburg, VA",2,4.18310087038172,14076.0,94.892,82.272,75065.0,79105.72018716014,62081.14373235451,47247.438045889896,0.2815344368859989,0.36329588014981273
44700,"Stockton-Lodi, CA",5,1,40140,"Riverside-San Bernardino-Ontario, CA",1,5.013887858034143,22152.0,106.442,129.312,89662.0,84235.54611901318,67744.85995409268,46933.52608212485,0.37097449344453437,0.21124620060790272
44700,"Stockton-Lodi, CA",5,2,33700,"Modesto, CA",5,5.398808765548814,19476.0,104.108,108.476,81468.0,78253.35228800861,67774.94121726394,49067.44515548194,0.3266800405031649,0.3374384236453202
44700,"Stockton-Lodi, CA",5,3,10900,"Allentown-Bethlehem-Easton, PA-NJ",4,5.471833900517857,16380.0,99.968,105.52,84587.0,84614.07650448143,64048.92702919836,47663.683751349454,0.3001356390785087,0.25775193798449614
44700,"Stockton-Lodi, CA",5,4,28450,"Kenosha, WI",5,6.103517088279729,14628.0,101.118,95.814,81239.0,80340.78996815602,63315.08555071433,48848.81841726628,0.2731131807864298,0.29435483870967744
44700,"Stockton-Lodi, CA",5,5,49620,"York-Hanover, PA",4,6.389664051454978,14316.0,96.0,79.762,84829.0,88363.54166666667,63750.44718013469,48837.94718013469,0.27805188096679934,0.2964824120603015
44700,"Stockton-Lodi, CA",5,6,29540,"Lancaster, PA",3,6.5151617581838215,16284.0,98.257,93.815,86959.0,88501.58258444691,61217.05816689836,44644.1931292929,0.3136956554666581,0.31685393258426964
44700,"Stockton-Lodi, CA",5,7,39740,"Reading, PA",4,6.737027905679808,14172.0,97.06,85.419,79777.0,82193.48856377498,63929.24829493275,49327.970734660754,0.26702749400029324,0.2684729064039409
44700,"Stockton-Lodi, CA",5,8,29460,"Lakeland-Winter Haven, FL",3,6.762869775961543,16356.0,97.141,95.942,65978.0,67919.82787906239,58716.23195532363,41878.851240692326,0.33371656755950563,0.24768518518518517
44700,"Stockton-Lodi, CA",5,9,23420,"Fresno, CA",5,6.863623408291049,16704.0,102.158,95.725,74468.0,72894.92746529885,66492.0975055277,50140.955157400276,0.2932519632166356,0.2350674373795761
44700,"Stockton-Lodi, CA",5,10,39900,"Reno, NV",3,7.014329821506371,19104.0,101.014,123.478,87485.0,86606.80697725067,63229.712016809666,44317.4820288872,0.34879671340643237,0.30364372469635625
44940,"Sumter, SC",2,1,30300,"Lewiston, ID-WA",2,3.755367745750433,12288.0,91.16,71.925,72475.0,79503.07152259763,63079.71045665597,49600.114142483086,0.24642421751260365,0.32679738562091504
44940,"Sumter, SC",2,2,46660,"Valdosta, GA",2,4.22604851531403,12300.0,88.271,58.758,57085.0,64670.163473847584,59038.44953295425,45104.08830446471,0.2825291611788849,0.35864978902953587
44940,"Sumter, SC",2,3,36980,"Owensboro, KY",2,4.438272298160097,10884.0,88.61,55.698,68002.0,76743.03126058007,61968.56622802557,49685.52819620073,0.23782500534711193,0.36633663366336633
44940,"Sumter, SC",2,4,21060,"Elizabethtown, KY",2,4.670108512972526,11568.0,90.572,66.669,67534.0,74563.88287771054,63070.00777487575,50297.84860868752,0.23883372018100513,0.3425925925925926
44940,"Sumter, SC",2,5,10500,"Albany, GA",2,4.72916712316075,11400.0,87.669,54.626,56906.0,64910.05942807606,63410.94034166649,50407.48415989186,0.2527808062075669,0.3601694915254237
44940,"Sumter, SC",2,6,24140,"Goldsboro, NC",2,4.734626731360787,11580.0,88.462,57.684,59733.0,67523.9085709118,60073.05161161477,46982.68512657035,0.26023030310527223,0.27835051546391754
44940,"Sumter, SC",2,7,48700,"Williamsport, PA",2,4.773266411311866,10956.0,92.35,64.392,63917.0,69211.69463995668,61918.573443537956,50055.0109096993,0.22641284961979163,0.358974358974359
44940,"Sumter, SC",2,8,17420,"Cleveland, TN",2,4.821557851728614,12072.0,88.08,60.327,66135.0,75085.14986376022,61338.95322434151,47633.23115349682,0.27203319219128225,0.3251231527093596
44940,"Sumter, SC",2,9,46300,"Twin Falls, ID",2,4.825676143280617,12852.0,92.108,73.833,68810.0,74705.78017110348,59987.28474757254,46034.099356509876,0.27227558436631183,0.4236453201970443
44940,"Sumter, SC",2,10,48660,"Wichita Falls, TX",2,4.837054565158353,11940.0,89.513,68.208,65379.0,73038.55305933216,60039.527016390704,46700.68237929889,0.26803627407771496,0.3374485596707819
45060,"Syracuse, NY",4,1,40380,"Rochester, NY",4,2.404173797636789,13716.0,97.035,87.481,76284.0,78614.93275622198,68855.4798247465,54720.37393511904,0.23952373161743856,0.31393298059964725
45060,"Syracuse, NY",4,2,15380,"Buffalo-Cheektowaga, NY",4,2.4283486410132076,12684.0,95.844,80.989,72237.0,75369.35019406537,71795.89607982081,58561.89082127568,0.2184560153424531,0.28027681660899656
45060,"Syracuse, NY",4,3,13780,"Binghamton, NY",4,3.654844395371118,11268.0,92.863,69.694,64590.0,69554.07428146839,69819.2476058189,57685.24375067746,0.20875934676794164,0.33432835820895523
45060,"Syracuse, NY",4,4,46540,"Utica-Rome, NY",4,3.9721606225150228,11100.0,92.678,66.063,69779.0,75291.87077839402,68576.24046223832,56599.28800318654,0.20433289516250724,0.33240997229916897
45060,"Syracuse, NY",4,5,44060,"Spokane-Spokane Valley, WA",5,4.126168651848004,15168.0,100.346,97.059,77488.0,77220.81597672055,68263.22469141947,53147.52501230919,0.2529602704334384,0.30165289256198347
45060,"Syracuse, NY",4,6,38300,"Pittsburgh, PA",4,4.3569120252024005,12636.0,94.671,71.986,75762.0,80026.6184998574,66463.37941855424,53116.103061486065,0.23725910596419883,0.24960753532182103
45060,"Syracuse, NY",4,7,10580,"Albany-Schenectady-Troy, NY",4,4.465175983004288,15360.0,99.566,102.582,88074.0,88457.90731775906,70461.07192936643,55034.118953450954,0.25776651404899287,0.35304347826086957
45060,"Syracuse, NY",4,8,33340,"Milwaukee-Waukesha, WI",4,4.52792477522995,13668.0,96.937,97.111,78218.0,80689.51999752417,68438.57298461662,54338.69368156412,0.2432016245299029,0.24273504273504273
45060,"Syracuse, NY",4,9,29620,"Lansing-East Lansing, MI",4,4.560350987926852,13032.0,94.991,83.472,72550.0,76375.65664115548,68225.30697149358,54506.112521493065,0.23614684705994923,0.3090909090909091
45060,"Syracuse, NY",4,10,30460,"Lexington-Fayette, KY",4,4.644375349619875,13656.0,92.889,77.093,71966.0,77475.26617791127,65679.17980959354,50977.761988322985,0.2637648845559352,0.2595078299776286
45220,"Tallahassee, FL",3,1,37860,"Pensacola-Ferry Pass-Brent, FL",3,6.41278300903496,16248.0,97.717,98.77,75967.0,77741.84635222121,58562.87738004662,41935.26908261629,0.3324508354890374,0.3230769230769231
45220,"Tallahassee, FL",3,2,17900,"Columbia, SC",4,6.721667420129983,14316.0,93.662,79.455,68359.0,72984.77504217291,63684.94238174577,48400.195098963,0.28677960507808814,0.23391812865497075
45220,"Tallahassee, FL",3,3,16180,"Carson City, NV",3,6.788053119063284,14976.0,98.13,101.176,72355.0,73733.82248038317,61821.69442832464,46560.306473570745,0.2956820296487232,0.3392857142857143
45220,"Tallahassee, FL",3,4,23540,"Gainesville, FL",3,6.849736480478951,15540.0,96.733,92.982,61468.0,63543.98188829045,58740.95981243963,42676.12154628434,0.31570267845523414,0.23380281690140844
45220,"Tallahassee, FL",3,5,42140,"Santa Fe, NM",3,6.943275916651395,16668.0,98.767,107.978,79071.0,80058.11657739934,63056.16468106011,46180.08258886332,0.31475592708752903,0.4396887159533074
45220,"Tallahassee, FL",3,6,46060,"Tucson, AZ",4,6.968400781446258,14544.0,96.896,91.765,70315.0,72567.49504623514,62973.76512906566,47963.857599343064,0.2787791107961612,0.25260960334029225
45220,"Tallahassee, FL",3,7,27260,"Jacksonville, FL",3,7.089668562412099,18156.0,99.484,109.777,79643.0,80056.08942141451,61809.61575844957,43559.44487669975,0.3471988980962408,0.21837088388214904
45220,"Tallahassee, FL",3,8,33860,"Montgomery, AL",4,7.208417450355692,13140.0,89.682,64.347,64010.0,71374.41181061974,61830.14057075741,47178.37098488734,0.28340972491274713,0.3485254691689008
45220,"Tallahassee, FL",3,9,45300,"Tampa-St. Petersburg-Clearwater, FL",3,7.253100796280161,19536.0,100.89,125.839,74392.0,73735.75180890078,59465.07072966093,40101.40733388336,0.37957932846007064,0.24006359300476948
45220,"Tallahassee, FL",3,10,30780,"Little Rock-North Little Rock-Conway, AR",4,7.335332807005196,12660.0,89.364,68.295,67154.0,75146.59146860032,60718.25578171768,46551.47721316659,0.2692428810447293,0.29292929292929293
45300,"Tampa-St. Petersburg-Clearwater, FL",3,1,27260,"Jacksonville, FL",3,3.094619023588503,18156.0,99.484,109.777,79643.0,80056.08942141451,61809.61575844957,43559.44487669975,0.3471988980962408,0.21837088388214904
45300,"Tampa-St. Petersburg-Clearwater, FL",3,2,36740,"Orlando-Kissimmee-Sanford, FL",3,4.249447080714462,21120.0,101.418,123.374,78533.0,77434.9720956832,58961.82523967011,38137.11956612103,0.4124475879134673,0.23
45300,"Tampa-St. Petersburg-Clearwater, FL",3,3,38060,"Phoenix-Mesa-Chandler, AZ",1,4.75114234308858,20424.0,103.316,121.236,88301.0,85466.91703124394,63795.93762867011,44027.46033570484,0.36109507456401635,0.23355263157894737
45300,"Tampa-St. Petersburg-Clearwater, FL",3,4,16700,"Charleston-North Charleston, SC",3,4.765008358808881,19260.0,100.962,119.77,85254.0,84441.67112378916,63358.45642415075,44281.97220236433,0.363787039055273,0.2874015748031496
45300,"Tampa-St. Petersburg-Clearwater, FL",3,5,35840,"North Port-Bradenton-Sarasota, FL",3,4.807709750154692,20964.0,102.417,127.95,80859.0,78950.76012771318,58295.16398581491,37825.90595248059,0.4099315419670332,0.2753303964757709
45300,"Tampa-St. Petersburg-Clearwater, FL",3,6,12060,"Atlanta-Sandy Springs-Roswell, GA",1,4.911885485016995,20064.0,100.058,111.022,89724.0,89671.99024565752,65399.90559141387,45347.53596579673,0.3707652333637077,0.20268256333830104
45300,"Tampa-St. Petersburg-Clearwater, FL",3,7,34980,"Nashville-Davidson--Murfreesboro--Franklin, TN",1,5.174627181470933,18336.0,96.338,104.626,85447.0,88695.0113143308,65971.2658122988,46938.27779095728,0.3405239575125513,0.24666666666666667
45300,"Tampa-St. Petersburg-Clearwater, FL",3,8,16740,"Charlotte-Concord-Gastonia, NC-SC",1,5.326088388387605,17676.0,97.348,97.635,83304.0,85573.40674692855,65335.56193294378,47178.02402769663,0.32930309038430056,0.20500782472613457
45300,"Tampa-St. Petersburg-Clearwater, FL",3,9,37860,"Pensacola-Ferry Pass-Brent, FL",3,5.384278933497237,16248.0,97.717,98.77,75967.0,77741.84635222121,58562.87738004662,41935.26908261629,0.3324508354890374,0.3230769230769231
45300,"Tampa-St. Petersburg-Clearwater, FL",3,10,14260,"Boise City, ID",3,5.390596099237281,17844.0,98.391,105.58,85987.0,87393.15587807828,62582.30278719957,44446.497683074194,0.33615988563011345,0.2851153039832285
45460,"Terre Haute, IN",2,1,31900,"Mansfield, OH",2,3.1987996589845404,9888.0,88.872,54.919,59509.0,66960.34746601855,62618.687943722405,51492.57398206969,0.20843290776580617,0.39565217391304347
45460,"Terre Haute, IN",2,2,49660,"Youngstown-Warren, OH",2,3.2729627522592972,9540.0,87.394,53.448,56713.0,64893.47094766231,63549.85505936163,52633.77386385622,0.20069441219467554,0.3277777777777778
45460,"Terre Haute, IN",2,3,30620,"Lima, OH",2,3.4372492619610706,11064.0,89.669,57.275,64038.0,71415.9854576275,64678.78328276013,52340.07090724574,0.22672824193499586,0.34545454545454546
45460,"Terre Haute, IN",2,4,40580,"Rocky Mount, NC",2,3.508398458890523,11040.0,88.012,56.103,59636.0,67758.94196245966,63586.16470998596,51042.42067508163,0.23718808245067868,0.37398373983739835
45460,"Terre Haute, IN",2,5,48260,"Weirton-Steubenville, WV-OH",2,3.7360049971727753,9420.0,89.024,52.383,58784.0,66031.63191948239,61784.71012197054,51203.293874666444,0.20762400003583392,0.40782122905027934
45460,"Terre Haute, IN",2,6,15940,"Canton-Massillon, OH",4,3.8517449501937873,10896.0,89.406,58.143,67801.0,75834.95514842404,63138.081042181606,50950.979505372,0.22437122305040677,0.3256997455470738
45460,"Terre Haute, IN",2,7,43780,"South Bend-Mishawaka, IN-MI",4,3.8518998247589433,12552.0,92.858,74.586,67217.0,72386.8702750436,64529.314989695355,51011.901304283216,0.24506448426998492,0.3015463917525773
45460,"Terre Haute, IN",2,8,21780,"Evansville, IN",4,3.870216202280087,11832.0,91.528,66.735,68232.0,74547.67939865396,64327.87401552051,51400.68233647148,0.2355851644071024,0.3278236914600551
45460,"Terre Haute, IN",2,9,36980,"Owensboro, KY",2,3.9643218341392226,10884.0,88.61,55.698,68002.0,76743.03126058007,61968.56622802557,49685.52819620073,0.23782500534711193,0.36633663366336633
45460,"Terre Haute, IN",2,10,31340,"Lynchburg, VA",4,3.997291196778075,11892.0,89.363,63.912,68996.0,77208.6881595291,66726.68393557685,53419.16292576295,0.23931646222428965,0.3181818181818182
45500,"Texarkana, TX-AR",2,1,48660,"Wichita Falls, TX",2,3.0611259805060036,11940.0,89.513,68.208,65379.0,73038.55305933216,60039.527016390704,46700.68237929889,0.26803627407771496,0.3374485596707819
45500,"Texarkana, TX-AR",2,2,27860,"Jonesboro, AR",2,3.7518153222423654,11148.0,85.876,53.848,56738.0,66069.68186687781,60278.60351726368,47297.09529610759,0.25100764913006907,0.3983402489626556
45500,"Texarkana, TX-AR",2,3,36980,"Owensboro, KY",2,3.775223467555726,10884.0,88.61,55.698,68002.0,76743.03126058007,61968.56622802557,49685.52819620073,0.23782500534711193,0.36633663366336633
45500,"Texarkana, TX-AR",2,4,10500,"Albany, GA",2,3.8526606474518976,11400.0,87.669,54.626,56906.0,64910.05942807606,63410.94034166649,50407.48415989186,0.2527808062075669,0.3601694915254237
45500,"Texarkana, TX-AR",2,5,43340,"Shreveport-Bossier City, LA",2,3.9451070819398386,12168.0,84.766,52.286,55925.0,65975.74499209588,63475.7282131115,49120.916142234026,0.2779671839710722,0.3884057971014493
45500,"Texarkana, TX-AR",2,6,46660,"Valdosta, GA",2,4.19482527724463,12300.0,88.271,58.758,57085.0,64670.163473847584,59038.44953295425,45104.08830446471,0.2825291611788849,0.35864978902953587
45500,"Texarkana, TX-AR",2,7,27180,"Jackson, TN",2,4.202478762061872,11964.0,85.522,56.567,61177.0,71533.64046678047,64366.84420383058,50377.461354972984,0.2560485348037776,0.3711340206185567
45500,"Texarkana, TX-AR",2,8,22900,"Fort Smith, AR-OK",2,4.27173323367986,10392.0,85.888,53.443,58468.0,68074.70193740685,58892.34541160423,46792.86702114223,0.23832657232574747,0.34797297297297297
45500,"Texarkana, TX-AR",2,9,33740,"Monroe, LA",2,4.31539994897293,11172.0,83.597,42.815,51660.0,61796.4759500939,62682.74243490622,49318.626497731435,0.26206553733126503,0.40601503759398494
45500,"Texarkana, TX-AR",2,10,14540,"Bowling Green, KY",2,4.353397659377206,11700.0,90.179,63.395,63328.0,70224.77516938532,60885.41767580124,47911.2219096029,0.2515916322732563,0.32967032967032966
45780,"Toledo, OH",4,1,10420,"Akron, OH",4,2.8954138780812837,12396.0,93.37,76.785,72371.0,77509.9068223198,65443.69046198477,52167.47754563048,0.23829894393732945,0.2775423728813559
45780,"Toledo, OH",4,2,40420,"Rockford, IL",4,2.9939815024073595,12276.0,92.154,70.076,68033.0,73825.33585085835,66247.96407049483,52926.78430618726,0.23770536809852624,0.29080118694362017
45780,"Toledo, OH",4,3,37900,"Peoria, IL",4,3.393475288450683,11460.0,91.231,63.763,71857.0,78763.79739342986,69581.11682553023,57019.59716664234,0.21445568399867354,0.30238726790450926
45780,"Toledo, OH",4,4,19430,"Dayton-Kettering-Beavercreek, OH",4,3.502639655088986,12468.0,92.694,72.712,71739.0,77393.3587934494,69465.98837606114,56015.2795923211,0.2309123392681901,0.2871900826446281
45780,"Toledo, OH",4,5,23060,"Fort Wayne, IN",4,3.6753491907781237,12036.0,92.572,72.277,71213.0,76927.14859784815,63424.868905130206,50423.097311127705,0.23763223462009603,0.3185840707964602
45780,"Toledo, OH",4,6,15940,"Canton-Massillon, OH",4,3.6855851772251986,10896.0,89.406,58.143,67801.0,75834.95514842404,63138.081042181606,50950.979505372,0.22437122305040677,0.3256997455470738
45780,"Toledo, OH",4,7,24580,"Green Bay, WI",4,3.74266816397302,12120.0,93.086,74.696,79267.0,85154.5882302387,65835.59204587441,52815.37418282305,0.22732122905949836,0.3058252427184466
45780,"Toledo, OH",4,8,19340,"Davenport-Moline-Rock Island, IA-IL",4,3.8309630609758387,11292.0,89.079,68.346,72738.0,81655.60906610986,68382.6994289967,55706.31105463237,0.21823192377203676,0.26218097447795824
45780,"Toledo, OH",4,9,43780,"South Bend-Mishawaka, IN-MI",4,3.8853053524473533,12552.0,92.858,74.586,67217.0,72386.8702750436,64529.314989695355,51011.901304283216,0.24506448426998492,0.3015463917525773
45780,"Toledo, OH",4,10,49660,"Youngstown-Warren, OH",2,3.9384081806312476,9540.0,87.394,53.448,56713.0,64893.47094766231,63549.85505936163,52633.77386385622,0.20069441219467554,0.3277777777777778
45820,"Topeka, KS",4,1,17860,"Columbia, MO",4,3.9277817652152502,12840.0,89.438,69.248,72340.0,80882.84621749145,66558.14857563554,52201.83470457402,0.25362735798030933,0.309375
45820,"Topeka, KS",4,2,44100,"Springfield, IL",4,4.135472093935803,11748.0,92.745,71.616,75895.0,81831.90468488866,66825.75246857957,54158.76233434053,0.22267191134467204,0.30914826498422715
45820,"Topeka, KS",4,3,44180,"Springfield, MO",4,4.363791913638007,11664.0,88.585,65.568,65071.0,73456.00270926229,63126.94834819056,49959.933616576855,0.2404464327024649,0.28672985781990523
45820,"Topeka, KS",4,4,30700,"Lincoln, NE",4,4.461387017688821,12984.0,91.581,84.208,75049.0,81948.22070080039,66038.39117887121,51860.77791847877,0.24763292461288774,0.40046296296296297
45820,"Topeka, KS",4,5,10420,"Akron, OH",4,4.574389280762495,12396.0,93.37,76.785,72371.0,77509.9068223198,65443.69046198477,52167.47754563048,0.23829894393732945,0.2775423728813559
45820,"Topeka, KS",4,6,16300,"Cedar Rapids, IA",4,4.5928750401412834,11136.0,88.963,71.447,78080.0,87766.82441014805,67989.84945273602,55472.285971288664,0.21432513824084137,0.3076923076923077
45820,"Topeka, KS",4,7,19340,"Davenport-Moline-Rock Island, IA-IL",4,4.661086911035833,11292.0,89.079,68.346,72738.0,81655.60906610986,68382.6994289967,55706.31105463237,0.21823192377203676,0.26218097447795824
45820,"Topeka, KS",4,8,30460,"Lexington-Fayette, KY",4,4.667269650265596,13656.0,92.889,77.093,71966.0,77475.26617791127,65679.17980959354,50977.761988322985,0.2637648845559352,0.2595078299776286
45820,"Topeka, KS",4,9,13780,"Binghamton, NY",4,4.707312527937533,11268.0,92.863,69.694,64590.0,69554.07428146839,69819.2476058189,57685.24375067746,0.20875934676794164,0.33432835820895523
45820,"Topeka, KS",4,10,46540,"Utica-Rome, NY",4,4.721195384989507,11100.0,92.678,66.063,69779.0,75291.87077839402,68576.24046223832,56599.28800318654,0.20433289516250724,0.33240997229916897
45900,"Traverse City, MI",2,1,24300,"Grand Junction, CO",2,3.5831658697261517,14184.0,95.476,86.367,73658.0,77148.18383677573,62686.99538552695,47830.90589706912,0.27235353663590656,0.42402826855123676
45900,"Traverse City, MI",2,2,13740,"Billings, MT",4,3.68401510735372,13404.0,93.526,77.364,77194.0,82537.476209824,65507.996490445395,51176.152938919615,0.2575829546765246,0.4252199413489736
45900,"Traverse City, MI",2,3,10180,"Abilene, TX",2,4.449176411388324,13692.0,90.364,73.791,67328.0,74507.54725333097,61015.10519141739,45863.05348941217,0.29480265501265174,0.3494809688581315
45900,"Traverse City, MI",2,4,21780,"Evansville, IN",4,4.53887628877958,11832.0,91.528,66.735,68232.0,74547.67939865396,64327.87401552051,51400.68233647148,0.2355851644071024,0.3278236914600551
45900,"Traverse City, MI",2,5,26820,"Idaho Falls, ID",4,4.547919346625943,13524.0,94.412,83.985,80291.0,85043.21484557047,64894.98335528667,50570.53307354283,0.2703297036209735,0.35315985130111527
45900,"Traverse City, MI",2,6,43780,"South Bend-Mishawaka, IN-MI",4,4.563768525412507,12552.0,92.858,74.586,67217.0,72386.8702750436,64529.314989695355,51011.901304283216,0.24506448426998492,0.3015463917525773
45900,"Traverse City, MI",2,7,12620,"Bangor, ME",2,4.579396548975055,12492.0,96.508,77.688,66356.0,68756.99423881958,63285.9248892909,50341.9202471887,0.23516302037792222,0.4
45900,"Traverse City, MI",2,8,41540,"Salisbury, MD",2,4.583535790550793,15288.0,95.617,87.212,73802.0,77185.01940031584,64197.91982597236,48209.13122143551,0.2976588692551509,0.3983402489626556
45900,"Traverse City, MI",2,9,31340,"Lynchburg, VA",4,4.696883761599595,11892.0,89.363,63.912,68996.0,77208.6881595291,66726.68393557685,53419.16292576295,0.23931646222428965,0.3181818181818182
45900,"Traverse City, MI",2,10,20740,"Eau Claire, WI",4,4.721799925551292,12396.0,92.796,72.85,74595.0,80386.00801758695,65810.39035741365,52452.05594644766,0.23801879735332193,0.31715210355987056
45940,"Trenton-Princeton, NJ",1,1,36500,"Olympia-Lacey-Tumwater, WA",1,4.545232169967857,20832.0,103.67,116.675,96563.0,93144.5934214334,71581.64547165536,51487.114749170556,0.3273678181700215,0.336231884057971
45940,"Trenton-Princeton, NJ",1,2,10580,"Albany-Schenectady-Troy, NY",4,6.0778572362606385,15360.0,99.566,102.582,88074.0,88457.90731775906,70461.07192936643,55034.118953450954,0.25776651404899287,0.35304347826086957
45940,"Trenton-Princeton, NJ",1,3,25540,"Hartford-West Hartford-East Hartford, CT",1,6.79337073171257,16992.0,102.746,110.234,95118.0,92575.86670040683,71257.96861612689,54720.09852872691,0.27788520830891394,0.2864864864864865
45940,"Trenton-Princeton, NJ",1,4,31540,"Madison, WI",1,6.873361058863617,16248.0,97.287,99.748,88804.0,91280.4382908302,70765.56801523487,54064.46714872649,0.2777887735363412,0.3302238805970149
45940,"Trenton-Princeton, NJ",1,5,20500,"Durham-Chapel Hill, NC",1,6.9022012508116015,17592.0,97.572,98.934,83500.0,85577.8297052433,69635.24282625629,51605.480189434245,0.3129417851272658,0.30269058295964124
45940,"Trenton-Princeton, NJ",1,6,12580,"Baltimore-Columbia-Towson, MD",1,7.072215300834625,19332.0,104.487,118.194,99470.0,95198.4457396614,67308.79132704846,48806.96813373255,0.32844073814588853,0.30670926517571884
45940,"Trenton-Princeton, NJ",1,7,40900,"Sacramento-Roseville-Folsom, CA",1,7.335262475694325,21828.0,106.67,130.23,97188.0,91110.90278428799,72284.30998105383,51821.19945325783,0.34014191851906084,0.25232198142414863
45940,"Trenton-Princeton, NJ",1,8,49340,"Worcester, MA",5,7.675906472113906,17112.0,102.523,113.001,95939.0,93578.02639407742,71034.52136418616,54343.63249047002,0.27836628366176264,0.35084033613445376
45940,"Trenton-Princeton, NJ",1,9,14460,"Boston-Cambridge-Newton, MA-NH",1,7.810074167838773,24276.0,108.266,148.424,115863.0,107016.97670552156,71208.52884058042,48785.97697757634,0.3742820096621183,0.2928679817905918
45940,"Trenton-Princeton, NJ",1,10,40060,"Richmond, VA",1,7.866664517684332,17364.0,97.858,99.136,86679.0,88576.30444112897,68241.30691375065,50497.22875969068,0.3106618908925918,0.2777777777777778
46060,"Tucson, AZ",4,1,17900,"Columbia, SC",4,3.4083299431433796,14316.0,93.662,79.455,68359.0,72984.77504217291,63684.94238174577,48400.195098963,0.28677960507808814,0.23391812865497075
46060,"Tucson, AZ",4,2,28940,"Knoxville, TN",4,3.8117061781280936,13740.0,92.569,82.783,72422.0,78235.69445494712,64160.4664692093,49317.48447739778,0.27624760022122646,0.29259259259259257
46060,"Tucson, AZ",4,3,10740,"Albuquerque, NM",4,3.8143895262897636,13872.0,95.546,89.153,70783.0,74082.64082222174,66245.07376741902,51726.412598976596,0.26366986004580767,0.2910602910602911
46060,"Tucson, AZ",4,4,24860,"Greenville-Anderson-Greer, SC",4,4.004674802123007,13800.0,93.26,76.836,71240.0,76388.59103581385,64467.9390950032,49670.598327257125,0.27513359975790086,0.2655038759689923
46060,"Tucson, AZ",4,5,41700,"San Antonio-New Braunfels, TX",4,4.07981056905605,16356.0,94.716,94.575,76213.0,80464.75780227206,65452.93090162896,48184.465172501885,0.3194721786194416,0.20689655172413793
46060,"Tucson, AZ",4,6,36420,"Oklahoma City, OK",4,4.148445364998798,13488.0,90.408,73.885,72094.0,79742.94310238032,66009.0050723851,51089.97135855447,0.27197005468478924,0.2937062937062937
46060,"Tucson, AZ",4,7,30460,"Lexington-Fayette, KY",4,4.177431970090385,13656.0,92.889,77.093,71966.0,77475.26617791127,65679.17980959354,50977.761988322985,0.2637648845559352,0.2595078299776286
46060,"Tucson, AZ",4,8,12260,"Augusta-Richmond County, GA-SC",4,4.233381370002371,13440.0,91.903,70.603,69344.0,75453.46724263625,65140.91119212998,50516.79663656596,0.2768530164375221,0.271264367816092
46060,"Tucson, AZ",4,9,40220,"Roanoke, VA",4,4.362855488577673,12516.0,93.618,78.531,68761.0,73448.482129505,62641.13272502912,49271.9088578241,0.25237181089584726,0.2727272727272727
46060,"Tucson, AZ",4,10,47380,"Waco, TX",4,4.383151328199037,13812.0,92.55,83.531,66205.0,71534.30578065911,63271.5083520552,48347.68339257384,0.28515605049146603,0.2621082621082621
46140,"Tulsa, OK",4,1,36420,"Oklahoma City, OK",4,2.6429668931734187,13488.0,90.408,73.885,72094.0,79742.94310238032,66009.0050723851,51089.97135855447,0.27197005468478924,0.2937062937062937
46140,"Tulsa, OK",4,2,28940,"Knoxville, TN",4,3.119755613713751,13740.0,92.569,82.783,72422.0,78235.69445494712,64160.4664692093,49317.48447739778,0.27624760022122646,0.29259259259259257
46140,"Tulsa, OK",4,3,24660,"Greensboro-High Point, NC",4,3.2141201987422474,13116.0,92.865,74.519,65565.0,70602.48748182846,64513.973821422944,50390.245829176136,0.2594799531728843,0.278
46140,"Tulsa, OK",4,4,13820,"Birmingham, AL",4,3.2312197024760114,14064.0,91.644,71.851,71498.0,78017.10968530399,65723.20893893762,50376.868753000745,0.2824240211735994,0.31392931392931395
46140,"Tulsa, OK",4,5,48620,"Wichita, KS",4,3.285943647095312,11844.0,88.946,66.245,70655.0,79435.83747442267,66396.8130349132,53080.868529258085,0.24047063980016656,0.27467811158798283
46140,"Tulsa, OK",4,6,24860,"Greenville-Anderson-Greer, SC",4,3.290871683109723,13800.0,93.26,76.836,71240.0,76388.59103581385,64467.9390950032,49670.598327257125,0.27513359975790086,0.2655038759689923
46140,"Tulsa, OK",4,7,16860,"Chattanooga, TN-GA",4,3.2917591542695295,13956.0,91.464,76.55,72161.0,78895.52173532757,62800.371904345215,47541.90955850423,0.286937745330927,0.2907488986784141
46140,"Tulsa, OK",4,8,33660,"Mobile, AL",2,3.5122159181278163,12624.0,88.098,60.116,58880.0,66834.66139980477,63613.36681434754,49283.870117487226,0.269627839278571,0.34908136482939633
46140,"Tulsa, OK",4,9,31140,"Louisville/Jefferson County, KY-IN",4,3.6753951484069742,13392.0,93.074,78.558,73863.0,79359.43442851923,65402.935966981255,51014.384921576515,0.2548875194337051,0.21847246891651864
46140,"Tulsa, OK",4,10,44180,"Springfield, MO",4,3.8587165858633985,11664.0,88.585,65.568,65071.0,73456.00270926229,63126.94834819056,49959.933616576855,0.2404464327024649,0.28672985781990523
46220,"Tuscaloosa, AL",4,1,43900,"Spartanburg, SC",4,3.458387007621361,12684.0,91.051,68.007,64382.0,70709.8219679081,65350.0431802967,51419.38893157896,0.25919614848189526,0.27011494252873564
46220,"Tuscaloosa, AL",4,2,23060,"Fort Wayne, IN",4,3.7793150077200677,12036.0,92.572,72.277,71213.0,76927.14859784815,63424.868905130206,50423.097311127705,0.23763223462009603,0.3185840707964602
46220,"Tuscaloosa, AL",4,3,40420,"Rockford, IL",4,3.8998988983181517,12276.0,92.154,70.076,68033.0,73825.33585085835,66247.96407049483,52926.78430618726,0.23770536809852624,0.29080118694362017
46220,"Tuscaloosa, AL",4,4,21780,"Evansville, IN",4,3.960619218297267,11832.0,91.528,66.735,68232.0,74547.67939865396,64327.87401552051,51400.68233647148,0.2355851644071024,0.3278236914600551
46220,"Tuscaloosa, AL",4,5,45460,"Terre Haute, IN",2,4.015021449840158,10704.0,87.797,51.923,56594.0,64460.0612777202,64655.30505805231,52463.544519537325,0.22269635004934,0.3898916967509025
46220,"Tuscaloosa, AL",4,6,43580,"Sioux City, IA-NE-SD",4,4.015911237775867,12024.0,86.454,57.849,75192.0,86973.41939065862,68073.12295123762,54165.14876843521,0.24084804678289062,0.2916666666666667
46220,"Tuscaloosa, AL",4,7,29200,"Lafayette-West Lafayette, IN",4,4.017979029177799,13284.0,93.43,76.442,62011.0,66371.61511291875,63154.16176103321,48936.03053979806,0.2642391809024139,0.26143790849673204
46220,"Tuscaloosa, AL",4,8,40580,"Rocky Mount, NC",2,4.075854648849573,11040.0,88.012,56.103,59636.0,67758.94196245966,63586.16470998596,51042.42067508163,0.23718808245067868,0.37398373983739835
46220,"Tuscaloosa, AL",4,9,27900,"Joplin, MO-KS",2,4.081251837717107,11136.0,85.718,53.976,61901.0,72214.70402949204,65535.97466175526,52544.537624026896,0.23239779092365825,0.31690140845070425
46220,"Tuscaloosa, AL",4,10,31340,"Lynchburg, VA",4,4.08709687518694,11892.0,89.363,63.912,68996.0,77208.6881595291,66726.68393557685,53419.16292576295,0.23931646222428965,0.3181818181818182
46300,"Twin Falls, ID",2,1,33140,"Michigan City-La Porte, IN",2,3.952233476775785,11712.0,91.682,68.451,71055.0,77501.58155363103,60308.200852819915,47533.61042067401,0.24751796376976304,0.34759358288770054
46300,"Twin Falls, ID",2,2,16220,"Casper, WY",2,4.045151882745895,12192.0,93.829,74.189,72156.0,76901.59758709994,63041.17064020719,50047.32012490808,0.24683207557369424,0.4405940594059406
46300,"Twin Falls, ID",2,3,23900,"Gettysburg, PA",2,4.189855048559054,13380.0,95.379,73.865,84092.0,88166.15816898897,59957.413696091804,45929.16848488179,0.27853825994911163,0.4228571428571429
46300,"Twin Falls, ID",2,4,36980,"Owensboro, KY",2,4.278329131919408,10884.0,88.61,55.698,68002.0,76743.03126058007,61968.56622802557,49685.52819620073,0.23782500534711193,0.36633663366336633
46300,"Twin Falls, ID",2,5,47020,"Victoria, TX",2,4.298912950862288,13812.0,89.839,69.318,70236.0,78179.85507407696,60374.08746734778,44999.91811995968,0.30440067181058594,0.4020618556701031
46300,"Twin Falls, ID",2,6,46660,"Valdosta, GA",2,4.406631089968626,12300.0,88.271,58.758,57085.0,64670.163473847584,59038.44953295425,45104.08830446471,0.2825291611788849,0.35864978902953587
46300,"Twin Falls, ID",2,7,22520,"Florence-Muscle Shoals, AL",2,4.483541889233346,10236.0,84.817,47.677,61891.0,72970.04138321328,60980.613091131,48912.27773383236,0.2468446353120323,0.4383561643835616
46300,"Twin Falls, ID",2,8,30140,"Lebanon, PA",2,4.551736298643794,13320.0,93.214,66.039,78425.0,84134.35749994636,62203.51361122803,47913.814638970645,0.2692273627288504,0.35023041474654376
46300,"Twin Falls, ID",2,9,48700,"Williamsport, PA",2,4.656249665816057,10956.0,92.35,64.392,63917.0,69211.69463995668,61918.573443537956,50055.0109096993,0.22641284961979163,0.358974358974359
46300,"Twin Falls, ID",2,10,17420,"Cleveland, TN",2,4.6563201630611015,12072.0,88.08,60.327,66135.0,75085.14986376022,61338.95322434151,47633.23115349682,0.27203319219128225,0.3251231527093596
46340,"Tyler, TX",3,1,28660,"Killeen-Temple, TX",2,4.004423582212129,14604.0,91.132,77.884,69923.0,76727.16499144098,62653.03964041871,46627.93320140717,0.308148462556426,0.30158730158730157
46340,"Tyler, TX",3,2,43300,"Sherman-Denison, TX",3,4.100874723923821,15720.0,93.771,89.466,72182.0,76976.89050985912,58219.257839906044,41455.01303074329,0.3476539740017317,0.3511111111111111
46340,"Tyler, TX",3,3,11100,"Amarillo, TX",2,4.282776164980962,13032.0,91.82,78.38,69611.0,75812.45915922457,61035.46924106171,46842.48296356226,0.2803830781797324,0.2767857142857143
46340,"Tyler, TX",3,4,18580,"Corpus Christi, TX",3,4.374369462299717,15300.0,92.671,84.905,67453.0,72787.60345739228,62721.401517195234,46211.38220155172,0.3196434298238254,0.3065326633165829
46340,"Tyler, TX",3,5,31180,"Lubbock, TX",3,4.546577375712024,13908.0,91.317,76.357,63629.0,69679.24920880012,60446.15502547761,45215.69410363392,0.30262482152632064,0.2794871794871795
46340,"Tyler, TX",3,6,11700,"Asheville, NC",3,4.649906427505467,15552.0,96.506,93.371,71838.0,74438.89499098502,61864.169371974436,45749.10916846377,0.3029191910352288,0.3237410071942446
46340,"Tyler, TX",3,7,22180,"Fayetteville, NC",4,4.668551609098726,14544.0,91.978,73.081,61763.0,67149.75320185263,64370.78897748841,48558.31208083921,0.29508008359611204,0.3083832335329341
46340,"Tyler, TX",3,8,30780,"Little Rock-North Little Rock-Conway, AR",4,4.74883873218335,12660.0,89.364,68.295,67154.0,75146.59146860032,60718.25578171768,46551.47721316659,0.2692428810447293,0.29292929292929293
46340,"Tyler, TX",3,9,12020,"Athens-Clarke County, GA",2,4.7588443243667795,14412.0,93.343,76.759,65608.0,70287.00598866545,60948.05798261451,45508.22853637858,0.3056447161735425,0.3210702341137124
46340,"Tyler, TX",3,10,27140,"Jackson, MS",4,4.785504519244646,12864.0,89.048,64.768,61644.0,69225.58620070074,61146.49303705735,46700.35163017566,0.2819898425244015,0.29082774049217003
46520,"Urban Honolulu, HI",1,1,42220,"Santa Rosa-Petaluma, CA",1,5.392464619884472,25896.0,107.784,139.569,104674.0,97114.59956950937,69520.56219415164,45494.73275750057,0.4065091968434686,0.330188679245283
46520,"Urban Honolulu, HI",1,2,42020,"San Luis Obispo-Paso Robles, CA",1,5.4191124315499515,23904.0,108.596,144.362,97446.0,89732.58683561088,65492.69870617381,43480.838232491544,0.399979463955744,0.3521505376344086
46520,"Urban Honolulu, HI",1,3,41740,"San Diego-Chula Vista-Carlsbad, CA",1,5.595832671692817,26952.0,111.887,179.267,106268.0,94977.96884356538,67620.26615703518,43531.676776678214,0.42713824840312903,0.2852760736196319
46520,"Urban Honolulu, HI",1,4,13460,"Bend, OR",3,5.760057942219816,20364.0,103.607,109.958,89788.0,86662.09812078334,63998.86696921613,44343.824356265264,0.35544100910429943,0.3914209115281501
46520,"Urban Honolulu, HI",1,5,37100,"Oxnard-Thousand Oaks-Ventura, CA",1,5.823658892012801,27804.0,110.534,171.096,109797.0,99333.23683210596,64308.90118117578,39154.650000543574,0.46738508313352656,0.2981366459627329
46520,"Urban Honolulu, HI",1,6,42100,"Santa Cruz-Watsonville, CA",1,5.998808686450727,27168.0,109.896,164.328,111093.0,101089.21161825726,68617.18771873828,43895.63279408224,0.43641147880013303,0.3302180685358255
46520,"Urban Honolulu, HI",1,7,28880,"Kiryas Joel-Poughkeepsie-Newburgh, NY",5,6.349902212308738,19656.0,109.422,115.763,98233.0,89774.45120725266,63922.36032439113,45958.87948872736,0.3323246982917053,0.32801822323462415
46520,"Urban Honolulu, HI",1,8,42200,"Santa Maria-Santa Barbara, CA",1,6.805910633200702,25572.0,108.798,151.394,98161.0,90223.16586701962,69837.9916743122,46333.88314290537,0.4088051883871889,0.33710407239819007
46520,"Urban Honolulu, HI",1,9,46700,"Vallejo, CA",1,7.099143993359808,25956.0,108.479,142.042,100401.0,92553.397431761,71271.670737124,47344.459018726884,0.402143202664394,0.2884097035040431
46520,"Urban Honolulu, HI",1,10,38900,"Portland-Vancouver-Hillsboro, OR-WA",1,7.293468407064266,20688.0,105.421,125.114,97436.0,92425.60780110223,69569.50044399414,49945.326892235,0.3268104331421303,0.3063063063063063
46540,"Utica-Rome, NY",4,1,13780,"Binghamton, NY",4,3.339836268152561,11268.0,92.863,69.694,64590.0,69554.07428146839,69819.2476058189,57685.24375067746,0.20875934676794164,0.33432835820895523
46540,"Utica-Rome, NY",4,2,45060,"Syracuse, NY",4,3.9721606225150228,12924.0,95.742,80.656,75492.0,78849.40778341793,70582.2444795936,57083.466513810556,0.22411724162820085,0.30980392156862746
46540,"Utica-Rome, NY",4,3,29740,"Las Cruces, NM",2,4.600333124804985,11208.0,90.212,62.982,56848.0,63016.00673967986,65154.128170601645,52730.060419083,0.23121993369223592,0.28679245283018867
46540,"Utica-Rome, NY",4,4,29100,"La Crosse-Onalaska, WI-MN",4,4.639050064985729,12324.0,91.769,69.386,73340.0,79918.05511665158,67956.63342042305,54527.26184614416,0.23195177286284113,0.3104575163398693
46540,"Utica-Rome, NY",4,5,45820,"Topeka, KS",4,4.721195384989507,11652.0,88.82,64.987,69888.0,78684.98086016663,67111.28207694297,53992.61511004362,0.23044157947003216,0.3374233128834356
46540,"Utica-Rome, NY",4,6,40380,"Rochester, NY",4,4.7336845715599045,13716.0,97.035,87.481,76284.0,78614.93275622198,68855.4798247465,54720.37393511904,0.23952373161743856,0.31393298059964725
46540,"Utica-Rome, NY",4,7,15380,"Buffalo-Cheektowaga, NY",4,4.747395708767173,12684.0,95.844,80.989,72237.0,75369.35019406537,71795.89607982081,58561.89082127568,0.2184560153424531,0.28027681660899656
46540,"Utica-Rome, NY",4,8,21500,"Erie, PA",4,4.8050799467241285,10848.0,90.95,56.83,63354.0,69658.0538757559,63101.11761660605,51173.68496130094,0.22484026575282168,0.2936046511627907
46540,"Utica-Rome, NY",4,9,20740,"Eau Claire, WI",4,4.8794854035934,12396.0,92.796,72.85,74595.0,80386.00801758695,65810.39035741365,52452.05594644766,0.23801879735332193,0.31715210355987056
46540,"Utica-Rome, NY",4,10,44140,"Springfield, MA",4,4.880264286524619,13632.0,96.061,75.781,71306.0,74229.91640728287,72570.62867475166,58379.64586174743,0.23041363977535873,0.29048843187660667
46660,"Valdosta, GA",2,1,24140,"Goldsboro, NC",2,3.031037902654916,11580.0,88.462,57.684,59733.0,67523.9085709118,60073.05161161477,46982.68512657035,0.26023030310527223,0.27835051546391754
46660,"Valdosta, GA",2,2,25220,"Hammond, LA",2,3.450750327955236,12036.0,84.46,48.16,56760.0,67203.40989817666,60676.539670146114,46426.00687355601,0.2880153084231243,0.3870967741935484
46660,"Valdosta, GA",2,3,14540,"Bowling Green, KY",2,3.740893793600674,11700.0,90.179,63.395,63328.0,70224.77516938532,60885.41767580124,47911.2219096029,0.2515916322732563,0.32967032967032966
46660,"Valdosta, GA",2,4,12220,"Auburn-Opelika, AL",2,3.8951050389450184,12312.0,87.933,62.078,63649.0,72383.51927035356,62628.00710071414,48626.437724029616,0.27210367255887064,0.3426294820717131
46660,"Valdosta, GA",2,5,48660,"Wichita Falls, TX",2,3.978677134680506,11940.0,89.513,68.208,65379.0,73038.55305933216,60039.527016390704,46700.68237929889,0.26803627407771496,0.3374485596707819
46660,"Valdosta, GA",2,6,17980,"Columbus, GA-AL",2,4.015404818772696,12828.0,89.296,61.185,59336.0,66448.66511377889,62088.856915922086,47723.15184514624,0.2837119690139352,0.28152492668621704
46660,"Valdosta, GA",2,7,17300,"Clarksville, TN-KY",2,4.136198853038276,14484.0,90.947,73.801,68967.0,75832.07802346422,62072.269197078145,46146.51023856385,0.3053920742170733,0.33663366336633666
46660,"Valdosta, GA",2,8,41660,"San Angelo, TX",2,4.140687881778672,13860.0,92.453,81.442,68419.0,74004.08856391897,58094.47881147742,43103.07777527525,0.30891388764814864,0.3392070484581498
46660,"Valdosta, GA",2,9,36980,"Owensboro, KY",2,4.187032167727677,10884.0,88.61,55.698,68002.0,76743.03126058007,61968.56622802557,49685.52819620073,0.23782500534711193,0.36633663366336633
46660,"Valdosta, GA",2,10,45500,"Texarkana, TX-AR",2,4.19482527724463,11400.0,84.012,49.885,55646.0,66235.77584154645,62572.92591513569,49003.43584228894,0.25881687835164313,0.3648068669527897
46700,"Vallejo, CA",1,1,42220,"Santa Rosa-Petaluma, CA",1,4.011083233837814,25896.0,107.784,139.569,104674.0,97114.59956950937,69520.56219415164,45494.73275750057,0.4065091968434686,0.330188679245283
46700,"Vallejo, CA",1,2,42100,"Santa Cruz-Watsonville, CA",1,5.194362801637814,27168.0,109.896,164.328,111093.0,101089.21161825726,68617.18771873828,43895.63279408224,0.43641147880013303,0.3302180685358255
46700,"Vallejo, CA",1,3,42020,"San Luis Obispo-Paso Robles, CA",1,5.607955376024112,23904.0,108.596,144.362,97446.0,89732.58683561088,65492.69870617381,43480.838232491544,0.399979463955744,0.3521505376344086
46700,"Vallejo, CA",1,4,33700,"Modesto, CA",5,5.687239863994924,19476.0,104.108,108.476,81468.0,78253.35228800861,67774.94121726394,49067.44515548194,0.3266800405031649,0.3374384236453202
46700,"Vallejo, CA",1,5,37100,"Oxnard-Thousand Oaks-Ventura, CA",1,5.878902348216524,27804.0,110.534,171.096,109797.0,99333.23683210596,64308.90118117578,39154.650000543574,0.46738508313352656,0.2981366459627329
46700,"Vallejo, CA",1,6,13460,"Bend, OR",3,6.3647286559336465,20364.0,103.607,109.958,89788.0,86662.09812078334,63998.86696921613,44343.824356265264,0.35544100910429943,0.3914209115281501
46700,"Vallejo, CA",1,7,13380,"Bellingham, WA",5,6.4786535932252365,18660.0,103.334,112.946,81784.0,79145.29583680104,68420.25426497441,50362.3062517358,0.3076581318562428,0.35135135135135137
46700,"Vallejo, CA",1,8,40140,"Riverside-San Bernardino-Ontario, CA",1,6.5423028396971405,22152.0,106.442,129.312,89662.0,84235.54611901318,67744.85995409268,46933.52608212485,0.37097449344453437,0.21124620060790272
46700,"Vallejo, CA",1,9,42200,"Santa Maria-Santa Barbara, CA",1,6.611453325489835,25572.0,108.798,151.394,98161.0,90223.16586701962,69837.9916743122,46333.88314290537,0.4088051883871889,0.33710407239819007
46700,"Vallejo, CA",1,10,40900,"Sacramento-Roseville-Folsom, CA",1,6.640335351460811,21828.0,106.67,130.23,97188.0,91110.90278428799,72284.30998105383,51821.19945325783,0.34014191851906084,0.25232198142414863
47020,"Victoria, TX",2,1,41660,"San Angelo, TX",2,3.274883851434902,13860.0,92.453,81.442,68419.0,74004.08856391897,58094.47881147742,43103.07777527525,0.30891388764814864,0.3392070484581498
47020,"Victoria, TX",2,2,10180,"Abilene, TX",2,3.8407027621307734,13692.0,90.364,73.791,67328.0,74507.54725333097,61015.10519141739,45863.05348941217,0.29480265501265174,0.3494809688581315
47020,"Victoria, TX",2,3,48660,"Wichita Falls, TX",2,4.223312202667178,11940.0,89.513,68.208,65379.0,73038.55305933216,60039.527016390704,46700.68237929889,0.26803627407771496,0.3374485596707819
47020,"Victoria, TX",2,4,46300,"Twin Falls, ID",2,4.298912950862288,12852.0,92.108,73.833,68810.0,74705.78017110348,59987.28474757254,46034.099356509876,0.27227558436631183,0.4236453201970443
47020,"Victoria, TX",2,5,43300,"Sherman-Denison, TX",3,4.3246220649328055,15720.0,93.771,89.466,72182.0,76976.89050985912,58219.257839906044,41455.01303074329,0.3476539740017317,0.3511111111111111
47020,"Victoria, TX",2,6,45500,"Texarkana, TX-AR",2,4.43205556914893,11400.0,84.012,49.885,55646.0,66235.77584154645,62572.92591513569,49003.43584228894,0.25881687835164313,0.3648068669527897
47020,"Victoria, TX",2,7,11100,"Amarillo, TX",2,4.533469518896766,13032.0,91.82,78.38,69611.0,75812.45915922457,61035.46924106171,46842.48296356226,0.2803830781797324,0.2767857142857143
47020,"Victoria, TX",2,8,25620,"Hattiesburg, MS",2,4.650248420764206,12168.0,87.633,60.059,60285.0,68792.57813837254,55486.33373612134,41601.15349580091,0.3000192571494962,0.35655737704918034
47020,"Victoria, TX",2,9,46660,"Valdosta, GA",2,4.657677131077132,12300.0,88.271,58.758,57085.0,64670.163473847584,59038.44953295425,45104.08830446471,0.2825291611788849,0.35864978902953587
47020,"Victoria, TX",2,10,27860,"Jonesboro, AR",2,4.693340059951162,11148.0,85.876,53.848,56738.0,66069.68186687781,60278.60351726368,47297.09529610759,0.25100764913006907,0.3983402489626556
47220,"Vineland, NJ",5,1,44420,"Staunton-Stuarts Draft, VA",2,5.36968766402622,12816.0,91.128,68.232,73544.0,80704.0646124133,64357.79601245547,50294.061485197104,0.2596089907875784,0.3611111111111111
47220,"Vineland, NJ",5,2,25180,"Hagerstown-Martinsburg, MD-WV",4,5.669421650047265,13908.0,94.171,75.737,78802.0,83679.6890762549,63970.349531323714,49201.47163897894,0.2702539647279858,0.2708333333333333
47220,"Vineland, NJ",5,3,49420,"Yakima, WA",5,5.671840663644155,13308.0,95.545,72.628,70656.0,73950.49453137265,68255.84855832382,54327.33319906903,0.237783662979341,0.31864406779661014
47220,"Vineland, NJ",5,4,21300,"Elmira, NY",2,5.7990719714859065,12708.0,94.398,76.357,63716.0,67497.19273713426,65592.10108153496,52129.951459720935,0.2460515704401425,0.4105263157894737
47220,"Vineland, NJ",5,5,49700,"Yuba City, CA",5,6.052848995905205,16632.0,104.233,108.279,78179.0,75004.07740350945,64324.98984646577,48368.430983149934,0.2964625706140576,0.3672566371681416
47220,"Vineland, NJ",5,6,28450,"Kenosha, WI",5,6.110956309691319,14628.0,101.118,95.814,81239.0,80340.78996815602,63315.08555071433,48848.81841726628,0.2731131807864298,0.29435483870967744
47220,"Vineland, NJ",5,7,39380,"Pueblo, CO",2,6.1156416283511845,13332.0,91.762,71.285,64010.0,69756.54410322355,65412.420195636885,50883.53024118951,0.2554319191910117,0.39763779527559057
47220,"Vineland, NJ",5,8,16540,"Chambersburg, PA",2,6.140243943641629,13116.0,94.642,71.914,77003.0,81362.39724435241,64245.62840967539,50387.087804024624,0.26030826489152853,0.34615384615384615
47220,"Vineland, NJ",5,9,22420,"Flint, MI",4,6.184799114010724,11868.0,93.034,74.039,62281.0,66944.34292839176,65006.57327924778,52249.94666962119,0.23458804632094313,0.32621951219512196
47220,"Vineland, NJ",5,10,39820,"Redding, CA",5,6.216869500010796,15804.0,100.684,89.366,72636.0,72142.544992253,67386.68598933466,51690.050972847435,0.2778129955394769,0.38095238095238093
47260,"Virginia Beach-Chesapeake-Norfolk, VA-NC",1,1,40060,"Richmond, VA",1,3.0741556616339327,17364.0,97.858,99.136,86679.0,88576.30444112897,68241.30691375065,50497.22875969068,0.3106618908925918,0.2777777777777778
47260,"Virginia Beach-Chesapeake-Norfolk, VA-NC",1,2,16740,"Charlotte-Concord-Gastonia, NC-SC",1,3.785152621656387,17676.0,97.348,97.635,83304.0,85573.40674692855,65335.56193294378,47178.02402769663,0.32930309038430056,0.20500782472613457
47260,"Virginia Beach-Chesapeake-Norfolk, VA-NC",1,3,39580,"Raleigh-Cary, NC",1,4.039196939431619,18876.0,98.157,103.476,100103.0,101982.5381786322,66179.1612271303,46948.74464960654,0.34717101034965425,0.2859778597785978
47260,"Virginia Beach-Chesapeake-Norfolk, VA-NC",1,4,16700,"Charleston-North Charleston, SC",3,4.152233533822934,19260.0,100.962,119.77,85254.0,84441.67112378916,63358.45642415075,44281.97220236433,0.363787039055273,0.2874015748031496
47260,"Virginia Beach-Chesapeake-Norfolk, VA-NC",1,5,17820,"Colorado Springs, CO",1,4.15606467682631,20388.0,100.707,116.207,90144.0,89511.15612618787,66961.94500625262,46717.076228511236,0.3564059462598079,0.34475374732334046
47260,"Virginia Beach-Chesapeake-Norfolk, VA-NC",1,6,38860,"Portland-South Portland, ME",1,4.1687624384863735,17820.0,101.858,105.164,92175.0,90493.62838461387,65501.915349666735,48006.971408101024,0.3058479428735404,0.3081761006289308
47260,"Virginia Beach-Chesapeake-Norfolk, VA-NC",1,7,39300,"Providence-Warwick, RI-MA",4,4.291380774323434,15684.0,101.773,103.851,87040.0,85523.66541224097,68567.68550832792,53156.918408999016,0.26550380543656876,0.30124777183600715
47260,"Virginia Beach-Chesapeake-Norfolk, VA-NC",1,8,14260,"Boise City, ID",3,4.352986801256364,17844.0,98.391,105.58,85987.0,87393.15587807828,62582.30278719957,44446.497683074194,0.33615988563011345,0.2851153039832285
47260,"Virginia Beach-Chesapeake-Norfolk, VA-NC",1,9,41700,"San Antonio-New Braunfels, TX",4,4.4635889550165,16356.0,94.716,94.575,76213.0,80464.75780227206,65452.93090162896,48184.465172501885,0.3194721786194416,0.20689655172413793
47260,"Virginia Beach-Chesapeake-Norfolk, VA-NC",1,10,46060,"Tucson, AZ",4,4.721867651685582,14544.0,96.896,91.765,70315.0,72567.49504623514,62973.76512906566,47963.857599343064,0.2787791107961612,0.25260960334029225
47300,"Visalia, CA",5,1,12540,"Bakersfield-Delano, CA",5,4.740212549010439,15600.0,100.886,90.291,70210.0,69593.40245425531,69138.47716015762,53675.47932101245,0.26548481745322783,0.2683982683982684
47300,"Visalia, CA",5,2,25260,"Hanford-Corcoran, CA",5,5.432748423865112,15972.0,101.612,93.497,70995.0,69868.71629335119,65091.98701065804,49373.371099151525,0.2896323690287874,0.3036649214659686
47300,"Visalia, CA",5,3,32900,"Merced, CA",5,6.019736331689029,16116.0,98.275,78.63,65510.0,66659.88298142965,66030.75334158426,49631.87264964838,0.29416172248390293,0.3159851301115242
47300,"Visalia, CA",5,4,23420,"Fresno, CA",5,6.558020769352286,16704.0,102.158,95.725,74468.0,72894.92746529885,66492.0975055277,50140.955157400276,0.2932519632166356,0.2350674373795761
47300,"Visalia, CA",5,5,49420,"Yakima, WA",5,8.047933875991573,13308.0,95.545,72.628,70656.0,73950.49453137265,68255.84855832382,54327.33319906903,0.237783662979341,0.31864406779661014
47300,"Visalia, CA",5,6,41500,"Salinas, CA",5,8.05931190760337,24660.0,109.042,145.669,97230.0,89167.47675207719,66063.80905865635,43448.669937950566,0.40936713636740585,0.25271739130434784
47300,"Visalia, CA",5,7,33700,"Modesto, CA",5,8.723421034938253,19476.0,104.108,108.476,81468.0,78253.35228800861,67774.94121726394,49067.44515548194,0.3266800405031649,0.3374384236453202
47300,"Visalia, CA",5,8,49700,"Yuba City, CA",5,9.332525378633592,16632.0,104.233,108.279,78179.0,75004.07740350945,64324.98984646577,48368.430983149934,0.2964625706140576,0.3672566371681416
47300,"Visalia, CA",5,9,44700,"Stockton-Lodi, CA",5,10.208300810200653,20808.0,105.089,115.614,92179.0,87715.17475663485,65088.516621983945,45288.156926868374,0.35533272668518,0.2505694760820046
47300,"Visalia, CA",5,10,48300,"Wenatchee-East Wenatchee, WA",5,10.256151358372431,15012.0,103.855,114.958,81938.0,78896.53844302152,65153.42179663622,50698.653128781996,0.26201727484369114,0.3706896551724138
47380,"Waco, TX",4,1,11100,"Amarillo, TX",2,2.488713044641052,13032.0,91.82,78.38,69611.0,75812.45915922457,61035.46924106171,46842.48296356226,0.2803830781797324,0.2767857142857143
47380,"Waco, TX",4,2,16860,"Chattanooga, TN-GA",4,3.1783961146313517,13956.0,91.464,76.55,72161.0,78895.52173532757,62800.371904345215,47541.90955850423,0.286937745330927,0.2907488986784141
47380,"Waco, TX",4,3,31180,"Lubbock, TX",3,3.3204005742282727,13908.0,91.317,76.357,63629.0,69679.24920880012,60446.15502547761,45215.69410363392,0.30262482152632064,0.2794871794871795
47380,"Waco, TX",4,4,28940,"Knoxville, TN",4,3.4014242560496695,13740.0,92.569,82.783,72422.0,78235.69445494712,64160.4664692093,49317.48447739778,0.27624760022122646,0.29259259259259257
47380,"Waco, TX",4,5,18580,"Corpus Christi, TX",3,3.5420222375605825,15300.0,92.671,84.905,67453.0,72787.60345739228,62721.401517195234,46211.38220155172,0.3196434298238254,0.3065326633165829
47380,"Waco, TX",4,6,17300,"Clarksville, TN-KY",2,3.570530562409134,14484.0,90.947,73.801,68967.0,75832.07802346422,62072.269197078145,46146.51023856385,0.3053920742170733,0.33663366336633666
47380,"Waco, TX",4,7,17980,"Columbus, GA-AL",2,3.681120503943504,12828.0,89.296,61.185,59336.0,66448.66511377889,62088.856915922086,47723.15184514624,0.2837119690139352,0.28152492668621704
47380,"Waco, TX",4,8,21340,"El Paso, TX",4,3.7205094819184965,12948.0,89.912,71.248,59751.0,66454.97820090756,61103.52958467151,46702.782187216224,0.28833702992574883,0.2627118644067797
47380,"Waco, TX",4,9,10180,"Abilene, TX",2,3.8087943247232423,13692.0,90.364,73.791,67328.0,74507.54725333097,61015.10519141739,45863.05348941217,0.29480265501265174,0.3494809688581315
47380,"Waco, TX",4,10,22220,"Fayetteville-Springdale-Rogers, AR",4,3.809312827834804,13884.0,91.353,76.886,81650.0,89378.56446969448,63245.08247483576,48046.89522318557,0.28781528593000755,0.24449877750611246
47460,"Walla Walla, WA",5,1,48300,"Wenatchee-East Wenatchee, WA",5,5.382261157691518,15012.0,103.855,114.958,81938.0,78896.53844302152,65153.42179663622,50698.653128781996,0.26201727484369114,0.3706896551724138
47460,"Walla Walla, WA",5,2,31020,"Longview-Kelso, WA",5,5.879612212768234,14472.0,97.545,82.536,76531.0,78457.12235378542,71716.04350212347,56879.81406955389,0.24305237252199086,0.4029126213592233
47460,"Walla Walla, WA",5,3,20740,"Eau Claire, WI",4,5.905646792713082,12396.0,92.796,72.85,74595.0,80386.00801758695,65810.39035741365,52452.05594644766,0.23801879735332193,0.31715210355987056
47460,"Walla Walla, WA",5,4,13380,"Bellingham, WA",5,6.091919949492263,18660.0,103.334,112.946,81784.0,79145.29583680104,68420.25426497441,50362.3062517358,0.3076581318562428,0.35135135135135137
47460,"Walla Walla, WA",5,5,29100,"La Crosse-Onalaska, WI-MN",4,6.100800714338674,12324.0,91.769,69.386,73340.0,79918.05511665158,67956.63342042305,54527.26184614416,0.23195177286284113,0.3104575163398693
47460,"Walla Walla, WA",5,6,49700,"Yuba City, CA",5,6.132830237315928,16632.0,104.233,108.279,78179.0,75004.07740350945,64324.98984646577,48368.430983149934,0.2964625706140576,0.3672566371681416
47460,"Walla Walla, WA",5,7,31340,"Lynchburg, VA",4,6.166534867228798,11892.0,89.363,63.912,68996.0,77208.6881595291,66726.68393557685,53419.16292576295,0.23931646222428965,0.3181818181818182
47460,"Walla Walla, WA",5,8,39820,"Redding, CA",5,6.203478352436585,15804.0,100.684,89.366,72636.0,72142.544992253,67386.68598933466,51690.050972847435,0.2778129955394769,0.38095238095238093
47460,"Walla Walla, WA",5,9,27500,"Janesville-Beloit, WI",4,6.26533197208117,12444.0,93.703,79.552,75673.0,80758.35352123197,66473.54932463648,53193.29148870807,0.24034669263041522,0.32567049808429116
47460,"Walla Walla, WA",5,10,44420,"Staunton-Stuarts Draft, VA",2,6.287743105618368,12816.0,91.128,68.232,73544.0,80704.0646124133,64357.79601245547,50294.061485197104,0.2596089907875784,0.3611111111111111
47580,"Warner Robins, GA",4,1,12260,"Augusta-Richmond County, GA-SC",4,7.1378784218705205,13440.0,91.903,70.603,69344.0,75453.46724263625,65140.91119212998,50516.79663656596,0.2768530164375221,0.271264367816092
47580,"Warner Robins, GA",4,2,44300,"State College, PA",4,7.179569529898603,14484.0,96.762,85.688,74291.0,76777.04057377896,63660.19718484529,48691.51113040243,0.28255179120848817,0.3134920634920635
47580,"Warner Robins, GA",4,3,42340,"Savannah, GA",3,7.316833503577273,17448.0,95.206,86.012,77180.0,81066.31934962083,62240.72121680006,43914.14516066914,0.3525628748734045,0.26153846153846155
47580,"Warner Robins, GA",4,4,22180,"Fayetteville, NC",4,7.430758502563365,14544.0,91.978,73.081,61763.0,67149.75320185263,64370.78897748841,48558.31208083921,0.29508008359611204,0.3083832335329341
47580,"Warner Robins, GA",4,5,17980,"Columbus, GA-AL",2,7.486788500950871,12828.0,89.296,61.185,59336.0,66448.66511377889,62088.856915922086,47723.15184514624,0.2837119690139352,0.28152492668621704
47580,"Warner Robins, GA",4,6,46140,"Tulsa, OK",4,7.546888012890162,12936.0,89.214,68.235,69359.0,77744.52440199968,65785.36914696037,51285.40277396959,0.2634387283725328,0.2770137524557957
47580,"Warner Robins, GA",4,7,17300,"Clarksville, TN-KY",2,7.56908493354484,14484.0,90.947,73.801,68967.0,75832.07802346422,62072.269197078145,46146.51023856385,0.3053920742170733,0.33663366336633666
47580,"Warner Robins, GA",4,8,22220,"Fayetteville-Springdale-Rogers, AR",4,7.584350838835856,13884.0,91.353,76.886,81650.0,89378.56446969448,63245.08247483576,48046.89522318557,0.28781528593000755,0.24449877750611246
47580,"Warner Robins, GA",4,9,31340,"Lynchburg, VA",4,7.592423750876553,11892.0,89.363,63.912,68996.0,77208.6881595291,66726.68393557685,53419.16292576295,0.23931646222428965,0.3181818181818182
47580,"Warner Robins, GA",4,10,48620,"Wichita, KS",4,7.615027519194087,11844.0,88.946,66.245,70655.0,79435.83747442267,66396.8130349132,53080.868529258085,0.24047063980016656,0.27467811158798283
47900,"Washington-Arlington-Alexandria, DC-VA-MD-WV",1,1,14460,"Boston-Cambridge-Newton, MA-NH",1,6.283403739456007,24276.0,108.266,148.424,115863.0,107016.97670552156,71208.52884058042,48785.97697757634,0.3742820096621183,0.2928679817905918
47900,"Washington-Arlington-Alexandria, DC-VA-MD-WV",1,2,41860,"San Francisco-Oakland-Fremont, CA",1,6.457155663122579,29688.0,115.613,194.718,136027.0,117657.18388070544,76993.886737696,51315.113589347624,0.4025294251359215,0.30307467057101023
47900,"Washington-Arlington-Alexandria, DC-VA-MD-WV",1,3,42660,"Seattle-Tacoma-Bellevue, WA",1,7.44164102176392,24000.0,111.133,151.314,115177.0,103638.88314002143,73204.44272478322,51608.69708667393,0.346298961572771,0.2728613569321534
47900,"Washington-Arlington-Alexandria, DC-VA-MD-WV",1,4,19740,"Denver-Aurora-Centennial, CO",1,7.6077858693966744,22488.0,105.782,146.919,105762.0,99981.09319165832,68715.38016701883,47456.564867629524,0.36132324131584176,0.2827140549273021
47900,"Washington-Arlington-Alexandria, DC-VA-MD-WV",1,5,35620,"New York-Newark-Jersey City, NY-NJ",1,8.135330557057223,21960.0,112.563,148.616,99155.0,88088.44824675958,71151.35559500579,51642.2806769599,0.3293776483100348,0.27088948787061995
47900,"Washington-Arlington-Alexandria, DC-VA-MD-WV",1,6,12580,"Baltimore-Columbia-Towson, MD",1,8.275777757054023,19332.0,104.487,118.194,99470.0,95198.4457396614,67308.79132704846,48806.96813373255,0.32844073814588853,0.30670926517571884
47900,"Washington-Arlington-Alexandria, DC-VA-MD-WV",1,7,40900,"Sacramento-Roseville-Folsom, CA",1,8.342633870318798,21828.0,106.67,130.23,97188.0,91110.90278428799,72284.30998105383,51821.19945325783,0.34014191851906084,0.25232198142414863
47900,"Washington-Arlington-Alexandria, DC-VA-MD-WV",1,8,41740,"San Diego-Chula Vista-Carlsbad, CA",1,8.610911194604025,26952.0,111.887,179.267,106268.0,94977.96884356538,67620.26615703518,43531.676776678214,0.42713824840312903,0.2852760736196319
47900,"Washington-Arlington-Alexandria, DC-VA-MD-WV",1,9,12420,"Austin-Round Rock-San Marcos, TX",1,8.934088777657484,20712.0,98.066,120.361,100431.0,102411.64113964065,67353.5803706135,46233.110482986805,0.37534564831619,0.24790619765494137
47900,"Washington-Arlington-Alexandria, DC-VA-MD-WV",1,10,31080,"Los Angeles-Long Beach-Anaheim, CA",1,9.055471552435442,24756.0,113.566,170.433,95958.0,84495.35952661888,66908.41766500729,45109.63986179153,0.3914032318341939,0.26788218793828894
47930,"Waterbury-Shelton, CT",5,1,35980,"Norwich-New London-Willimantic, CT",5,3.908798581041429,16380.0,100.445,93.662,86586.0,86202.3993230126,70612.52787414845,54305.0959462277,0.27632534853659135,0.3179190751445087
47930,"Waterbury-Shelton, CT",5,2,39300,"Providence-Warwick, RI-MA",4,4.085790822247069,15684.0,101.773,103.851,87040.0,85523.66541224097,68567.68550832792,53156.918408999016,0.26550380543656876,0.30124777183600715
47930,"Waterbury-Shelton, CT",5,3,35300,"New Haven, CT",1,4.165592688689144,18300.0,104.559,124.293,88197.0,84351.41881617077,69752.43215382156,52250.351988556016,0.2981927492560833,0.28832951945080093
47930,"Waterbury-Shelton, CT",5,4,38860,"Portland-South Portland, ME",1,4.298864011260987,17820.0,101.858,105.164,92175.0,90493.62838461387,65501.915349666735,48006.971408101024,0.3058479428735404,0.3081761006289308
47930,"Waterbury-Shelton, CT",5,5,49340,"Worcester, MA",5,4.472466005912298,17112.0,102.523,113.001,95939.0,93578.02639407742,71034.52136418616,54343.63249047002,0.27836628366176264,0.35084033613445376
47930,"Waterbury-Shelton, CT",5,6,40380,"Rochester, NY",4,4.774228371674629,13716.0,97.035,87.481,76284.0,78614.93275622198,68855.4798247465,54720.37393511904,0.23952373161743856,0.31393298059964725
47930,"Waterbury-Shelton, CT",5,7,25540,"Hartford-West Hartford-East Hartford, CT",1,4.940436032432901,16992.0,102.746,110.234,95118.0,92575.86670040683,71257.96861612689,54720.09852872691,0.27788520830891394,0.2864864864864865
47930,"Waterbury-Shelton, CT",5,8,44060,"Spokane-Spokane Valley, WA",5,5.019877380522036,15168.0,100.346,97.059,77488.0,77220.81597672055,68263.22469141947,53147.52501230919,0.2529602704334384,0.30165289256198347
47930,"Waterbury-Shelton, CT",5,9,21660,"Eugene-Springfield, OR",5,5.086063598290087,16260.0,101.568,98.35,71544.0,70439.50850661626,64475.11932439578,48466.14011834663,0.2889320409761229,0.3464203233256351
47930,"Waterbury-Shelton, CT",5,10,30460,"Lexington-Fayette, KY",4,5.203082766393577,13656.0,92.889,77.093,71966.0,77475.26617791127,65679.17980959354,50977.761988322985,0.2637648845559352,0.2595078299776286
47940,"Waterloo-Cedar Falls, IA",4,1,43580,"Sioux City, IA-NE-SD",4,3.7257938385942713,12024.0,86.454,57.849,75192.0,86973.41939065862,68073.12295123762,54165.14876843521,0.24084804678289062,0.2916666666666667
47940,"Waterloo-Cedar Falls, IA",4,2,19340,"Davenport-Moline-Rock Island, IA-IL",4,3.878082599019666,11292.0,89.079,68.346,72738.0,81655.60906610986,68382.6994289967,55706.31105463237,0.21823192377203676,0.26218097447795824
47940,"Waterloo-Cedar Falls, IA",4,3,16300,"Cedar Rapids, IA",4,4.054451649614315,11136.0,88.963,71.447,78080.0,87766.82441014805,67989.84945273602,55472.285971288664,0.21432513824084137,0.3076923076923077
47940,"Waterloo-Cedar Falls, IA",4,4,29100,"La Crosse-Onalaska, WI-MN",4,4.127318920403705,12324.0,91.769,69.386,73340.0,79918.05511665158,67956.63342042305,54527.26184614416,0.23195177286284113,0.3104575163398693
47940,"Waterloo-Cedar Falls, IA",4,5,24220,"Grand Forks, ND-MN",4,4.20802919512791,11604.0,86.663,59.664,69836.0,80583.40929808568,73071.52429956778,59681.72703891446,0.21408348900295954,0.34156378600823045
47940,"Waterloo-Cedar Falls, IA",4,6,27900,"Joplin, MO-KS",2,4.285824672723593,11136.0,85.718,53.976,61901.0,72214.70402949204,65535.97466175526,52544.537624026896,0.23239779092365825,0.31690140845070425
47940,"Waterloo-Cedar Falls, IA",4,7,20220,"Dubuque, IA",4,4.307200305390488,11508.0,87.328,64.046,77630.0,88894.74166361304,68162.83658790293,54984.93259376588,0.22657559632048996,0.34
47940,"Waterloo-Cedar Falls, IA",4,8,22020,"Fargo, ND-MN",4,4.349577058186567,11604.0,90.871,81.142,76756.0,84466.99166950952,70028.45303293191,57258.702507461734,0.2124077502340074,0.3530864197530864
47940,"Waterloo-Cedar Falls, IA",4,9,41060,"St. Cloud, MN",4,4.375666194217527,12504.0,87.632,65.057,76497.0,87293.45444586451,74021.877683782,59753.11741356108,0.2236348658352055,0.3261538461538461
47940,"Waterloo-Cedar Falls, IA",4,10,41140,"St. Joseph, MO-KS",2,4.465973535197552,10740.0,86.382,55.359,65005.0,75252.94621564678,66964.4952308007,54531.34943653802,0.22018524048956223,0.33183856502242154
48060,"Watertown-Fort Drum, NY",2,1,24020,"Glens Falls, NY",2,5.030233042609325,12924.0,94.866,76.231,75836.0,79940.12607256552,65441.69467700668,51818.26794877949,0.24111018809398313,0.4357976653696498
48060,"Watertown-Fort Drum, NY",2,2,21300,"Elmira, NY",2,5.0457004328562025,12708.0,94.398,76.357,63716.0,67497.19273713426,65592.10108153496,52129.951459720935,0.2460515704401425,0.4105263157894737
48060,"Watertown-Fort Drum, NY",2,3,39380,"Pueblo, CO",2,5.3469415494722865,13332.0,91.762,71.285,64010.0,69756.54410322355,65412.420195636885,50883.53024118951,0.2554319191910117,0.39763779527559057
48060,"Watertown-Fort Drum, NY",2,4,31020,"Longview-Kelso, WA",5,5.775756837988645,14472.0,97.545,82.536,76531.0,78457.12235378542,71716.04350212347,56879.81406955389,0.24305237252199086,0.4029126213592233
48060,"Watertown-Fort Drum, NY",2,5,36980,"Owensboro, KY",2,5.952300218990437,10884.0,88.61,55.698,68002.0,76743.03126058007,61968.56622802557,49685.52819620073,0.23782500534711193,0.36633663366336633
48060,"Watertown-Fort Drum, NY",2,6,45900,"Traverse City, MI",2,6.117865745033757,14700.0,93.372,78.146,80889.0,86630.8957717517,63845.01731270337,48101.539610608525,0.28270572947977574,0.3971119133574007
48060,"Watertown-Fort Drum, NY",2,7,44420,"Staunton-Stuarts Draft, VA",2,6.145654315530357,12816.0,91.128,68.232,73544.0,80704.0646124133,64357.79601245547,50294.061485197104,0.2596089907875784,0.3611111111111111
48060,"Watertown-Fort Drum, NY",2,8,45460,"Terre Haute, IN",2,6.182737091795699,10704.0,87.797,51.923,56594.0,64460.0612777202,64655.30505805231,52463.544519537325,0.22269635004934,0.3898916967509025
48060,"Watertown-Fort Drum, NY",2,9,33500,"Minot, ND",2,6.2296831292674435,12468.0,87.028,63.234,78200.0,89856.13825435491,69805.0450895377,55478.62140980245,0.23432690166054504,0.42483660130718953
48060,"Watertown-Fort Drum, NY",2,10,13740,"Billings, MT",4,6.258388149533068,13404.0,93.526,77.364,77194.0,82537.476209824,65507.996490445395,51176.152938919615,0.2575829546765246,0.4252199413489736
48140,"Wausau, WI",4,1,11540,"Appleton, WI",4,3.1001571846802554,12720.0,92.419,70.785,85825.0,92865.10349603437,66810.4702638197,53047.066634695824,0.24012503997365162,0.33429394812680113
48140,"Wausau, WI",4,2,39540,"Racine-Mount Pleasant, WI",4,3.1169030910325883,12960.0,95.961,92.029,78096.0,81383.06186888424,64313.61930148584,50808.132697553,0.24865044638818126,0.31417624521072796
48140,"Wausau, WI",4,3,43100,"Sheboygan, WI",4,3.3854779760036178,11208.0,94.014,80.54,73094.0,77747.99497947114,66689.9316489305,54768.30295533169,0.21077361858534874,0.29535864978902954
48140,"Wausau, WI",4,4,27500,"Janesville-Beloit, WI",4,3.427087589272322,12444.0,93.703,79.552,75673.0,80758.35352123197,66473.54932463648,53193.29148870807,0.24034669263041522,0.32567049808429116
48140,"Wausau, WI",4,5,24580,"Green Bay, WI",4,3.573365976935155,12120.0,93.086,74.696,79267.0,85154.5882302387,65835.59204587441,52815.37418282305,0.22732122905949836,0.3058252427184466
48140,"Wausau, WI",4,6,22540,"Fond du Lac, WI",4,3.661361186329406,11520.0,91.643,67.317,74275.0,81048.19789836647,66735.04795783637,54164.52975131761,0.2248073208782546,0.3613861386138614
48140,"Wausau, WI",4,7,36780,"Oshkosh-Neenah, WI",4,3.7514172471952882,11580.0,92.929,74.442,74925.0,80626.06936478386,68307.04823702751,55845.92200086871,0.21430529948188135,0.32450331125827814
48140,"Wausau, WI",4,8,40420,"Rockford, IL",4,3.76375896695319,12276.0,92.154,70.076,68033.0,73825.33585085835,66247.96407049483,52926.78430618726,0.23770536809852624,0.29080118694362017
48140,"Wausau, WI",4,9,27100,"Jackson, MI",4,3.833216488341002,11820.0,91.779,67.092,66073.0,71991.41415792283,65764.28923560276,52885.526119857335,0.23273049433515275,0.34497816593886466
48140,"Wausau, WI",4,10,20740,"Eau Claire, WI",4,3.9496705324502748,12396.0,92.796,72.85,74595.0,80386.00801758695,65810.39035741365,52452.05594644766,0.23801879735332193,0.31715210355987056
48260,"Weirton-Steubenville, WV-OH",2,1,30620,"Lima, OH",2,3.266096269097574,11064.0,89.669,57.275,64038.0,71415.9854576275,64678.78328276013,52340.07090724574,0.22672824193499586,0.34545454545454546
48260,"Weirton-Steubenville, WV-OH",2,2,36980,"Owensboro, KY",2,3.560567594206705,10884.0,88.61,55.698,68002.0,76743.03126058007,61968.56622802557,49685.52819620073,0.23782500534711193,0.36633663366336633
48260,"Weirton-Steubenville, WV-OH",2,3,31900,"Mansfield, OH",2,3.563716972279664,9888.0,88.872,54.919,59509.0,66960.34746601855,62618.687943722405,51492.57398206969,0.20843290776580617,0.39565217391304347
48260,"Weirton-Steubenville, WV-OH",2,4,45460,"Terre Haute, IN",2,3.7360049971727753,10704.0,87.797,51.923,56594.0,64460.0612777202,64655.30505805231,52463.544519537325,0.22269635004934,0.3898916967509025
48260,"Weirton-Steubenville, WV-OH",2,5,48700,"Williamsport, PA",2,3.7976882992357757,10956.0,92.35,64.392,63917.0,69211.69463995668,61918.573443537956,50055.0109096993,0.22641284961979163,0.358974358974359
48260,"Weirton-Steubenville, WV-OH",2,6,11020,"Altoona, PA",2,3.8640291267549243,10620.0,89.507,54.978,62382.0,69695.1076452121,62179.822938593694,50314.82913922604,0.22773399270949926,0.35684647302904565
48260,"Weirton-Steubenville, WV-OH",2,7,49660,"Youngstown-Warren, OH",2,3.9196218197172508,9540.0,87.394,53.448,56713.0,64893.47094766231,63549.85505936163,52633.77386385622,0.20069441219467554,0.3277777777777778
48260,"Weirton-Steubenville, WV-OH",2,8,37140,"Paducah, KY-IL",2,3.9784481127774787,10488.0,86.084,48.794,64160.0,74531.8526090795,65233.921968954855,53050.47324445321,0.2219871318089273,0.36363636363636365
48260,"Weirton-Steubenville, WV-OH",2,9,44220,"Springfield, OH",2,4.009049950274377,10464.0,90.482,61.726,63132.0,69772.99352357375,62536.56525648136,50971.834149741895,0.21651752780453368,0.34782608695652173
48260,"Weirton-Steubenville, WV-OH",2,10,40580,"Rocky Mount, NC",2,4.080449701428176,11040.0,88.012,56.103,59636.0,67758.94196245966,63586.16470998596,51042.42067508163,0.23718808245067868,0.37398373983739835
48300,"Wenatchee-East Wenatchee, WA",5,1,34580,"Mount Vernon-Anacortes, WA",5,5.024347669728933,18432.0,102.443,108.165,89263.0,87134.30883515712,70483.64866543798,52491.204086501406,0.2974167363049318,0.4555984555984556
48300,"Wenatchee-East Wenatchee, WA",5,2,13380,"Bellingham, WA",5,5.212672657146416,18660.0,103.334,112.946,81784.0,79145.29583680104,68420.25426497441,50362.3062517358,0.3076581318562428,0.35135135135135137
48300,"Wenatchee-East Wenatchee, WA",5,3,47460,"Walla Walla, WA",5,5.382261157691518,14616.0,98.519,86.579,74202.0,75317.4514560643,66624.22063111367,51788.503662813135,0.2601921760862579,0.3057324840764331
48300,"Wenatchee-East Wenatchee, WA",5,4,49700,"Yuba City, CA",5,5.384484500766467,16632.0,104.233,108.279,78179.0,75004.07740350945,64324.98984646577,48368.430983149934,0.2964625706140576,0.3672566371681416
48300,"Wenatchee-East Wenatchee, WA",5,5,25500,"Harrisonburg, VA",2,5.394521444464136,14076.0,94.892,82.272,75065.0,79105.72018716014,62081.14373235451,47247.438045889896,0.2815344368859989,0.36329588014981273
48300,"Wenatchee-East Wenatchee, WA",5,6,31020,"Longview-Kelso, WA",5,5.576427621006692,14472.0,97.545,82.536,76531.0,78457.12235378542,71716.04350212347,56879.81406955389,0.24305237252199086,0.4029126213592233
48300,"Wenatchee-East Wenatchee, WA",5,7,44420,"Staunton-Stuarts Draft, VA",2,5.7097746602133554,12816.0,91.128,68.232,73544.0,80704.0646124133,64357.79601245547,50294.061485197104,0.2596089907875784,0.3611111111111111
48300,"Wenatchee-East Wenatchee, WA",5,8,33700,"Modesto, CA",5,5.983544489402026,19476.0,104.108,108.476,81468.0,78253.35228800861,67774.94121726394,49067.44515548194,0.3266800405031649,0.3374384236453202
48300,"Wenatchee-East Wenatchee, WA",5,9,39820,"Redding, CA",5,5.989435673589842,15804.0,100.684,89.366,72636.0,72142.544992253,67386.68598933466,51690.050972847435,0.2778129955394769,0.38095238095238093
48300,"Wenatchee-East Wenatchee, WA",5,10,32780,"Medford, OR",5,6.093282901567512,16296.0,101.433,97.658,73999.0,72953.57526643202,62144.5270666695,46078.74965695077,0.29616088827104076,0.35174418604651164
48540,"Wheeling, WV-OH",2,1,16220,"Casper, WY",2,4.9984752313147345,12192.0,93.829,74.189,72156.0,76901.59758709994,63041.17064020719,50047.32012490808,0.24683207557369424,0.4405940594059406
48540,"Wheeling, WV-OH",2,2,22140,"Farmington, NM",2,5.130215936533591,11472.0,87.707,56.552,55872.0,63703.01116216494,64504.34695771934,51424.433153804035,0.24074411044968866,0.39408866995073893
48540,"Wheeling, WV-OH",2,3,13220,"Beckley, WV",2,5.194269102471116,10272.0,88.369,52.246,52620.0,59545.768312417254,58070.21653718079,46446.230750309835,0.24252540860334448,0.44
48540,"Wheeling, WV-OH",2,4,48260,"Weirton-Steubenville, WV-OH",2,5.33639250436035,9420.0,89.024,52.383,58784.0,66031.63191948239,61784.71012197054,51203.293874666444,0.20762400003583392,0.40782122905027934
48540,"Wheeling, WV-OH",2,5,37140,"Paducah, KY-IL",2,5.406015943670019,10488.0,86.084,48.794,64160.0,74531.8526090795,65233.921968954855,53050.47324445321,0.2219871318089273,0.36363636363636365
48540,"Wheeling, WV-OH",2,6,45460,"Terre Haute, IN",2,5.460929338509493,10704.0,87.797,51.923,56594.0,64460.0612777202,64655.30505805231,52463.544519537325,0.22269635004934,0.3898916967509025
48540,"Wheeling, WV-OH",2,7,43340,"Shreveport-Bossier City, LA",2,5.65107707640384,12168.0,84.766,52.286,55925.0,65975.74499209588,63475.7282131115,49120.916142234026,0.2779671839710722,0.3884057971014493
48540,"Wheeling, WV-OH",2,8,37620,"Parkersburg-Vienna, WV",2,5.724415749196725,9816.0,87.066,45.884,57391.0,65916.66092389681,62371.27750280045,51097.07172787109,0.22727224291638012,0.43452380952380953
48540,"Wheeling, WV-OH",2,9,22520,"Florence-Muscle Shoals, AL",2,5.871006270502495,10236.0,84.817,47.677,61891.0,72970.04138321328,60980.613091131,48912.27773383236,0.2468446353120323,0.4383561643835616
48540,"Wheeling, WV-OH",2,10,36980,"Owensboro, KY",2,5.934194033600703,10884.0,88.61,55.698,68002.0,76743.03126058007,61968.56622802557,49685.52819620073,0.23782500534711193,0.36633663366336633
48620,"Wichita, KS",4,1,46140,"Tulsa, OK",4,3.285943647095312,12936.0,89.214,68.235,69359.0,77744.52440199968,65785.36914696037,51285.40277396959,0.2634387283725328,0.2770137524557957
48620,"Wichita, KS",4,2,19340,"Davenport-Moline-Rock Island, IA-IL",4,3.432229226813945,11292.0,89.079,68.346,72738.0,81655.60906610986,68382.6994289967,55706.31105463237,0.21823192377203676,0.26218097447795824
48620,"Wichita, KS",4,3,23060,"Fort Wayne, IN",4,3.7045264837565632,12036.0,92.572,72.277,71213.0,76927.14859784815,63424.868905130206,50423.097311127705,0.23763223462009603,0.3185840707964602
48620,"Wichita, KS",4,4,24860,"Greenville-Anderson-Greer, SC",4,3.7647364755433,13800.0,93.26,76.836,71240.0,76388.59103581385,64467.9390950032,49670.598327257125,0.27513359975790086,0.2655038759689923
48620,"Wichita, KS",4,5,24660,"Greensboro-High Point, NC",4,3.9091550509259316,13116.0,92.865,74.519,65565.0,70602.48748182846,64513.973821422944,50390.245829176136,0.2594799531728843,0.278
48620,"Wichita, KS",4,6,28940,"Knoxville, TN",4,3.9714898280344872,13740.0,92.569,82.783,72422.0,78235.69445494712,64160.4664692093,49317.48447739778,0.27624760022122646,0.29259259259259257
48620,"Wichita, KS",4,7,49180,"Winston-Salem, NC",4,3.9812158307443117,12192.0,92.043,71.377,65975.0,71678.45463533347,63979.902085542344,50733.91922970323,0.24631398755916462,0.2692307692307692
48620,"Wichita, KS",4,8,10420,"Akron, OH",4,4.076087782039821,12396.0,93.37,76.785,72371.0,77509.9068223198,65443.69046198477,52167.47754563048,0.23829894393732945,0.2775423728813559
48620,"Wichita, KS",4,9,12260,"Augusta-Richmond County, GA-SC",4,4.090552785171852,13440.0,91.903,70.603,69344.0,75453.46724263625,65140.91119212998,50516.79663656596,0.2768530164375221,0.271264367816092
48620,"Wichita, KS",4,10,30460,"Lexington-Fayette, KY",4,4.127590008162872,13656.0,92.889,77.093,71966.0,77475.26617791127,65679.17980959354,50977.761988322985,0.2637648845559352,0.2595078299776286
48660,"Wichita Falls, TX",2,1,45500,"Texarkana, TX-AR",2,3.0611259805060036,11400.0,84.012,49.885,55646.0,66235.77584154645,62572.92591513569,49003.43584228894,0.25881687835164313,0.3648068669527897
48660,"Wichita Falls, TX",2,2,11100,"Amarillo, TX",2,3.315017629329226,13032.0,91.82,78.38,69611.0,75812.45915922457,61035.46924106171,46842.48296356226,0.2803830781797324,0.2767857142857143
48660,"Wichita Falls, TX",2,3,10180,"Abilene, TX",2,3.340391000080835,13692.0,90.364,73.791,67328.0,74507.54725333097,61015.10519141739,45863.05348941217,0.29480265501265174,0.3494809688581315
48660,"Wichita Falls, TX",2,4,36980,"Owensboro, KY",2,3.5276094804157596,10884.0,88.61,55.698,68002.0,76743.03126058007,61968.56622802557,49685.52819620073,0.23782500534711193,0.36633663366336633
48660,"Wichita Falls, TX",2,5,41660,"San Angelo, TX",2,3.6530064544472673,13860.0,92.453,81.442,68419.0,74004.08856391897,58094.47881147742,43103.07777527525,0.30891388764814864,0.3392070484581498
48660,"Wichita Falls, TX",2,6,27860,"Jonesboro, AR",2,3.9527225996431348,11148.0,85.876,53.848,56738.0,66069.68186687781,60278.60351726368,47297.09529610759,0.25100764913006907,0.3983402489626556
48660,"Wichita Falls, TX",2,7,46660,"Valdosta, GA",2,3.978677134680506,12300.0,88.271,58.758,57085.0,64670.163473847584,59038.44953295425,45104.08830446471,0.2825291611788849,0.35864978902953587
48660,"Wichita Falls, TX",2,8,43340,"Shreveport-Bossier City, LA",2,4.027496980445881,12168.0,84.766,52.286,55925.0,65975.74499209588,63475.7282131115,49120.916142234026,0.2779671839710722,0.3884057971014493
48660,"Wichita Falls, TX",2,9,28660,"Killeen-Temple, TX",2,4.105690179427744,14604.0,91.132,77.884,69923.0,76727.16499144098,62653.03964041871,46627.93320140717,0.308148462556426,0.30158730158730157
48660,"Wichita Falls, TX",2,10,17980,"Columbus, GA-AL",2,4.108898467409855,12828.0,89.296,61.185,59336.0,66448.66511377889,62088.856915922086,47723.15184514624,0.2837119690139352,0.28152492668621704
48680,"Wildwood-The Villages, FL",2,1,45900,"Traverse City, MI",2,6.506184685211354,14700.0,93.372,78.146,80889.0,86630.8957717517,63845.01731270337,48101.539610608525,0.28270572947977574,0.3971119133574007
48680,"Wildwood-The Villages, FL",2,2,15260,"Brunswick-St. Simons, GA",2,6.815121205013768,12960.0,87.708,56.34,66623.0,75960.00364846992,63474.67110414068,48698.36791629008,0.2818152127862068,0.34146341463414637
48680,"Wildwood-The Villages, FL",2,3,39150,"Prescott Valley-Prescott, AZ",3,6.929630945902552,16212.0,98.255,98.781,69613.0,70849.3206452598,60312.06677738661,43812.1431093799,0.3176941760564194,0.3861003861003861
48680,"Wildwood-The Villages, FL",2,4,41780,"Sandusky, OH",2,7.241034792044845,11184.0,89.281,59.462,73502.0,82326.58684378534,63872.79183824776,51346.05042630122,0.22899681919176987,0.41013824884792627
48680,"Wildwood-The Villages, FL",2,5,29420,"Lake Havasu City-Kingman, AZ",2,7.318193642504316,13092.0,94.098,79.773,57684.0,61302.04680226997,59506.783334880805,45593.62896390586,0.27039111170233077,0.3624454148471616
48680,"Wildwood-The Villages, FL",2,6,24300,"Grand Junction, CO",2,7.321357789368089,14184.0,95.476,86.367,73658.0,77148.18383677573,62686.99538552695,47830.90589706912,0.27235353663590656,0.42402826855123676
48680,"Wildwood-The Villages, FL",2,7,43340,"Shreveport-Bossier City, LA",2,7.336555313600923,12168.0,84.766,52.286,55925.0,65975.74499209588,63475.7282131115,49120.916142234026,0.2779671839710722,0.3884057971014493
48680,"Wildwood-The Villages, FL",2,8,43640,"Slidell-Mandeville-Covington, LA",3,7.345552810508542,15984.0,92.726,85.449,81202.0,87571.98628216465,59338.88760765797,42101.003950431295,0.35668548159307384,0.4307692307692308
48680,"Wildwood-The Villages, FL",2,9,38540,"Pocatello, ID",2,7.567921557025538,11520.0,88.906,66.396,66499.0,74796.97658200796,62063.57907681719,49106.07339666061,0.24592540601312957,0.3468208092485549
48680,"Wildwood-The Villages, FL",2,10,30020,"Lawton, OK",2,7.572295976339885,11580.0,85.941,57.389,60665.0,70589.12509745058,59318.50485351303,45844.1445365514,0.27193716653678307,0.4182692307692308
48700,"Williamsport, PA",2,1,36980,"Owensboro, KY",2,2.728064034398582,10884.0,88.61,55.698,68002.0,76743.03126058007,61968.56622802557,49685.52819620073,0.23782500534711193,0.36633663366336633
48700,"Williamsport, PA",2,2,11020,"Altoona, PA",2,2.9720484858608107,10620.0,89.507,54.978,62382.0,69695.1076452121,62179.822938593694,50314.82913922604,0.22773399270949926,0.35684647302904565
48700,"Williamsport, PA",2,3,40580,"Rocky Mount, NC",2,3.266081040350552,11040.0,88.012,56.103,59636.0,67758.94196245966,63586.16470998596,51042.42067508163,0.23718808245067868,0.37398373983739835
48700,"Williamsport, PA",2,4,27180,"Jackson, TN",2,3.307278432028135,11964.0,85.522,56.567,61177.0,71533.64046678047,64366.84420383058,50377.461354972984,0.2560485348037776,0.3711340206185567
48700,"Williamsport, PA",2,5,30620,"Lima, OH",2,3.417894948638547,11064.0,89.669,57.275,64038.0,71415.9854576275,64678.78328276013,52340.07090724574,0.22672824193499586,0.34545454545454546
48700,"Williamsport, PA",2,6,14540,"Bowling Green, KY",2,3.4697295513916506,11700.0,90.179,63.395,63328.0,70224.77516938532,60885.41767580124,47911.2219096029,0.2515916322732563,0.32967032967032966
48700,"Williamsport, PA",2,7,22500,"Florence, SC",2,3.7209365324073937,11208.0,86.774,52.425,54443.0,62741.14366054348,62566.05390515404,49649.74256765663,0.24883360441537591,0.35125448028673834
48700,"Williamsport, PA",2,8,21780,"Evansville, IN",4,3.7225014251277764,11832.0,91.528,66.735,68232.0,74547.67939865396,64327.87401552051,51400.68233647148,0.2355851644071024,0.3278236914600551
48700,"Williamsport, PA",2,9,48260,"Weirton-Steubenville, WV-OH",2,3.7976882992357757,9420.0,89.024,52.383,58784.0,66031.63191948239,61784.71012197054,51203.293874666444,0.20762400003583392,0.40782122905027934
48700,"Williamsport, PA",2,10,27100,"Jackson, MI",4,3.8559936647939557,11820.0,91.779,67.092,66073.0,71991.41415792283,65764.28923560276,52885.526119857335,0.23273049433515275,0.34497816593886466
48900,"Wilmington, NC",3,1,11700,"Asheville, NC",3,2.4605576830267792,15552.0,96.506,93.371,71838.0,74438.89499098502,61864.169371974436,45749.10916846377,0.3029191910352288,0.3237410071942446
48900,"Wilmington, NC",3,2,37860,"Pensacola-Ferry Pass-Brent, FL",3,3.95624063916615,16248.0,97.717,98.77,75967.0,77741.84635222121,58562.87738004662,41935.26908261629,0.3324508354890374,0.3230769230769231
48900,"Wilmington, NC",3,3,16700,"Charleston-North Charleston, SC",3,4.135760928981271,19260.0,100.962,119.77,85254.0,84441.67112378916,63358.45642415075,44281.97220236433,0.363787039055273,0.2874015748031496
48900,"Wilmington, NC",3,4,12020,"Athens-Clarke County, GA",2,4.158106281067014,14412.0,93.343,76.759,65608.0,70287.00598866545,60948.05798261451,45508.22853637858,0.3056447161735425,0.3210702341137124
48900,"Wilmington, NC",3,5,38940,"Port St. Lucie, FL",3,4.232178147059815,18960.0,100.228,113.642,74514.0,74344.49455242048,59021.63945325537,40104.76991580076,0.3778380640189969,0.31767955801104975
48900,"Wilmington, NC",3,6,19660,"Deltona-Daytona Beach-Ormond Beach, FL",3,4.3239770244588485,18000.0,99.367,108.375,71277.0,71731.05759457365,56280.31925881352,38165.65342407966,0.37412577856248325,0.3053435114503817
48900,"Wilmington, NC",3,7,22180,"Fayetteville, NC",4,4.456945894063025,14544.0,91.978,73.081,61763.0,67149.75320185263,64370.78897748841,48558.31208083921,0.29508008359611204,0.3083832335329341
48900,"Wilmington, NC",3,8,39150,"Prescott Valley-Prescott, AZ",3,4.510303866549977,16212.0,98.255,98.781,69613.0,70849.3206452598,60312.06677738661,43812.1431093799,0.3176941760564194,0.3861003861003861
48900,"Wilmington, NC",3,9,37460,"Panama City-Panama City Beach, FL",3,4.540327651434901,17472.0,97.296,96.424,71514.0,73501.48001973359,58354.237566858705,40396.6647992218,0.36177488698844124,0.3771043771043771
48900,"Wilmington, NC",3,10,42340,"Savannah, GA",3,4.545821855158467,17448.0,95.206,86.012,77180.0,81066.31934962083,62240.72121680006,43914.14516066914,0.3525628748734045,0.26153846153846155
49020,"Winchester, VA-WV",3,1,49620,"York-Hanover, PA",4,5.092574960211658,14316.0,96.0,79.762,84829.0,88363.54166666667,63750.44718013469,48837.94718013469,0.27805188096679934,0.2964824120603015
49020,"Winchester, VA-WV",3,2,42340,"Savannah, GA",3,5.174867425795742,17448.0,95.206,86.012,77180.0,81066.31934962083,62240.72121680006,43914.14516066914,0.3525628748734045,0.26153846153846155
49020,"Winchester, VA-WV",3,3,29540,"Lancaster, PA",3,5.18262507195608,16284.0,98.257,93.815,86959.0,88501.58258444691,61217.05816689836,44644.1931292929,0.3136956554666581,0.31685393258426964
49020,"Winchester, VA-WV",3,4,30140,"Lebanon, PA",2,5.337651665101717,13320.0,93.214,66.039,78425.0,84134.35749994636,62203.51361122803,47913.814638970645,0.2692273627288504,0.35023041474654376
49020,"Winchester, VA-WV",3,5,16540,"Chambersburg, PA",2,5.353611234336199,13116.0,94.642,71.914,77003.0,81362.39724435241,64245.62840967539,50387.087804024624,0.26030826489152853,0.34615384615384615
49020,"Winchester, VA-WV",3,6,25180,"Hagerstown-Martinsburg, MD-WV",4,5.398163916384708,13908.0,94.171,75.737,78802.0,83679.6890762549,63970.349531323714,49201.47163897894,0.2702539647279858,0.2708333333333333
49020,"Winchester, VA-WV",3,7,15500,"Burlington, NC",2,5.402839953473986,12768.0,93.196,77.88,65651.0,70444.01047255247,60993.965130447534,47293.8063253486,0.271091232246963,0.2661290322580645
49020,"Winchester, VA-WV",3,8,29460,"Lakeland-Winter Haven, FL",3,5.599403503391645,16356.0,97.141,95.942,65978.0,67919.82787906239,58716.23195532363,41878.851240692326,0.33371656755950563,0.24768518518518517
49020,"Winchester, VA-WV",3,9,22220,"Fayetteville-Springdale-Rogers, AR",4,5.639950276647014,13884.0,91.353,76.886,81650.0,89378.56446969448,63245.08247483576,48046.89522318557,0.28781528593000755,0.24449877750611246
49020,"Winchester, VA-WV",3,10,16860,"Chattanooga, TN-GA",4,5.677931086141199,13956.0,91.464,76.55,72161.0,78895.52173532757,62800.371904345215,47541.90955850423,0.286937745330927,0.2907488986784141
49180,"Winston-Salem, NC",4,1,40220,"Roanoke, VA",4,2.634030501670233,12516.0,93.618,78.531,68761.0,73448.482129505,62641.13272502912,49271.9088578241,0.25237181089584726,0.2727272727272727
49180,"Winston-Salem, NC",4,2,24660,"Greensboro-High Point, NC",4,2.9051321247044455,13116.0,92.865,74.519,65565.0,70602.48748182846,64513.973821422944,50390.245829176136,0.2594799531728843,0.278
49180,"Winston-Salem, NC",4,3,24860,"Greenville-Anderson-Greer, SC",4,2.9693411790517734,13800.0,93.26,76.836,71240.0,76388.59103581385,64467.9390950032,49670.598327257125,0.27513359975790086,0.2655038759689923
49180,"Winston-Salem, NC",4,4,23060,"Fort Wayne, IN",4,3.02558655477056,12036.0,92.572,72.277,71213.0,76927.14859784815,63424.868905130206,50423.097311127705,0.23763223462009603,0.3185840707964602
49180,"Winston-Salem, NC",4,5,10420,"Akron, OH",4,3.1116243085712796,12396.0,93.37,76.785,72371.0,77509.9068223198,65443.69046198477,52167.47754563048,0.23829894393732945,0.2775423728813559
49180,"Winston-Salem, NC",4,6,13820,"Birmingham, AL",4,3.153283163943595,14064.0,91.644,71.851,71498.0,78017.10968530399,65723.20893893762,50376.868753000745,0.2824240211735994,0.31392931392931395
49180,"Winston-Salem, NC",4,7,27140,"Jackson, MS",4,3.1675657920984635,12864.0,89.048,64.768,61644.0,69225.58620070074,61146.49303705735,46700.35163017566,0.2819898425244015,0.29082774049217003
49180,"Winston-Salem, NC",4,8,43780,"South Bend-Mishawaka, IN-MI",4,3.299099172742959,12552.0,92.858,74.586,67217.0,72386.8702750436,64529.314989695355,51011.901304283216,0.24506448426998492,0.3015463917525773
49180,"Winston-Salem, NC",4,9,15940,"Canton-Massillon, OH",4,3.308008316643366,10896.0,89.406,58.143,67801.0,75834.95514842404,63138.081042181606,50950.979505372,0.22437122305040677,0.3256997455470738
49180,"Winston-Salem, NC",4,10,12260,"Augusta-Richmond County, GA-SC",4,3.341403253350636,13440.0,91.903,70.603,69344.0,75453.46724263625,65140.91119212998,50516.79663656596,0.2768530164375221,0.271264367816092
49340,"Worcester, MA",5,1,39300,"Providence-Warwick, RI-MA",4,3.9854862611753386,15684.0,101.773,103.851,87040.0,85523.66541224097,68567.68550832792,53156.918408999016,0.26550380543656876,0.30124777183600715
49340,"Worcester, MA",5,2,35300,"New Haven, CT",1,4.01301030776138,18300.0,104.559,124.293,88197.0,84351.41881617077,69752.43215382156,52250.351988556016,0.2981927492560833,0.28832951945080093
49340,"Worcester, MA",5,3,25540,"Hartford-West Hartford-East Hartford, CT",1,4.072811905722093,16992.0,102.746,110.234,95118.0,92575.86670040683,71257.96861612689,54720.09852872691,0.27788520830891394,0.2864864864864865
49340,"Worcester, MA",5,4,47930,"Waterbury-Shelton, CT",5,4.472466005912298,15960.0,99.778,89.111,86191.0,86382.76974884242,68011.71009898384,52016.20006671219,0.27924712171290555,0.3435897435897436
49340,"Worcester, MA",5,5,35980,"Norwich-New London-Willimantic, CT",5,4.602107092074227,16380.0,100.445,93.662,86586.0,86202.3993230126,70612.52787414845,54305.0959462277,0.27632534853659135,0.3179190751445087
49340,"Worcester, MA",5,6,40380,"Rochester, NY",4,4.81816893596678,13716.0,97.035,87.481,76284.0,78614.93275622198,68855.4798247465,54720.37393511904,0.23952373161743856,0.31393298059964725
49340,"Worcester, MA",5,7,10580,"Albany-Schenectady-Troy, NY",4,5.103906432746159,15360.0,99.566,102.582,88074.0,88457.90731775906,70461.07192936643,55034.118953450954,0.25776651404899287,0.35304347826086957
49340,"Worcester, MA",5,8,38860,"Portland-South Portland, ME",1,5.203904377963,17820.0,101.858,105.164,92175.0,90493.62838461387,65501.915349666735,48006.971408101024,0.3058479428735404,0.3081761006289308
49340,"Worcester, MA",5,9,44140,"Springfield, MA",4,5.21236635116047,13632.0,96.061,75.781,71306.0,74229.91640728287,72570.62867475166,58379.64586174743,0.23041363977535873,0.29048843187660667
49340,"Worcester, MA",5,10,31540,"Madison, WI",1,5.255299620565623,16248.0,97.287,99.748,88804.0,91280.4382908302,70765.56801523487,54064.46714872649,0.2777887735363412,0.3302238805970149
49420,"Yakima, WA",5,1,32900,"Merced, CA",5,4.417340070068935,16116.0,98.275,78.63,65510.0,66659.88298142965,66030.75334158426,49631.87264964838,0.29416172248390293,0.3159851301115242
49420,"Yakima, WA",5,2,31020,"Longview-Kelso, WA",5,5.211188162398344,14472.0,97.545,82.536,76531.0,78457.12235378542,71716.04350212347,56879.81406955389,0.24305237252199086,0.4029126213592233
49420,"Yakima, WA",5,3,47220,"Vineland, NJ",5,5.671840663644155,15384.0,95.968,83.883,67436.0,70269.25641880627,67509.43891019229,51479.09546237635,0.2838642923153302,0.42738589211618255
49420,"Yakima, WA",5,4,49700,"Yuba City, CA",5,5.8507717624352535,16632.0,104.233,108.279,78179.0,75004.07740350945,64324.98984646577,48368.430983149934,0.2964625706140576,0.3672566371681416
49420,"Yakima, WA",5,5,25260,"Hanford-Corcoran, CA",5,6.009776616720706,15972.0,101.612,93.497,70995.0,69868.71629335119,65091.98701065804,49373.371099151525,0.2896323690287874,0.3036649214659686
49420,"Yakima, WA",5,6,39740,"Reading, PA",4,6.045273895152582,14172.0,97.06,85.419,79777.0,82193.48856377498,63929.24829493275,49327.970734660754,0.26702749400029324,0.2684729064039409
49420,"Yakima, WA",5,7,23420,"Fresno, CA",5,6.1014598829939946,16704.0,102.158,95.725,74468.0,72894.92746529885,66492.0975055277,50140.955157400276,0.2932519632166356,0.2350674373795761
49420,"Yakima, WA",5,8,44420,"Staunton-Stuarts Draft, VA",2,6.115418426079633,12816.0,91.128,68.232,73544.0,80704.0646124133,64357.79601245547,50294.061485197104,0.2596089907875784,0.3611111111111111
49420,"Yakima, WA",5,9,42540,"Scranton--Wilkes-Barre, PA",4,6.11620095071572,12036.0,93.556,66.987,65158.0,69645.98742998845,63404.724193869064,50539.702174971295,0.23999877383652904,0.2325056433408578
49420,"Yakima, WA",5,10,27500,"Janesville-Beloit, WI",4,6.157576174415688,12444.0,93.703,79.552,75673.0,80758.35352123197,66473.54932463648,53193.29148870807,0.24034669263041522,0.32567049808429116
49620,"York-Hanover, PA",4,1,39740,"Reading, PA",4,2.6205984802207354,14172.0,97.06,85.419,79777.0,82193.48856377498,63929.24829493275,49327.970734660754,0.26702749400029324,0.2684729064039409
49620,"York-Hanover, PA",4,2,29540,"Lancaster, PA",3,3.4838269891500833,16284.0,98.257,93.815,86959.0,88501.58258444691,61217.05816689836,44644.1931292929,0.3136956554666581,0.31685393258426964
49620,"York-Hanover, PA",4,3,16540,"Chambersburg, PA",2,3.599853692972112,13116.0,94.642,71.914,77003.0,81362.39724435241,64245.62840967539,50387.087804024624,0.26030826489152853,0.34615384615384615
49620,"York-Hanover, PA",4,4,10900,"Allentown-Bethlehem-Easton, PA-NJ",4,3.849509328994434,16380.0,99.968,105.52,84587.0,84614.07650448143,64048.92702919836,47663.683751349454,0.3001356390785087,0.25775193798449614
49620,"York-Hanover, PA",4,5,25180,"Hagerstown-Martinsburg, MD-WV",4,4.0156279320603945,13908.0,94.171,75.737,78802.0,83679.6890762549,63970.349531323714,49201.47163897894,0.2702539647279858,0.2708333333333333
49620,"York-Hanover, PA",4,6,24660,"Greensboro-High Point, NC",4,4.017212082976489,13116.0,92.865,74.519,65565.0,70602.48748182846,64513.973821422944,50390.245829176136,0.2594799531728843,0.278
49620,"York-Hanover, PA",4,7,16860,"Chattanooga, TN-GA",4,4.115702055839588,13956.0,91.464,76.55,72161.0,78895.52173532757,62800.371904345215,47541.90955850423,0.286937745330927,0.2907488986784141
49620,"York-Hanover, PA",4,8,30140,"Lebanon, PA",2,4.12399334786841,13320.0,93.214,66.039,78425.0,84134.35749994636,62203.51361122803,47913.814638970645,0.2692273627288504,0.35023041474654376
49620,"York-Hanover, PA",4,9,42540,"Scranton--Wilkes-Barre, PA",4,4.302166349637977,12036.0,93.556,66.987,65158.0,69645.98742998845,63404.724193869064,50539.702174971295,0.23999877383652904,0.2325056433408578
49620,"York-Hanover, PA",4,10,31140,"Louisville/Jefferson County, KY-IN",4,4.390752557773588,13392.0,93.074,78.558,73863.0,79359.43442851923,65402.935966981255,51014.384921576515,0.2548875194337051,0.21847246891651864
49660,"Youngstown-Warren, OH",2,1,15940,"Canton-Massillon, OH",4,2.5450760890014643,10896.0,89.406,58.143,67801.0,75834.95514842404,63138.081042181606,50950.979505372,0.22437122305040677,0.3256997455470738
49660,"Youngstown-Warren, OH",2,2,45460,"Terre Haute, IN",2,3.2729627522592972,10704.0,87.797,51.923,56594.0,64460.0612777202,64655.30505805231,52463.544519537325,0.22269635004934,0.3898916967509025
49660,"Youngstown-Warren, OH",2,3,22420,"Flint, MI",4,3.3463184341438232,11868.0,93.034,74.039,62281.0,66944.34292839176,65006.57327924778,52249.94666962119,0.23458804632094313,0.32621951219512196
49660,"Youngstown-Warren, OH",2,4,31900,"Mansfield, OH",2,3.5046698443145208,9888.0,88.872,54.919,59509.0,66960.34746601855,62618.687943722405,51492.57398206969,0.20843290776580617,0.39565217391304347
49660,"Youngstown-Warren, OH",2,5,43780,"South Bend-Mishawaka, IN-MI",4,3.548516501736334,12552.0,92.858,74.586,67217.0,72386.8702750436,64529.314989695355,51011.901304283216,0.24506448426998492,0.3015463917525773
49660,"Youngstown-Warren, OH",2,6,30620,"Lima, OH",2,3.680790130067403,11064.0,89.669,57.275,64038.0,71415.9854576275,64678.78328276013,52340.07090724574,0.22672824193499586,0.34545454545454546
49660,"Youngstown-Warren, OH",2,7,21780,"Evansville, IN",4,3.7231249217233042,11832.0,91.528,66.735,68232.0,74547.67939865396,64327.87401552051,51400.68233647148,0.2355851644071024,0.3278236914600551
49660,"Youngstown-Warren, OH",2,8,28700,"Kingsport-Bristol, TN-VA",4,3.7579876758090762,10188.0,86.447,56.496,57792.0,66852.52235473758,65706.86528491796,53921.60957910977,0.21518060993346674,0.27586206896551724
49660,"Youngstown-Warren, OH",2,9,48260,"Weirton-Steubenville, WV-OH",2,3.9196218197172508,9420.0,89.024,52.383,58784.0,66031.63191948239,61784.71012197054,51203.293874666444,0.20762400003583392,0.40782122905027934
49660,"Youngstown-Warren, OH",2,10,45780,"Toledo, OH",4,3.9384081806312476,11268.0,91.455,67.317,65486.0,71604.61429118145,66680.42277093793,54359.609256094576,0.21694709413389476,0.2801724137931034
49700,"Yuba City, CA",5,1,39820,"Redding, CA",5,4.098454757219969,15804.0,100.684,89.366,72636.0,72142.544992253,67386.68598933466,51690.050972847435,0.2778129955394769,0.38095238095238093
49700,"Yuba City, CA",5,2,33700,"Modesto, CA",5,4.299750456556166,19476.0,104.108,108.476,81468.0,78253.35228800861,67774.94121726394,49067.44515548194,0.3266800405031649,0.3374384236453202
49700,"Yuba City, CA",5,3,17020,"Chico, CA",5,4.406731717886408,16968.0,101.197,91.946,67928.0,67124.51950156625,65453.20301229185,48685.907539105894,0.3055986042244876,0.37666666666666665
49700,"Yuba City, CA",5,4,32900,"Merced, CA",5,4.881771827345228,16116.0,98.275,78.63,65510.0,66659.88298142965,66030.75334158426,49631.87264964838,0.29416172248390293,0.3159851301115242
49700,"Yuba City, CA",5,5,48300,"Wenatchee-East Wenatchee, WA",5,5.384484500766467,15012.0,103.855,114.958,81938.0,78896.53844302152,65153.42179663622,50698.653128781996,0.26201727484369114,0.3706896551724138
49700,"Yuba City, CA",5,6,34580,"Mount Vernon-Anacortes, WA",5,5.445922366815806,18432.0,102.443,108.165,89263.0,87134.30883515712,70483.64866543798,52491.204086501406,0.2974167363049318,0.4555984555984556
49700,"Yuba City, CA",5,7,13380,"Bellingham, WA",5,5.482827936701962,18660.0,103.334,112.946,81784.0,79145.29583680104,68420.25426497441,50362.3062517358,0.3076581318562428,0.35135135135135137
49700,"Yuba City, CA",5,8,25260,"Hanford-Corcoran, CA",5,5.56729367682686,15972.0,101.612,93.497,70995.0,69868.71629335119,65091.98701065804,49373.371099151525,0.2896323690287874,0.3036649214659686
49700,"Yuba City, CA",5,9,32780,"Medford, OR",5,5.848607888329877,16296.0,101.433,97.658,73999.0,72953.57526643202,62144.5270666695,46078.74965695077,0.29616088827104076,0.35174418604651164
49700,"Yuba City, CA",5,10,49420,"Yakima, WA",5,5.8507717624352535,13308.0,95.545,72.628,70656.0,73950.49453137265,68255.84855832382,54327.33319906903,0.237783662979341,0.31864406779661014
49740,"Yuma, AZ",2,1,10500,"Albany, GA",2,6.459420945081295,11400.0,87.669,54.626,56906.0,64910.05942807606,63410.94034166649,50407.48415989186,0.2527808062075669,0.3601694915254237
49740,"Yuma, AZ",2,2,43420,"Sierra Vista-Douglas, AZ",2,6.609906862413441,11940.0,89.243,61.918,59742.0,66943.06556256514,66447.61075920943,53068.41014963781,0.23932826858545983,0.4114583333333333
49740,"Yuma, AZ",2,3,17980,"Columbus, GA-AL",2,6.947207400965959,12828.0,89.296,61.185,59336.0,66448.66511377889,62088.856915922086,47723.15184514624,0.2837119690139352,0.28152492668621704
49740,"Yuma, AZ",2,4,48660,"Wichita Falls, TX",2,6.995322563223225,11940.0,89.513,68.208,65379.0,73038.55305933216,60039.527016390704,46700.68237929889,0.26803627407771496,0.3374485596707819
49740,"Yuma, AZ",2,5,31420,"Macon-Bibb County, GA",2,7.199471958163845,12528.0,88.528,58.916,59526.0,67239.74335803361,62706.12035379103,48554.66544686892,0.2700999257002899,0.3050847457627119
49740,"Yuma, AZ",2,6,25180,"Hagerstown-Martinsburg, MD-WV",4,7.2401992230543994,13908.0,94.171,75.737,78802.0,83679.6890762549,63970.349531323714,49201.47163897894,0.2702539647279858,0.2708333333333333
49740,"Yuma, AZ",2,7,45500,"Texarkana, TX-AR",2,7.274220194089023,11400.0,84.012,49.885,55646.0,66235.77584154645,62572.92591513569,49003.43584228894,0.25881687835164313,0.3648068669527897
49740,"Yuma, AZ",2,8,21340,"El Paso, TX",4,7.384604150743987,12948.0,89.912,71.248,59751.0,66454.97820090756,61103.52958467151,46702.782187216224,0.28833702992574883,0.2627118644067797
49740,"Yuma, AZ",2,9,11100,"Amarillo, TX",2,7.42183211405153,13032.0,91.82,78.38,69611.0,75812.45915922457,61035.46924106171,46842.48296356226,0.2803830781797324,0.2767857142857143
49740,"Yuma, AZ",2,10,47380,"Waco, TX",4,7.44524168318637,13812.0,92.55,83.531,66205.0,71534.30578065911,63271.5083520552,48347.68339257384,0.28515605049146603,0.2621082621082621
